"customer_id","last_buy","freq","monetary","recency_days","r","f","m","rfm_code","segment","churn_status","buyer_type"
"14646","2011-12-08","73","280206.02",24,5,5,5,"555","Champion","Active","Loyal"
"18102","2011-12-09","60","259657.30",23,5,5,5,"555","Champion","Active","Loyal"
"17450","2011-12-01","46","194550.79",31,5,5,5,"555","Champion","Active","Loyal"
"16446","2011-12-09","2","168472.50",23,5,3,5,"535","Developing","Active","Occasional"
"14911","2011-12-08","201","143825.06",24,5,5,5,"555","Champion","Active","Loyal"
"12415","2011-11-15","21","124914.53",47,4,5,5,"455","Loyal","Active","Loyal"
"14156","2011-11-30","55","117379.63",32,5,5,5,"555","Champion","Active","Loyal"
"17511","2011-12-07","31","91062.38",25,5,5,5,"555","Champion","Active","Loyal"
"16029","2011-11-01","63","81024.84",61,3,5,5,"355","Developing","Active","Loyal"
"12346","2011-01-18","1","77183.60",348,1,1,5,"115","Lost","Churned","One-Time"
"16684","2011-12-05","28","66653.56",27,5,5,5,"555","Champion","Active","Loyal"
"14096","2011-12-05","17","65164.79",27,5,5,5,"555","Champion","Active","Loyal"
"13694","2011-12-06","50","65039.62",26,5,5,5,"555","Champion","Active","Loyal"
"15311","2011-12-09","91","60767.90",23,5,5,5,"555","Champion","Active","Loyal"
"13089","2011-12-07","97","58825.83",25,5,5,5,"555","Champion","Active","Loyal"
"17949","2011-12-08","45","58510.48",24,5,5,5,"555","Champion","Active","Loyal"
"15769","2011-12-02","26","56252.72",30,5,5,5,"555","Champion","Active","Loyal"
"15061","2011-12-06","48","54534.14",26,5,5,5,"555","Champion","Active","Loyal"
"14298","2011-12-01","44","51527.30",31,5,5,5,"555","Champion","Active","Loyal"
"14088","2011-11-29","13","50491.81",33,5,5,5,"555","Champion","Active","Loyal"
"15749","2011-04-18","3","44534.30",258,1,3,5,"135","At Risk","Churned","Occasional"
"12931","2011-11-18","15","42055.96",44,4,5,5,"455","Loyal","Active","Loyal"
"17841","2011-12-08","124","40991.57",24,5,5,5,"555","Champion","Active","Loyal"
"15098","2011-06-10","3","39916.50",205,1,3,5,"135","At Risk","Churned","Occasional"
"13798","2011-12-08","57","37153.85",24,5,5,5,"555","Champion","Active","Loyal"
"16013","2011-12-06","47","37130.60",26,5,5,5,"555","Champion","Active","Loyal"
"16422","2011-11-22","51","34684.40",40,4,5,5,"455","Loyal","Active","Loyal"
"12748","2011-12-09","209","33719.73",23,5,5,5,"555","Champion","Active","Loyal"
"15838","2011-11-28","19","33643.08",34,5,5,5,"555","Champion","Active","Loyal"
"17404","2011-12-05","15","31906.82",27,5,5,5,"555","Champion","Active","Loyal"
"17389","2011-12-09","34","31833.68",23,5,5,5,"555","Champion","Active","Loyal"
"13098","2011-12-08","28","28882.44",24,5,5,5,"555","Champion","Active","Loyal"
"14680","2011-11-14","16","28754.11",48,4,5,5,"455","Loyal","Active","Loyal"
"13081","2011-11-28","11","28337.38",34,5,5,5,"555","Champion","Active","Loyal"
"13408","2011-12-08","62","28117.04",24,5,5,5,"555","Champion","Active","Loyal"
"17857","2011-12-05","23","26879.04",27,5,5,5,"555","Champion","Active","Loyal"
"16333","2011-12-02","22","26626.80",30,5,5,5,"555","Champion","Active","Loyal"
"13777","2011-12-09","33","25977.16",23,5,5,5,"555","Champion","Active","Loyal"
"12753","2011-11-17","6","21429.39",45,4,5,5,"455","Loyal","Active","Loyal"
"12744","2011-10-19","7","21279.29",74,3,5,5,"355","Developing","Active","Loyal"
"16210","2011-12-08","18","21086.30",24,5,5,5,"555","Champion","Active","Loyal"
"17675","2011-12-08","31","20374.28",24,5,5,5,"555","Champion","Active","Loyal"
"17381","2011-12-01","29","20275.61",31,5,5,5,"555","Champion","Active","Loyal"
"15039","2011-11-30","47","19914.44",32,5,5,5,"555","Champion","Active","Loyal"
"12471","2011-12-07","30","19824.05",25,5,5,5,"555","Champion","Active","Loyal"
"12731","2011-11-16","12","18895.91",46,4,5,5,"455","Loyal","Active","Loyal"
"15159","2011-12-08","30","18641.01",24,5,5,5,"555","Champion","Active","Loyal"
"12901","2011-12-01","28","17654.54",31,5,5,5,"555","Champion","Active","Loyal"
"12678","2011-10-28","12","17628.46",65,3,5,5,"355","Developing","Active","Loyal"
"14031","2011-12-02","19","17286.86",30,5,5,5,"555","Champion","Active","Loyal"
"17428","2011-12-09","28","17256.85",23,5,5,5,"555","Champion","Active","Loyal"
"13767","2011-12-07","37","17220.36",25,5,5,5,"555","Champion","Active","Loyal"
"13881","2011-12-06","20","17159.52",26,5,5,5,"555","Champion","Active","Loyal"
"16839","2011-12-01","34","16594.35",31,5,5,5,"555","Champion","Active","Loyal"
"12921","2011-11-30","37","16587.09",32,5,5,5,"555","Champion","Active","Loyal"
"14607","2011-11-24","14","16569.50",38,4,5,5,"455","Loyal","Active","Loyal"
"15856","2011-12-05","27","16387.57",27,5,5,5,"555","Champion","Active","Loyal"
"17677","2011-12-08","30","16363.23",24,5,5,5,"555","Champion","Active","Loyal"
"15189","2011-12-08","41","16225.39",24,5,5,5,"555","Champion","Active","Loyal"
"14051","2011-12-09","23","15610.39",23,5,5,5,"555","Champion","Active","Loyal"
"15513","2011-11-06","19","14758.22",56,3,5,5,"355","Developing","Active","Loyal"
"16133","2011-12-06","33","14589.04",26,5,5,5,"555","Champion","Active","Loyal"
"14866","2011-11-29","12","14389.90",33,5,5,5,"555","Champion","Active","Loyal"
"16705","2011-12-09","20","14034.99",23,5,5,5,"555","Champion","Active","Loyal"
"12681","2011-11-25","22","13787.54",37,4,5,5,"455","Loyal","Active","Loyal"
"12621","2011-12-08","20","13689.67",24,5,5,5,"555","Champion","Active","Loyal"
"12540","2011-11-20","17","13400.24",42,4,5,5,"455","Loyal","Active","Loyal"
"12433","2011-12-09","7","13375.87",23,5,5,5,"555","Champion","Active","Loyal"
"15498","2011-12-07","27","13316.40",25,5,5,5,"555","Champion","Active","Loyal"
"12477","2011-11-17","6","13219.74",45,4,4,5,"445","Loyal","Active","Loyal"
"17735","2011-12-07","19","13110.02",25,5,5,5,"555","Champion","Active","Loyal"
"16525","2011-12-07","26","13027.45",25,5,5,5,"555","Champion","Active","Loyal"
"14258","2011-11-30","9","12669.98",32,5,5,5,"555","Champion","Active","Loyal"
"13078","2011-12-06","26","12627.94",26,5,5,5,"555","Champion","Active","Loyal"
"12536","2011-10-27","3","12601.83",66,3,3,5,"335","Developing","Active","Occasional"
"15640","2011-12-05","15","12515.66",27,5,5,5,"555","Champion","Active","Loyal"
"16000","2011-12-07","3","12393.70",25,5,4,5,"545","Loyal","Active","Occasional"
"17340","2011-11-10","11","12353.29",52,4,5,5,"455","Loyal","Active","Loyal"
"12682","2011-12-06","31","12288.22",26,5,5,5,"555","Champion","Active","Loyal"
"13113","2011-12-09","24","12245.96",23,5,5,5,"555","Champion","Active","Loyal"
"14606","2011-12-08","93","12156.65",24,5,5,5,"555","Champion","Active","Loyal"
"12557","2011-11-23","5","11990.96",39,4,4,5,"445","Loyal","Active","Occasional"
"12939","2011-10-06","8","11581.80",87,3,5,5,"355","Developing","Active","Loyal"
"15125","2011-11-14","15","11528.48",48,4,5,5,"455","Loyal","Active","Loyal"
"14194","2011-12-05","21","11349.52",27,5,5,5,"555","Champion","Active","Loyal"
"12971","2011-12-06","86","11189.91",26,5,5,5,"555","Champion","Active","Loyal"
"14895","2011-12-02","20","11138.71",30,5,5,5,"555","Champion","Active","Loyal"
"12409","2011-09-22","3","11072.67",101,2,3,5,"235","At Risk","At Risk","Occasional"
"15482","2011-11-24","12","11054.96",38,4,5,5,"455","Loyal","Active","Loyal"
"17581","2011-12-09","25","11045.04",23,5,5,5,"555","Champion","Active","Loyal"
"13319","2011-12-04","26","10845.55",28,5,5,5,"555","Champion","Active","Loyal"
"17107","2011-11-06","6","10815.43",56,3,5,5,"355","Developing","Active","Loyal"
"13340","2011-10-25","7","10736.48",68,3,5,5,"355","Developing","Active","Loyal"
"14769","2011-12-07","8","10674.75",25,5,5,5,"555","Champion","Active","Loyal"
"17139","2011-11-24","12","10668.47",38,4,5,5,"455","Loyal","Active","Loyal"
"16779","2011-12-07","22","10629.72",25,5,5,5,"555","Champion","Active","Loyal"
"17865","2011-11-09","20","10526.32",53,4,5,5,"455","Loyal","Active","Loyal"
"17706","2011-12-05","17","10504.49",27,5,5,5,"555","Champion","Active","Loyal"
"15251","2011-11-30","11","10484.99",32,5,5,5,"555","Champion","Active","Loyal"
"14062","2011-11-30","12","10464.85",32,5,5,5,"555","Champion","Active","Loyal"
"15615","2011-11-29","23","10399.74",33,5,5,5,"555","Champion","Active","Loyal"
"15502","2011-11-24","12","10384.93",38,4,5,5,"455","Loyal","Active","Loyal"
"16180","2011-08-31","8","10254.18",123,2,5,5,"255","At Risk","At Risk","Loyal"
"16843","2011-10-28","16","10196.57",65,3,5,5,"355","Developing","Active","Loyal"
"12590","2011-05-12","2","9864.26",234,1,2,5,"125","Developing","Churned","Occasional"
"13001","2011-12-05","13","9818.82",27,5,5,5,"555","Champion","Active","Loyal"
"13199","2011-12-06","38","9817.12",26,5,5,5,"555","Champion","Active","Loyal"
"15078","2011-12-02","32","9743.11",30,5,5,5,"555","Champion","Active","Loyal"
"12709","2011-11-24","15","9736.52",38,4,5,5,"455","Loyal","Active","Loyal"
"13458","2011-12-02","14","9646.57",30,5,5,5,"555","Champion","Active","Loyal"
"14733","2011-11-23","12","9585.91",39,4,5,5,"455","Loyal","Active","Loyal"
"16523","2011-12-08","21","9418.47",24,5,5,5,"555","Champion","Active","Loyal"
"12567","2011-11-17","10","9401.28",45,4,5,5,"455","Loyal","Active","Loyal"
"14367","2011-12-01","16","9261.52",31,5,5,5,"555","Champion","Active","Loyal"
"14667","2011-11-29","25","9241.20",33,5,5,5,"555","Champion","Active","Loyal"
"18092","2011-12-07","11","9068.26",25,5,5,5,"555","Champion","Active","Loyal"
"13969","2011-12-02","18","9053.94",30,5,5,5,"555","Champion","Active","Loyal"
"12451","2011-11-29","5","9035.52",33,5,4,5,"545","Loyal","Active","Occasional"
"13488","2011-11-22","13","8968.31",40,4,5,5,"455","Loyal","Active","Loyal"
"13090","2011-12-01","14","8910.82",31,5,5,5,"555","Champion","Active","Loyal"
"16033","2011-12-04","20","8816.40",28,5,5,5,"555","Champion","Active","Loyal"
"17017","2011-12-07","20","8694.26",25,5,5,5,"555","Champion","Active","Loyal"
"17243","2011-12-08","26","8676.85",24,5,5,5,"555","Champion","Active","Loyal"
"17306","2011-11-29","19","8631.31",33,5,5,5,"555","Champion","Active","Loyal"
"16656","2011-11-17","15","8625.80",45,4,5,5,"455","Loyal","Active","Loyal"
"14527","2011-12-07","55","8508.82",25,5,5,5,"555","Champion","Active","Loyal"
"12683","2011-12-05","15","8476.57",27,5,5,5,"555","Champion","Active","Loyal"
"18139","2011-11-22","6","8438.34",40,4,5,5,"455","Loyal","Active","Loyal"
"15358","2011-12-05","22","8347.20",27,5,5,5,"555","Champion","Active","Loyal"
"16558","2011-12-09","20","8338.49",23,5,5,5,"555","Champion","Active","Loyal"
"14056","2011-12-08","23","8214.65",24,5,5,5,"555","Champion","Active","Loyal"
"14936","2011-11-06","8","8137.02",56,3,5,5,"355","Developing","Active","Loyal"
"16672","2011-12-07","20","8134.94",25,5,5,5,"555","Champion","Active","Loyal"
"13854","2011-12-01","25","8109.52",31,5,5,5,"555","Champion","Active","Loyal"
"14952","2011-10-11","11","8099.49",82,3,5,5,"355","Developing","Active","Loyal"
"18109","2011-12-08","26","8052.97",24,5,5,5,"555","Champion","Active","Loyal"
"14796","2011-12-08","17","8022.49",24,5,5,5,"555","Champion","Active","Loyal"
"12428","2011-11-14","9","7956.46",48,4,5,5,"455","Loyal","Active","Loyal"
"15290","2011-12-05","18","7943.22",27,5,5,5,"555","Champion","Active","Loyal"
"14849","2011-11-18","25","7930.54",44,4,5,5,"455","Loyal","Active","Loyal"
"12757","2011-11-24","13","7857.10",38,4,5,5,"455","Loyal","Active","Loyal"
"17811","2011-12-05","39","7837.73",27,5,5,5,"555","Champion","Active","Loyal"
"13093","2011-03-09","8","7832.47",298,1,5,5,"155","At Risk","Churned","Loyal"
"12435","2011-09-21","2","7829.89",102,2,2,5,"225","Developing","At Risk","Occasional"
"13629","2011-11-16","11","7792.36",46,4,5,5,"455","Loyal","Active","Loyal"
"15044","2011-11-20","17","7700.23",42,4,5,5,"455","Loyal","Active","Loyal"
"15194","2011-12-06","15","7616.53",26,5,5,5,"555","Champion","Active","Loyal"
"18172","2011-11-25","20","7561.68",37,4,5,5,"455","Loyal","Active","Loyal"
"13263","2011-12-08","35","7454.07",24,5,5,5,"555","Champion","Active","Loyal"
"12474","2011-11-22","18","7375.79",40,4,5,5,"455","Loyal","Active","Loyal"
"12980","2011-07-05","9","7374.90",180,2,5,5,"255","At Risk","At Risk","Loyal"
"15465","2011-11-20","18","7354.62",42,4,5,5,"455","Loyal","Active","Loyal"
"17396","2011-10-31","8","7330.80",62,3,5,5,"355","Developing","Active","Loyal"
"12583","2011-12-07","15","7281.38",25,5,5,5,"555","Champion","Active","Loyal"
"13018","2011-11-23","28","7277.70",39,4,5,5,"455","Loyal","Active","Loyal"
"18229","2011-11-28","20","7276.90",34,5,5,5,"555","Champion","Active","Loyal"
"16923","2011-11-27","19","7247.61",35,5,5,5,"555","Champion","Active","Loyal"
"16729","2011-11-01","21","7239.92",61,3,5,5,"355","Developing","Active","Loyal"
"16745","2011-09-14","17","7194.30",109,2,5,5,"255","At Risk","At Risk","Loyal"
"16873","2011-12-05","6","7123.62",27,5,5,5,"555","Champion","Active","Loyal"
"13324","2011-11-03","10","7121.95",59,3,5,5,"355","Developing","Active","Loyal"
"13985","2011-12-05","15","7060.13",27,5,5,5,"555","Champion","Active","Loyal"
"14961","2011-11-29","9","7044.68",33,5,5,5,"555","Champion","Active","Loyal"
"12766","2011-12-06","7","6989.63",26,5,5,5,"555","Champion","Active","Loyal"
"12798","2011-11-29","3","6977.04",33,5,3,5,"535","Developing","Active","Occasional"
"12989","2011-12-06","15","6924.11",26,5,5,5,"555","Champion","Active","Loyal"
"16713","2011-11-21","15","6923.13",41,4,5,5,"455","Loyal","Active","Loyal"
"13027","2011-08-18","6","6912.00",136,2,5,5,"255","At Risk","At Risk","Loyal"
"16187","2011-11-08","15","6911.44",54,4,5,5,"455","Loyal","Active","Loyal"
"17416","2011-11-10","7","6893.42",52,4,5,5,"455","Loyal","Active","Loyal"
"12705","2011-11-24","9","6868.29",38,4,5,5,"455","Loyal","Active","Loyal"
"12476","2011-11-24","11","6816.42",38,4,5,5,"455","Loyal","Active","Loyal"
"12830","2011-11-02","6","6814.64",60,3,5,5,"355","Developing","Active","Loyal"
"15023","2011-12-06","11","6802.76",26,5,5,5,"555","Champion","Active","Loyal"
"18055","2011-12-02","10","6784.19",30,5,5,5,"555","Champion","Active","Loyal"
"15601","2011-11-28","14","6776.56",34,5,5,5,"555","Champion","Active","Loyal"
"16652","2011-10-12","7","6773.97",81,3,5,5,"355","Developing","Active","Loyal"
"16532","2011-11-22","3","6748.80",40,4,4,5,"445","Loyal","Active","Occasional"
"13576","2011-11-29","18","6717.34",33,5,5,5,"555","Champion","Active","Loyal"
"16746","2011-12-05","18","6697.66",27,5,5,5,"555","Champion","Active","Loyal"
"15249","2011-11-08","13","6688.46",54,4,5,5,"455","Loyal","Active","Loyal"
"16353","2011-12-06","23","6675.71",26,5,5,5,"555","Champion","Active","Loyal"
"17338","2011-11-22","8","6643.93",40,4,5,5,"455","Loyal","Active","Loyal"
"12626","2011-11-16","9","6620.48",46,4,5,5,"455","Loyal","Active","Loyal"
"16182","2011-09-28","4","6617.65",95,2,4,5,"245","At Risk","At Risk","Occasional"
"15144","2011-12-01","17","6580.44",31,5,5,5,"555","Champion","Active","Loyal"
"12472","2011-11-07","7","6572.11",55,3,5,5,"355","Developing","Active","Loyal"
"16814","2011-11-25","21","6509.10",37,4,5,5,"455","Loyal","Active","Loyal"
"12431","2011-11-04","15","6487.45",58,3,5,5,"355","Developing","Active","Loyal"
"18223","2011-12-05","14","6484.54",27,5,5,5,"555","Champion","Active","Loyal"
"15694","2011-12-09","14","6479.40",23,5,5,5,"555","Champion","Active","Loyal"
"13225","2011-12-06","7","6463.84",26,5,5,5,"555","Champion","Active","Loyal"
"13102","2011-12-08","24","6424.09",24,5,5,5,"555","Champion","Active","Loyal"
"13871","2011-11-17","13","6403.25",45,4,5,5,"455","Loyal","Active","Loyal"
"12359","2011-10-13","4","6372.58",80,3,4,5,"345","Developing","Active","Occasional"
"13668","2011-12-07","21","6363.59",25,5,5,5,"555","Champion","Active","Loyal"
"13709","2011-12-06","13","6328.05",26,5,5,5,"555","Champion","Active","Loyal"
"15005","2011-11-24","28","6316.57",38,4,5,5,"455","Loyal","Active","Loyal"
"17315","2011-12-08","38","6292.26",24,5,5,5,"555","Champion","Active","Loyal"
"16126","2011-11-10","4","6287.77",52,4,4,5,"445","Loyal","Active","Occasional"
"14057","2011-11-16","17","6217.96",46,4,5,5,"455","Loyal","Active","Loyal"
"12357","2011-11-06","1","6207.67",56,3,1,5,"315","Potential","Active","One-Time"
"14060","2011-12-05","19","6140.42",27,5,5,5,"555","Champion","Active","Loyal"
"13418","2011-11-28","18","6127.43",34,5,5,5,"555","Champion","Active","Loyal"
"17509","2011-10-13","8","6115.14",80,3,5,5,"355","Developing","Active","Loyal"
"15939","2011-09-11","15","6115.01",112,2,5,5,"255","At Risk","At Risk","Loyal"
"14735","2011-12-06","32","6065.69",26,5,5,5,"555","Champion","Active","Loyal"
"12637","2011-10-03","8","6021.90",90,3,5,5,"355","Developing","Active","Loyal"
"13097","2011-11-07","10","6010.42",55,3,5,5,"355","Developing","Active","Loyal"
"13316","2011-11-02","4","5977.73",60,3,4,5,"345","Developing","Active","Occasional"
"14101","2011-09-27","6","5976.79",96,2,5,5,"255","At Risk","At Risk","Loyal"
"15382","2011-11-25","6","5955.71",37,4,5,5,"455","Loyal","Active","Loyal"
"14505","2011-11-22","8","5905.64",40,4,5,5,"455","Loyal","Active","Loyal"
"14415","2011-12-08","13","5900.28",24,5,5,5,"555","Champion","Active","Loyal"
"14944","2011-11-10","12","5900.25",52,4,5,5,"455","Loyal","Active","Loyal"
"13209","2011-11-09","8","5891.61",53,4,5,5,"455","Loyal","Active","Loyal"
"13534","2011-12-07","25","5870.08",25,5,5,5,"555","Champion","Active","Loyal"
"13050","2011-11-25","17","5836.86",37,4,5,5,"455","Loyal","Active","Loyal"
"12720","2011-12-07","25","5781.73",25,5,5,5,"555","Champion","Active","Loyal"
"15218","2011-11-29","11","5756.89",33,5,5,5,"555","Champion","Active","Loyal"
"17686","2011-12-02","7","5739.46",30,5,5,5,"555","Champion","Active","Loyal"
"13178","2011-11-13","11","5725.47",49,4,5,5,"455","Loyal","Active","Loyal"
"16553","2011-06-29","12","5719.82",186,2,5,5,"255","At Risk","Churned","Loyal"
"13468","2011-12-08","37","5704.97",24,5,5,5,"555","Champion","Active","Loyal"
"14110","2011-12-06","12","5683.15",26,5,5,5,"555","Champion","Active","Loyal"
"14049","2011-11-23","4","5681.72",39,4,4,5,"445","Loyal","Active","Occasional"
"17049","2011-12-07","9","5659.98",25,5,5,5,"555","Champion","Active","Loyal"
"17716","2011-11-17","11","5655.99",45,4,5,5,"455","Loyal","Active","Loyal"
"13004","2011-11-28","18","5655.91",34,5,5,5,"555","Champion","Active","Loyal"
"18118","2011-11-29","26","5653.82",33,5,5,5,"555","Champion","Active","Loyal"
"14688","2011-12-02","21","5630.87",30,5,5,5,"555","Champion","Active","Loyal"
"17757","2011-12-08","30","5605.29",24,5,5,5,"555","Champion","Active","Loyal"
"12481","2011-11-17","10","5596.32",45,4,5,5,"455","Loyal","Active","Loyal"
"12839","2011-12-07","14","5591.42",25,5,5,5,"555","Champion","Active","Loyal"
"16767","2011-11-09","11","5580.60",53,4,5,5,"455","Loyal","Active","Loyal"
"16161","2011-12-08","19","5575.56",24,5,5,5,"555","Champion","Active","Loyal"
"12539","2011-11-17","4","5568.35",45,4,4,5,"445","Loyal","Active","Occasional"
"15805","2011-11-16","17","5528.48",46,4,5,5,"455","Loyal","Active","Loyal"
"18225","2011-12-06","12","5509.12",26,5,5,5,"555","Champion","Active","Loyal"
"16609","2011-11-24","7","5493.46",38,4,5,5,"455","Loyal","Active","Loyal"
"16985","2011-11-22","10","5464.12",40,4,5,5,"455","Loyal","Active","Loyal"
"16265","2011-11-30","9","5447.00",32,5,5,5,"555","Champion","Active","Loyal"
"18198","2011-12-05","17","5425.56",27,5,5,5,"555","Champion","Active","Loyal"
"12490","2011-12-04","10","5417.93",28,5,5,5,"555","Champion","Active","Loyal"
"17809","2011-11-23","12","5411.91",39,4,5,5,"455","Loyal","Active","Loyal"
"16701","2011-12-01","13","5398.30",31,5,5,5,"555","Champion","Active","Loyal"
"17719","2011-11-02","15","5396.04",60,3,5,5,"355","Developing","Active","Loyal"
"17850","2010-12-02","34","5391.21",395,1,5,5,"155","At Risk","Churned","Loyal"
"16303","2011-11-14","3","5360.63",48,4,4,5,"445","Loyal","Active","Occasional"
"13269","2011-12-08","15","5346.23",24,5,5,5,"555","Champion","Active","Loyal"
"15150","2011-11-22","10","5314.47",40,4,5,5,"455","Loyal","Active","Loyal"
"17730","2011-12-06","13","5298.48",26,5,5,5,"555","Champion","Active","Loyal"
"17061","2011-09-27","11","5232.23",96,2,5,5,"255","At Risk","At Risk","Loyal"
"18226","2011-10-26","11","5228.05",67,3,5,5,"355","Developing","Active","Loyal"
"12362","2011-12-06","10","5226.23",26,5,5,5,"555","Champion","Active","Loyal"
"15046","2011-11-30","15","5213.77",32,5,5,5,"555","Champion","Active","Loyal"
"16258","2011-10-25","5","5203.51",68,3,4,5,"345","Developing","Active","Occasional"
"13756","2011-12-07","14","5189.52",25,5,5,5,"555","Champion","Active","Loyal"
"16191","2011-12-07","13","5180.52",25,5,5,5,"555","Champion","Active","Loyal"
"15727","2011-11-23","7","5178.96",39,4,5,5,"455","Loyal","Active","Loyal"
"17858","2011-12-04","12","5155.66",28,5,5,5,"555","Champion","Active","Loyal"
"13599","2011-12-08","21","5153.67",24,5,5,5,"555","Champion","Active","Loyal"
"15903","2011-11-30","7","5126.76",32,5,5,5,"555","Champion","Active","Loyal"
"13941","2011-11-18","5","5112.96",44,4,4,5,"445","Loyal","Active","Occasional"
"17602","2011-12-07","6","5102.97",25,5,5,5,"555","Champion","Active","Loyal"
"16700","2011-12-01","13","5076.55",31,5,5,5,"555","Champion","Active","Loyal"
"14562","2011-12-06","18","5074.77",26,5,5,5,"555","Champion","Active","Loyal"
"15301","2011-10-20","12","5070.35",73,3,5,5,"355","Developing","Active","Loyal"
"13139","2011-11-23","7","5064.94",39,4,5,5,"455","Loyal","Active","Loyal"
"12432","2011-10-28","5","5059.32",65,3,4,5,"345","Developing","Active","Occasional"
"15719","2011-11-07","13","5045.61",55,4,5,5,"455","Loyal","Active","Loyal"
"17426","2011-12-01","6","5037.26",31,5,5,5,"555","Champion","Active","Loyal"
"14329","2011-11-22","7","5014.84",40,4,5,5,"455","Loyal","Active","Loyal"
"14755","2011-11-30","11","5010.28",32,5,5,5,"555","Champion","Active","Loyal"
"12444","2011-11-18","5","5005.46",44,4,4,5,"445","Loyal","Active","Occasional"
"15032","2011-03-28","3","4959.10",279,1,3,5,"135","At Risk","Churned","Occasional"
"15547","2011-12-02","14","4954.84",30,5,5,5,"555","Champion","Active","Loyal"
"12437","2011-12-08","18","4951.41",24,5,5,5,"555","Champion","Active","Loyal"
"12700","2011-12-02","4","4939.99",30,5,4,5,"545","Loyal","Active","Occasional"
"15786","2011-10-24","3","4932.20",69,3,4,5,"345","Developing","Active","Occasional"
"14709","2011-11-24","13","4921.04",38,4,5,5,"455","Loyal","Active","Loyal"
"17133","2011-11-24","7","4892.24",38,4,5,5,"455","Loyal","Active","Loyal"
"12664","2011-12-01","9","4881.88",31,5,5,5,"555","Champion","Active","Loyal"
"12688","2011-08-18","1","4873.81",136,2,1,5,"215","Developing","At Risk","One-Time"
"14292","2011-12-02","9","4871.93",30,5,5,5,"555","Champion","Active","Loyal"
"17652","2011-11-14","12","4867.72",48,4,5,5,"455","Loyal","Active","Loyal"
"15738","2011-11-21","16","4812.42",41,4,5,5,"455","Loyal","Active","Loyal"
"13013","2011-12-08","13","4810.94",24,5,5,5,"555","Champion","Active","Loyal"
"15555","2011-11-27","16","4805.17",35,5,5,5,"555","Champion","Active","Loyal"
"17365","2011-11-27","8","4801.56",35,5,5,5,"555","Champion","Active","Loyal"
"15298","2011-12-07","12","4799.90",25,5,5,5,"555","Champion","Active","Loyal"
"15187","2011-12-08","16","4777.18",24,5,5,5,"555","Champion","Active","Loyal"
"17690","2011-11-09","15","4757.95",53,4,5,5,"455","Loyal","Active","Loyal"
"12955","2011-12-08","11","4757.16",24,5,5,5,"555","Champion","Active","Loyal"
"14180","2011-11-29","25","4748.52",33,5,5,5,"555","Champion","Active","Loyal"
"15152","2011-11-30","13","4745.69",32,5,5,5,"555","Champion","Active","Loyal"
"16722","2011-11-22","13","4730.81",40,4,5,5,"455","Loyal","Active","Loyal"
"12714","2011-11-30","5","4708.86",32,5,4,5,"545","Loyal","Active","Occasional"
"14159","2011-11-20","11","4693.01",42,4,5,5,"455","Loyal","Active","Loyal"
"14135","2011-12-08","15","4690.31",24,5,5,5,"555","Champion","Active","Loyal"
"14191","2011-12-08","13","4684.76",24,5,5,5,"555","Champion","Active","Loyal"
"15291","2011-11-14","15","4668.30",48,4,5,5,"455","Loyal","Active","Loyal"
"14189","2011-12-07","15","4654.08",25,5,5,5,"555","Champion","Active","Loyal"
"14390","2011-11-29","9","4652.82",33,5,5,5,"555","Champion","Active","Loyal"
"14286","2011-11-16","3","4628.75",46,4,3,5,"435","Developing","Active","Occasional"
"16931","2011-12-04","21","4604.22",28,5,5,5,"555","Champion","Active","Loyal"
"13802","2011-07-24","3","4599.42",161,2,3,5,"235","At Risk","At Risk","Occasional"
"15093","2011-11-21","6","4597.02",41,4,5,5,"455","Loyal","Active","Loyal"
"14004","2011-10-27","7","4582.64",66,3,5,5,"355","Developing","Active","Loyal"
"17613","2011-11-17","14","4559.15",45,4,5,5,"455","Loyal","Active","Loyal"
"17068","2011-11-27","21","4552.14",35,5,5,5,"555","Champion","Active","Loyal"
"12484","2011-11-07","6","4541.72",55,3,4,5,"345","Developing","Active","Loyal"
"13267","2011-12-07","19","4521.49",25,5,5,5,"555","Champion","Active","Loyal"
"15299","2011-10-03","7","4507.01",90,3,5,5,"355","Developing","Active","Loyal"
"17975","2011-11-24","13","4488.81",38,4,5,5,"455","Loyal","Active","Loyal"
"12524","2011-11-30","8","4485.72",32,5,5,5,"555","Champion","Active","Loyal"
"14426","2011-11-16","10","4481.67",46,4,5,5,"455","Loyal","Active","Loyal"
"16984","2011-09-12","2","4481.35",111,2,3,5,"235","At Risk","At Risk","Occasional"
"17364","2011-12-09","11","4481.18",23,5,5,5,"555","Champion","Active","Loyal"
"12627","2011-11-29","7","4478.53",33,5,5,5,"555","Champion","Active","Loyal"
"14085","2011-12-07","18","4448.54",25,5,5,5,"555","Champion","Active","Loyal"
"14534","2011-12-07","18","4447.05",25,5,5,5,"555","Champion","Active","Loyal"
"13069","2011-12-09","24","4436.12",23,5,5,5,"555","Champion","Active","Loyal"
"15955","2011-11-15","14","4416.26",47,4,5,5,"455","Loyal","Active","Loyal"
"16626","2011-12-09","17","4413.10",23,5,5,5,"555","Champion","Active","Loyal"
"15874","2011-10-07","7","4405.88",86,3,5,5,"355","Developing","Active","Loyal"
"12712","2011-11-11","13","4396.13",51,4,5,5,"455","Loyal","Active","Loyal"
"13505","2011-09-28","4","4393.63",95,2,4,5,"245","At Risk","At Risk","Occasional"
"12752","2011-09-19","1","4366.78",104,2,1,5,"215","Developing","At Risk","One-Time"
"16945","2011-11-18","19","4345.50",44,4,5,5,"455","Loyal","Active","Loyal"
"14016","2011-07-01","4","4341.21",184,2,4,5,"245","At Risk","Churned","Occasional"
"14800","2011-10-23","12","4339.74",70,3,5,5,"355","Developing","Active","Loyal"
"14525","2011-11-20","9","4332.20",42,4,5,5,"455","Loyal","Active","Loyal"
"17567","2011-12-02","8","4331.48",30,5,5,5,"555","Champion","Active","Loyal"
"18251","2011-09-13","1","4314.72",110,2,2,5,"225","Developing","At Risk","One-Time"
"12347","2011-12-07","7","4310.00",25,5,5,5,"555","Champion","Active","Loyal"
"15034","2011-11-24","8","4308.61",38,4,5,5,"455","Loyal","Active","Loyal"
"17937","2011-12-01","7","4301.22",31,5,5,5,"555","Champion","Active","Loyal"
"14422","2011-12-09","6","4263.64",23,5,5,5,"555","Champion","Active","Loyal"
"12500","2011-11-16","11","4257.82",46,4,5,5,"455","Loyal","Active","Loyal"
"17419","2011-11-28","12","4226.57",34,5,5,5,"555","Champion","Active","Loyal"
"14277","2011-11-24","3","4216.20",38,4,3,5,"435","Developing","Active","Occasional"
"15804","2011-12-09","13","4206.39",23,5,5,5,"555","Champion","Active","Loyal"
"17920","2011-12-05","17","4204.10",27,5,5,5,"555","Champion","Active","Loyal"
"15971","2011-11-22","12","4199.85",40,4,5,5,"455","Loyal","Active","Loyal"
"12747","2011-12-07","11","4196.01",25,5,5,5,"555","Champion","Active","Loyal"
"14146","2011-12-01","5","4191.00",31,5,4,5,"545","Loyal","Active","Occasional"
"18041","2011-11-28","21","4183.39",34,5,5,5,"555","Champion","Active","Loyal"
"12949","2011-11-09","8","4167.22",53,4,5,5,"455","Loyal","Active","Loyal"
"15570","2011-12-02","12","4165.52",30,5,5,5,"555","Champion","Active","Loyal"
"16549","2011-11-29","10","4154.64",33,5,5,5,"555","Champion","Active","Loyal"
"13384","2011-11-09","7","4151.93",53,4,5,5,"455","Loyal","Active","Loyal"
"13555","2011-09-27","4","4149.28",96,2,4,5,"245","At Risk","At Risk","Occasional"
"13988","2011-11-20","6","4147.96",42,4,5,5,"455","Loyal","Active","Loyal"
"15514","2011-11-27","11","4139.46",35,5,5,5,"555","Champion","Active","Loyal"
"12569","2011-12-07","32","4124.69",25,5,5,5,"555","Champion","Active","Loyal"
"16592","2011-12-05","16","4113.68",27,5,5,5,"555","Champion","Active","Loyal"
"17940","2011-10-21","10","4106.44",72,3,5,5,"355","Developing","Active","Loyal"
"17377","2011-11-16","20","4100.92",46,4,5,5,"455","Loyal","Active","Loyal"
"16401","2011-12-08","12","4098.32",24,5,5,5,"555","Champion","Active","Loyal"
"16670","2011-11-23","11","4095.90",39,4,5,5,"455","Loyal","Active","Loyal"
"12749","2011-12-06","5","4090.88",26,5,4,5,"545","Loyal","Active","Occasional"
"14092","2011-12-02","14","4076.91",30,5,5,5,"555","Champion","Active","Loyal"
"12449","2011-11-17","4","4067.29",45,4,4,5,"445","Loyal","Active","Occasional"
"18087","2011-09-02","2","4055.72",121,2,3,5,"235","At Risk","At Risk","Occasional"
"14401","2011-12-05","13","4051.48",27,5,5,5,"555","Champion","Active","Loyal"
"12656","2011-11-22","5","4051.17",40,4,4,5,"445","Loyal","Active","Occasional"
"12867","2011-11-13","7","4036.82",49,4,5,5,"455","Loyal","Active","Loyal"
"13815","2011-11-17","4","4027.36",45,4,4,5,"445","Loyal","Active","Occasional"
"12841","2011-12-05","25","4022.35",27,5,5,5,"555","Champion","Active","Loyal"
"12957","2011-11-30","8","4017.54",32,5,5,5,"555","Champion","Active","Loyal"
"12378","2011-08-02","1","4008.62",152,2,1,5,"215","Developing","At Risk","One-Time"
"14547","2011-12-06","8","4007.54",26,5,5,5,"555","Champion","Active","Loyal"
"16186","2011-11-17","12","4006.94",45,4,5,5,"455","Loyal","Active","Loyal"
"17769","2011-11-27","10","3997.98",35,5,5,5,"555","Champion","Active","Loyal"
"15529","2011-11-17","11","3995.23",45,4,5,5,"455","Loyal","Active","Loyal"
"17001","2011-12-09","11","3989.57",23,5,5,5,"555","Champion","Active","Loyal"
"15416","2011-10-06","4","3984.32",87,3,4,5,"345","Developing","Active","Occasional"
"17611","2011-12-02","15","3984.22",30,5,5,5,"555","Champion","Active","Loyal"
"12779","2011-11-02","8","3981.36",60,3,5,5,"355","Developing","Active","Loyal"
"12727","2011-11-29","7","3980.70",33,5,5,5,"555","Champion","Active","Loyal"
"14299","2011-12-01","9","3965.62",31,5,5,5,"555","Champion","Active","Loyal"
"13523","2011-11-06","5","3964.88",56,3,4,5,"345","Developing","Active","Occasional"
"13183","2011-12-02","9","3957.78",30,5,5,5,"555","Champion","Active","Loyal"
"17651","2011-11-28","10","3945.00",34,5,5,5,"555","Champion","Active","Loyal"
"12473","2011-11-10","5","3938.55",52,4,4,5,"445","Loyal","Active","Occasional"
"17593","2011-12-06","5","3927.34",26,5,4,5,"545","Loyal","Active","Occasional"
"14739","2011-12-05","7","3902.28",27,5,5,5,"555","Champion","Active","Loyal"
"13999","2011-11-29","12","3901.81",33,5,5,5,"555","Champion","Active","Loyal"
"14291","2011-12-08","11","3883.25",24,5,5,5,"555","Champion","Active","Loyal"
"18073","2011-08-17","12","3877.52",137,2,5,5,"255","At Risk","At Risk","Loyal"
"13124","2011-09-11","3","3866.33",112,2,3,5,"235","At Risk","At Risk","Occasional"
"15195","2011-12-07","1","3861.00",25,5,1,5,"515","Potential","Active","One-Time"
"16717","2011-11-16","6","3858.38",46,4,5,5,"455","Loyal","Active","Loyal"
"12662","2011-12-09","11","3849.78",23,5,5,5,"555","Champion","Active","Loyal"
"16327","2011-11-25","6","3844.22",37,4,5,5,"455","Loyal","Active","Loyal"
"13266","2011-11-28","12","3834.26",34,5,5,5,"555","Champion","Active","Loyal"
"17091","2011-12-07","9","3827.76",25,5,5,5,"555","Champion","Active","Loyal"
"15867","2011-12-04","15","3812.64",28,5,5,5,"555","Champion","Active","Loyal"
"12755","2011-03-04","2","3811.95",303,1,2,5,"125","Developing","Churned","Occasional"
"12597","2011-11-20","4","3811.22",42,4,4,5,"445","Loyal","Active","Occasional"
"13435","2011-12-04","7","3809.89",28,5,5,5,"555","Champion","Active","Loyal"
"12668","2011-11-28","4","3807.15",34,5,4,5,"545","Loyal","Active","Occasional"
"16145","2011-12-01","11","3799.49",31,5,5,5,"555","Champion","Active","Loyal"
"16655","2011-11-22","6","3794.52",40,4,5,5,"455","Loyal","Active","Loyal"
"16168","2011-11-29","27","3787.60",33,5,5,5,"555","Champion","Active","Loyal"
"16019","2011-10-24","9","3786.24",69,3,5,5,"355","Developing","Active","Loyal"
"12562","2011-12-01","7","3781.74",31,5,5,5,"555","Champion","Active","Loyal"
"17173","2011-12-04","8","3766.60",28,5,5,5,"555","Champion","Active","Loyal"
"16904","2011-12-05","16","3754.27",27,5,5,5,"555","Champion","Active","Loyal"
"12429","2011-11-30","4","3750.40",32,5,4,5,"545","Loyal","Active","Occasional"
"17238","2011-12-07","17","3744.65",25,5,5,5,"555","Champion","Active","Loyal"
"14145","2011-10-24","4","3742.20",69,3,4,5,"345","Developing","Active","Occasional"
"13552","2011-10-04","12","3740.07",89,3,5,5,"355","Developing","Active","Loyal"
"16570","2011-11-24","10","3738.40",38,4,5,5,"455","Loyal","Active","Loyal"
"15808","2011-02-06","4","3734.97",329,1,4,5,"145","At Risk","Churned","Occasional"
"14282","2011-12-06","15","3729.34",26,5,5,5,"555","Champion","Active","Loyal"
"12502","2011-09-05","5","3723.87",118,2,4,5,"245","At Risk","At Risk","Occasional"
"12647","2011-11-17","12","3722.82",45,4,5,5,"455","Loyal","Active","Loyal"
"13680","2011-12-08","4","3722.42",24,5,4,5,"545","Loyal","Active","Occasional"
"16240","2011-11-15","2","3718.80",47,4,3,5,"435","Developing","Active","Occasional"
"14364","2011-08-23","8","3717.35",131,2,5,5,"255","At Risk","At Risk","Loyal"
"15845","2011-11-22","8","3711.77",40,4,5,5,"455","Loyal","Active","Loyal"
"15622","2011-10-27","9","3709.56",66,3,5,5,"355","Developing","Active","Loyal"
"13148","2011-11-10","12","3707.12",52,4,5,5,"455","Loyal","Active","Loyal"
"17819","2011-09-29","7","3704.87",94,3,5,5,"355","Developing","At Risk","Loyal"
"15379","2011-06-23","7","3703.29",192,2,5,5,"255","At Risk","Churned","Loyal"
"12553","2011-12-01","10","3692.28",31,5,5,5,"555","Champion","Active","Loyal"
"16253","2011-10-04","2","3683.86",89,3,3,5,"335","Developing","Active","Occasional"
"15581","2011-08-11","13","3679.97",143,2,5,5,"255","At Risk","At Risk","Loyal"
"15296","2011-10-20","6","3672.86",73,3,5,5,"355","Developing","Active","Loyal"
"18079","2011-10-25","4","3651.97",68,3,4,5,"345","Developing","Active","Occasional"
"13137","2011-11-29","8","3650.41",33,5,5,5,"555","Champion","Active","Loyal"
"12417","2011-12-06","9","3649.10",26,5,5,5,"555","Champion","Active","Loyal"
"16712","2011-11-30","11","3645.43",32,5,5,5,"555","Champion","Active","Loyal"
"13426","2011-12-09","10","3641.32",23,5,5,5,"555","Champion","Active","Loyal"
"12619","2011-11-23","9","3641.24",39,4,5,5,"455","Loyal","Active","Loyal"
"16440","2011-12-02","5","3640.67",30,5,4,5,"545","Loyal","Active","Occasional"
"13381","2011-11-08","6","3639.31",54,4,5,5,"455","Loyal","Active","Loyal"
"17230","2011-03-20","8","3638.41",287,1,5,5,"155","At Risk","Churned","Loyal"
"14543","2011-11-11","16","3630.33",51,4,5,5,"455","Loyal","Active","Loyal"
"17528","2011-12-08","8","3628.50",24,5,5,5,"555","Champion","Active","Loyal"
"13327","2011-11-01","8","3627.77",61,3,5,5,"355","Developing","Active","Loyal"
"13520","2011-10-12","6","3624.35",81,3,5,5,"355","Developing","Active","Loyal"
"17576","2011-12-01","19","3622.68",31,5,5,5,"555","Champion","Active","Loyal"
"14040","2011-10-30","12","3614.92",63,3,5,5,"355","Developing","Active","Loyal"
"13082","2011-08-05","9","3613.63",149,2,5,5,"255","At Risk","At Risk","Loyal"
"15505","2011-10-18","5","3610.96",75,3,4,5,"345","Developing","Active","Occasional"
"15113","2011-11-30","3","3609.33",32,5,3,5,"535","Developing","Active","Occasional"
"16242","2011-12-01","7","3603.21",31,5,5,5,"555","Champion","Active","Loyal"
"15484","2011-12-08","4","3594.31",24,5,4,5,"545","Loyal","Active","Occasional"
"14132","2011-12-07","11","3586.03",25,5,5,5,"555","Champion","Active","Loyal"
"17203","2011-11-04","6","3563.85",58,3,5,5,"355","Developing","Active","Loyal"
"17491","2011-12-08","10","3558.87",24,5,5,5,"555","Champion","Active","Loyal"
"15544","2011-11-30","9","3546.71",32,5,5,5,"555","Champion","Active","Loyal"
"12370","2011-10-19","4","3545.69",74,3,4,5,"345","Developing","Active","Occasional"
"14503","2011-12-06","6","3543.26",26,5,5,5,"555","Champion","Active","Loyal"
"13448","2011-11-23","6","3539.37",39,4,5,5,"455","Loyal","Active","Loyal"
"13334","2011-09-18","3","3536.82",105,2,3,5,"235","At Risk","At Risk","Occasional"
"12454","2011-10-14","1","3528.34",79,3,1,5,"315","Potential","Active","One-Time"
"17160","2011-11-08","6","3518.03",54,4,5,5,"455","Loyal","Active","Loyal"
"13953","2011-12-02","7","3515.68",30,5,5,5,"555","Champion","Active","Loyal"
"16360","2011-12-05","6","3512.53",27,5,5,5,"555","Champion","Active","Loyal"
"14395","2011-12-07","9","3507.71",25,5,5,5,"555","Champion","Active","Loyal"
"16131","2011-10-19","6","3506.54",74,3,5,5,"355","Developing","Active","Loyal"
"14907","2011-12-06","7","3501.10",26,5,5,5,"555","Champion","Active","Loyal"
"16458","2011-12-07","18","3482.74",25,5,5,5,"555","Champion","Active","Loyal"
"13993","2011-10-28","9","3466.36",65,3,5,5,"355","Developing","Active","Loyal"
"13014","2011-11-29","10","3466.28",33,5,5,5,"555","Champion","Active","Loyal"
"17758","2011-11-20","8","3456.70",42,4,5,5,"455","Loyal","Active","Loyal"
"15410","2011-09-16","8","3450.84",107,2,5,5,"255","At Risk","At Risk","Loyal"
"13536","2011-12-08","7","3448.29",24,5,5,5,"555","Champion","Active","Loyal"
"15129","2011-10-20","11","3447.40",73,3,5,5,"355","Developing","Active","Loyal"
"15974","2011-10-31","7","3442.15",62,3,5,5,"355","Developing","Active","Loyal"
"17725","2011-11-23","11","3439.08",39,4,5,5,"455","Loyal","Active","Loyal"
"15676","2011-11-21","3","3435.76",41,4,3,5,"435","Developing","Active","Occasional"
"14221","2011-10-28","9","3432.80",65,3,5,5,"355","Developing","Active","Loyal"
"12406","2011-11-17","2","3415.30",45,4,2,5,"425","Potential","Active","Occasional"
"15981","2011-11-15","8","3408.48",47,4,5,5,"455","Loyal","Active","Loyal"
"13437","2011-11-25","7","3408.06",37,4,5,5,"455","Loyal","Active","Loyal"
"17669","2011-10-28","7","3406.72",65,3,5,5,"355","Developing","Active","Loyal"
"13198","2011-11-29","6","3401.24",33,5,5,5,"555","Champion","Active","Loyal"
"15228","2011-10-04","4","3386.71",89,3,4,5,"345","Developing","Active","Occasional"
"13842","2011-10-12","9","3385.62",81,3,5,5,"355","Developing","Active","Loyal"
"15708","2011-10-30","7","3364.24",63,3,5,5,"355","Developing","Active","Loyal"
"16011","2011-12-01","16","3362.71",31,5,5,5,"555","Champion","Active","Loyal"
"14227","2011-11-13","10","3350.96",49,4,5,5,"455","Loyal","Active","Loyal"
"16818","2011-11-29","11","3349.57",33,5,5,5,"555","Champion","Active","Loyal"
"16607","2011-11-22","14","3347.71",40,4,5,5,"455","Loyal","Active","Loyal"
"17183","2011-12-02","6","3347.31",30,5,5,5,"555","Champion","Active","Loyal"
"13015","2011-10-17","5","3346.28",76,3,4,5,"345","Developing","Active","Occasional"
"12643","2011-08-03","6","3344.64",151,2,5,5,"255","At Risk","At Risk","Loyal"
"12613","2011-10-13","5","3344.38",80,3,4,5,"345","Developing","Active","Occasional"
"12594","2011-11-02","10","3338.22",60,3,5,5,"355","Developing","Active","Loyal"
"16556","2011-10-04","7","3313.79",89,3,5,5,"355","Developing","Active","Loyal"
"13373","2011-10-10","3","3312.25",83,3,3,5,"335","Developing","Active","Occasional"
"14841","2011-10-17","6","3295.76",76,3,5,5,"355","Developing","Active","Loyal"
"14702","2011-12-08","17","3292.14",24,5,5,5,"555","Champion","Active","Loyal"
"15632","2011-11-24","8","3285.31",38,4,5,5,"455","Loyal","Active","Loyal"
"12480","2011-11-11","4","3281.63",51,4,4,5,"445","Loyal","Active","Occasional"
"15764","2011-09-12","6","3279.97",111,2,5,5,"255","At Risk","At Risk","Loyal"
"17723","2011-08-04","6","3276.40",150,2,5,5,"255","At Risk","At Risk","Loyal"
"13952","2011-05-06","2","3251.07",240,1,2,5,"125","Developing","Churned","Occasional"
"13047","2011-11-08","10","3237.54",54,4,5,5,"455","Loyal","Active","Loyal"
"15443","2011-12-08","7","3236.91",24,5,5,5,"555","Champion","Active","Loyal"
"17050","2011-09-04","6","3228.84",119,2,5,5,"255","At Risk","At Risk","Loyal"
"14175","2011-10-11","3","3222.30",82,3,3,5,"335","Developing","Active","Occasional"
"13880","2011-11-18","13","3219.77",44,4,5,5,"455","Loyal","Active","Loyal"
"13268","2011-11-22","11","3214.69",40,4,5,5,"455","Loyal","Active","Loyal"
"14388","2011-11-29","8","3212.84",33,5,5,5,"555","Champion","Active","Loyal"
"16107","2011-11-22","7","3204.16",40,4,5,5,"455","Loyal","Active","Loyal"
"17220","2011-11-15","14","3198.25",47,4,5,5,"455","Loyal","Active","Loyal"
"13868","2011-12-02","2","3192.54",30,5,2,5,"525","Potential","Active","Occasional"
"17685","2011-11-23","7","3191.53",39,4,5,5,"455","Loyal","Active","Loyal"
"13758","2011-11-28","7","3190.55",34,5,5,5,"555","Champion","Active","Loyal"
"14844","2011-10-07","4","3189.81",86,3,4,5,"345","Developing","Active","Occasional"
"12456","2011-10-26","3","3181.04",67,3,3,5,"335","Developing","Active","Occasional"
"17672","2011-10-20","2","3178.17",73,3,3,5,"335","Developing","Active","Occasional"
"17231","2011-11-27","10","3174.32",35,5,5,5,"555","Champion","Active","Loyal"
"16837","2011-11-08","11","3170.98",54,4,5,5,"455","Loyal","Active","Loyal"
"16041","2011-11-09","3","3166.40",53,4,4,5,"445","Loyal","Active","Occasional"
"15861","2011-11-27","8","3165.36",35,5,5,5,"555","Champion","Active","Loyal"
"17863","2011-10-11","6","3160.00",82,3,5,5,"355","Developing","Active","Loyal"
"15065","2011-11-02","4","3158.13",60,3,4,5,"345","Developing","Active","Occasional"
"14235","2011-09-25","5","3144.86",98,2,4,5,"245","At Risk","At Risk","Occasional"
"13742","2011-11-23","12","3131.02",39,4,5,5,"455","Loyal","Active","Loyal"
"16156","2011-12-01","9","3122.04",31,5,5,5,"555","Champion","Active","Loyal"
"13685","2011-12-07","7","3119.44",25,5,5,5,"555","Champion","Active","Loyal"
"16326","2011-12-04","14","3110.96",28,5,5,5,"555","Champion","Active","Loyal"
"16678","2011-12-07","12","3109.99",25,5,5,5,"555","Champion","Active","Loyal"
"13869","2011-08-08","4","3104.95",146,2,4,5,"245","At Risk","At Risk","Occasional"
"14099","2011-11-23","11","3104.17",39,4,5,5,"455","Loyal","Active","Loyal"
"16905","2011-12-04","7","3102.43",28,5,5,5,"555","Champion","Active","Loyal"
"15491","2011-09-05","6","3100.09",118,2,5,5,"255","At Risk","At Risk","Loyal"
"14257","2011-10-06","5","3099.72",87,3,4,5,"345","Developing","Active","Occasional"
"14565","2011-09-05","4","3099.12",118,2,4,5,"245","At Risk","At Risk","Occasional"
"13135","2011-05-27","1","3096.00",219,1,1,5,"115","Lost","Churned","One-Time"
"17059","2011-11-10","5","3095.04",52,4,4,5,"445","Loyal","Active","Occasional"
"13362","2011-11-30","4","3090.74",32,5,4,5,"545","Loyal","Active","Occasional"
"15998","2011-11-03","5","3089.97",59,3,4,5,"345","Developing","Active","Occasional"
"16218","2011-11-10","7","3084.68",52,4,5,5,"455","Loyal","Active","Loyal"
"18272","2011-12-07","6","3078.58",25,5,5,5,"555","Champion","Active","Loyal"
"12910","2011-11-16","8","3075.04",46,4,5,5,"455","Loyal","Active","Loyal"
"13631","2011-09-01","11","3070.42",122,2,5,5,"255","At Risk","At Risk","Loyal"
"16686","2011-10-23","7","3062.83",70,3,5,5,"355","Developing","Active","Loyal"
"14456","2011-12-04","9","3062.40",28,5,5,5,"555","Champion","Active","Loyal"
"17799","2011-11-17","10","3055.93",45,4,5,5,"455","Loyal","Active","Loyal"
"16940","2011-10-18","3","3049.88",75,3,4,5,"345","Developing","Active","Occasional"
"16393","2011-12-07","13","3046.21",25,5,5,5,"555","Champion","Active","Loyal"
"16709","2011-09-16","5","3029.87",107,2,4,5,"245","At Risk","At Risk","Occasional"
"12598","2011-11-30","8","3023.08",32,5,5,5,"555","Champion","Active","Loyal"
"12395","2011-11-20","12","3018.63",42,4,5,5,"455","Loyal","Active","Loyal"
"18094","2011-09-19","7","3017.30",104,2,5,5,"255","At Risk","At Risk","Loyal"
"12754","2011-04-18","3","3010.74",258,1,3,5,"135","At Risk","Churned","Occasional"
"12916","2011-07-24","4","3006.15",161,2,4,5,"245","At Risk","At Risk","Occasional"
"15521","2011-10-30","8","3000.20",63,3,5,5,"355","Developing","Active","Loyal"
"17659","2011-11-22","12","2999.46",40,4,5,5,"455","Loyal","Active","Loyal"
"17504","2011-05-17","9","2997.03",229,1,5,5,"155","At Risk","Churned","Loyal"
"12670","2011-11-29","5","2996.05",33,5,4,5,"545","Loyal","Active","Occasional"
"14307","2011-09-12","6","2995.72",111,2,5,5,"255","At Risk","At Risk","Loyal"
"15687","2011-12-01","9","2993.10",31,5,5,5,"555","Champion","Active","Loyal"
"14639","2011-10-18","6","2984.49",75,3,5,5,"355","Developing","Active","Loyal"
"13451","2011-11-13","5","2976.15",49,4,4,5,"445","Loyal","Active","Occasional"
"14032","2011-12-07","11","2975.59",25,5,5,5,"555","Champion","Active","Loyal"
"15854","2011-12-05","12","2974.65",27,5,5,5,"555","Champion","Active","Loyal"
"16497","2011-10-21","6","2965.69",72,3,5,5,"355","Developing","Active","Loyal"
"17924","2011-11-28","7","2962.50",34,5,5,5,"555","Champion","Active","Loyal"
"14868","2011-12-06","8","2953.59",26,5,5,5,"555","Champion","Active","Loyal"
"17084","2011-11-04","2","2949.75",58,3,3,5,"335","Developing","Active","Occasional"
"17444","2011-07-15","3","2940.04",170,2,4,5,"245","At Risk","At Risk","Occasional"
"16316","2011-10-06","8","2938.91",87,3,5,5,"355","Developing","Active","Loyal"
"14530","2011-11-14","6","2925.91",48,4,5,5,"455","Loyal","Active","Loyal"
"17512","2011-11-11","10","2924.99",51,4,5,5,"455","Loyal","Active","Loyal"
"15606","2011-10-09","9","2920.16",84,3,5,5,"355","Developing","Active","Loyal"
"12906","2011-11-28","5","2919.81",34,5,4,5,"545","Loyal","Active","Occasional"
"14112","2011-11-17","7","2915.15",45,4,5,5,"455","Loyal","Active","Loyal"
"12438","2011-11-25","2","2906.85",37,4,2,5,"425","Potential","Active","Occasional"
"17644","2011-12-08","11","2895.64",24,5,5,5,"555","Champion","Active","Loyal"
"18144","2011-12-02","12","2888.75",30,5,5,5,"555","Champion","Active","Loyal"
"12408","2011-11-07","5","2888.55",55,3,4,5,"345","Developing","Active","Occasional"
"13735","2011-11-15","4","2885.24",47,4,4,5,"445","Loyal","Active","Occasional"
"16633","2011-11-22","6","2883.10",40,4,5,5,"455","Loyal","Active","Loyal"
"15673","2011-09-12","4","2881.02",111,2,4,5,"245","At Risk","At Risk","Occasional"
"14251","2011-12-08","5","2879.70",24,5,4,5,"545","Loyal","Active","Occasional"
"17728","2011-12-06","3","2876.01",26,5,4,5,"545","Loyal","Active","Occasional"
"14005","2011-11-30","5","2874.72",32,5,4,5,"545","Loyal","Active","Occasional"
"15628","2011-12-05","9","2870.24",27,5,5,5,"555","Champion","Active","Loyal"
"14711","2011-11-29","11","2868.80",33,5,5,5,"555","Champion","Active","Loyal"
"13901","2011-09-28","5","2867.20",95,2,4,5,"245","At Risk","At Risk","Occasional"
"14535","2011-10-10","3","2864.19",83,3,3,5,"335","Developing","Active","Occasional"
"12685","2011-11-11","6","2863.08",51,4,5,5,"455","Loyal","Active","Loyal"
"18145","2011-11-27","4","2861.55",35,5,4,5,"545","Loyal","Active","Occasional"
"16928","2011-09-20","17","2847.60",103,2,5,5,"255","At Risk","At Risk","Loyal"
"15984","2011-12-07","10","2837.67",25,5,5,5,"555","Champion","Active","Loyal"
"14852","2011-10-12","6","2836.69",81,3,5,5,"355","Developing","Active","Loyal"
"14572","2011-12-06","7","2832.84",26,5,5,5,"555","Champion","Active","Loyal"
"17596","2011-11-16","7","2827.93",46,4,5,5,"455","Loyal","Active","Loyal"
"14842","2011-10-27","4","2824.69",66,3,4,5,"345","Developing","Active","Occasional"
"13174","2011-11-23","3","2817.03",39,4,3,5,"435","Developing","Active","Occasional"
"16871","2011-11-17","6","2812.34",45,4,5,5,"455","Loyal","Active","Loyal"
"12356","2011-11-17","3","2811.43",45,4,3,5,"435","Developing","Active","Occasional"
"14903","2011-11-18","5","2810.63",44,4,4,5,"445","Loyal","Active","Occasional"
"18230","2011-11-30","7","2810.20",32,5,5,5,"555","Champion","Active","Loyal"
"13230","2011-12-05","14","2806.97",27,5,5,5,"555","Champion","Active","Loyal"
"16081","2011-10-14","5","2806.90",79,3,4,5,"345","Developing","Active","Occasional"
"16764","2011-12-06","13","2799.25",26,5,5,5,"555","Champion","Active","Loyal"
"15993","2011-12-01","7","2797.57",31,5,5,5,"555","Champion","Active","Loyal"
"13769","2011-12-07","10","2796.51",25,5,5,5,"555","Champion","Active","Loyal"
"12578","2011-11-18","2","2794.51",44,4,2,5,"425","Potential","Active","Occasional"
"12758","2011-08-15","2","2791.59",139,2,2,5,"225","Developing","At Risk","Occasional"
"17739","2011-11-28","7","2791.35",34,5,5,5,"555","Champion","Active","Loyal"
"14626","2011-11-16","4","2791.27",46,4,4,5,"445","Loyal","Active","Occasional"
"17213","2011-10-30","7","2781.23",63,3,5,5,"355","Developing","Active","Loyal"
"12388","2011-11-24","6","2780.66",38,4,4,5,"445","Loyal","Active","Loyal"
"14121","2011-12-06","4","2780.15",26,5,4,5,"545","Loyal","Active","Occasional"
"17838","2011-11-13","5","2779.30",49,4,4,5,"445","Loyal","Active","Occasional"
"13870","2011-12-07","8","2770.94",25,5,5,5,"555","Champion","Active","Loyal"
"15356","2011-11-08","10","2766.50",54,4,5,5,"455","Loyal","Active","Loyal"
"15114","2011-11-09","10","2760.56",53,4,5,5,"455","Loyal","Active","Loyal"
"14854","2011-09-22","7","2759.83",101,2,5,5,"255","At Risk","At Risk","Loyal"
"13971","2011-11-21","8","2758.26",41,4,5,5,"455","Loyal","Active","Loyal"
"15321","2011-09-30","3","2748.31",93,3,3,5,"335","Developing","At Risk","Occasional"
"12669","2011-07-12","3","2744.03",173,2,3,5,"235","At Risk","At Risk","Occasional"
"14808","2011-10-31","8","2741.17",62,3,5,5,"355","Developing","Active","Loyal"
"14125","2011-11-29","3","2740.43",33,5,3,5,"535","Developing","Active","Occasional"
"15696","2011-11-06","8","2736.46",56,3,5,5,"355","Developing","Active","Loyal"
"16938","2011-12-01","4","2736.38",31,5,4,5,"545","Loyal","Active","Occasional"
"16003","2011-11-10","5","2735.37",52,4,4,5,"445","Loyal","Active","Occasional"
"12840","2011-07-19","4","2726.77",166,2,4,5,"245","At Risk","At Risk","Occasional"
"12380","2011-11-18","4","2724.81",44,4,4,5,"445","Loyal","Active","Occasional"
"12708","2011-11-10","10","2712.91",52,4,5,5,"455","Loyal","Active","Loyal"
"15796","2011-12-08","8","2711.56",24,5,5,5,"555","Champion","Active","Loyal"
"17069","2011-11-11","9","2709.70",51,4,5,5,"455","Loyal","Active","Loyal"
"13285","2011-11-16","4","2709.12",46,4,4,5,"445","Loyal","Active","Occasional"
"13654","2011-10-27","6","2707.33",66,3,5,5,"355","Developing","Active","Loyal"
"14107","2011-10-19","7","2703.23",74,3,5,5,"355","Developing","Active","Loyal"
"14732","2011-12-01","8","2702.49",31,5,5,5,"555","Champion","Active","Loyal"
"18097","2011-12-02","6","2697.80",30,5,5,5,"555","Champion","Active","Loyal"
"17386","2011-12-02","6","2686.42",30,5,5,5,"555","Champion","Active","Loyal"
"12625","2011-05-12","2","2683.82",234,1,2,5,"125","Developing","Churned","Occasional"
"17346","2011-12-06","15","2676.56",26,5,5,5,"555","Champion","Active","Loyal"
"13883","2011-11-29","5","2674.48",33,5,4,5,"545","Loyal","Active","Occasional"
"14713","2011-11-30","11","2666.36",32,5,5,5,"555","Champion","Active","Loyal"
"12360","2011-10-18","3","2662.06",75,3,3,5,"335","Developing","Active","Occasional"
"14439","2011-01-24","1","2661.24",342,1,1,5,"115","Lost","Churned","One-Time"
"15671","2011-11-21","7","2657.13",41,4,5,5,"455","Loyal","Active","Loyal"
"12721","2011-11-08","6","2656.13",54,4,5,5,"455","Loyal","Active","Loyal"
"13851","2011-09-05","3","2651.46",118,2,3,5,"235","At Risk","At Risk","Occasional"
"16618","2011-11-08","5","2647.59",54,4,4,5,"445","Loyal","Active","Occasional"
"18260","2011-06-20","6","2643.20",195,2,5,5,"255","At Risk","Churned","Loyal"
"13658","2011-11-30","5","2639.17",32,5,4,5,"545","Loyal","Active","Occasional"
"17655","2011-11-29","7","2638.94",33,5,5,5,"555","Champion","Active","Loyal"
"15752","2011-10-31","7","2637.38",62,3,5,5,"355","Developing","Active","Loyal"
"13804","2011-11-09","7","2635.79",53,4,5,5,"455","Loyal","Active","Loyal"
"13771","2011-10-06","4","2634.45",87,3,4,5,"345","Developing","Active","Occasional"
"12520","2011-09-21","5","2634.26",102,2,4,5,"245","At Risk","At Risk","Occasional"
"17402","2011-12-05","13","2633.85",27,5,5,5,"555","Champion","Active","Loyal"
"18077","2011-12-01","11","2633.01",31,5,5,5,"555","Champion","Active","Loyal"
"13422","2011-10-06","1","2626.30",87,3,1,5,"315","Potential","Active","One-Time"
"13644","2011-11-23","4","2624.26",39,4,4,5,"445","Loyal","Active","Occasional"
"17965","2011-11-02","14","2622.57",60,3,5,5,"355","Developing","Active","Loyal"
"18210","2011-12-08","6","2621.38",24,5,5,5,"555","Champion","Active","Loyal"
"16255","2011-11-23","8","2619.91",39,4,5,5,"455","Loyal","Active","Loyal"
"14262","2011-12-01","8","2618.23",31,5,5,5,"555","Champion","Active","Loyal"
"13021","2011-12-05","9","2616.38",27,5,5,5,"555","Champion","Active","Loyal"
"15782","2011-11-30","3","2614.74",32,5,4,5,"545","Loyal","Active","Occasional"
"14397","2011-12-07","19","2612.96",25,5,5,5,"555","Champion","Active","Loyal"
"12836","2011-10-11","4","2612.86",82,3,4,5,"345","Developing","Active","Occasional"
"18075","2011-11-16","10","2611.75",46,4,5,5,"455","Loyal","Active","Loyal"
"12726","2011-11-11","7","2609.10",51,4,5,5,"455","Loyal","Active","Loyal"
"16241","2011-11-30","13","2607.87",32,5,5,5,"555","Champion","Active","Loyal"
"13136","2011-10-14","5","2607.61",79,3,4,5,"345","Developing","Active","Occasional"
"14408","2011-11-29","7","2606.53",33,5,5,5,"555","Champion","Active","Loyal"
"13983","2011-11-10","12","2603.43",52,4,5,5,"455","Loyal","Active","Loyal"
"17317","2011-10-24","3","2600.34",69,3,4,5,"345","Developing","Active","Occasional"
"12600","2011-11-11","10","2599.04",51,4,5,5,"455","Loyal","Active","Loyal"
"16919","2011-07-06","11","2596.45",179,2,5,5,"255","At Risk","At Risk","Loyal"
"13895","2011-11-11","4","2593.07",51,4,4,5,"445","Loyal","Active","Occasional"
"14243","2011-12-01","10","2588.77",31,5,5,5,"555","Champion","Active","Loyal"
"15033","2011-12-05","10","2586.67",27,5,5,5,"555","Champion","Active","Loyal"
"13911","2011-10-13","9","2580.91",80,3,5,5,"355","Developing","Active","Loyal"
"14546","2011-12-04","5","2578.09",28,5,4,5,"545","Loyal","Active","Occasional"
"16912","2011-11-11","11","2575.38",51,4,5,5,"455","Loyal","Active","Loyal"
"15485","2011-11-09","3","2575.00",53,4,3,5,"435","Developing","Active","Occasional"
"18245","2011-12-02","7","2567.06",30,5,5,5,"555","Champion","Active","Loyal"
"16308","2011-11-02","4","2560.00",60,3,4,5,"345","Developing","Active","Occasional"
"15572","2011-12-05","7","2552.86",27,5,5,5,"555","Champion","Active","Loyal"
"14334","2011-11-23","8","2552.21",39,4,5,5,"455","Loyal","Active","Loyal"
"14701","2011-11-29","9","2549.37",33,5,5,5,"555","Champion","Active","Loyal"
"14676","2011-11-08","6","2548.24",54,4,5,5,"455","Loyal","Active","Loyal"
"13344","2011-10-03","3","2543.72",90,3,3,5,"335","Developing","Active","Occasional"
"14776","2011-10-19","11","2538.30",74,3,5,5,"355","Developing","Active","Loyal"
"17700","2011-11-23","4","2534.64",39,4,4,5,"445","Loyal","Active","Occasional"
"13471","2011-12-08","4","2531.58",24,5,4,5,"545","Loyal","Active","Occasional"
"14659","2011-12-01","9","2529.93",31,5,5,5,"555","Champion","Active","Loyal"
"17314","2011-11-15","8","2527.92",47,4,5,5,"455","Loyal","Active","Loyal"
"13975","2011-11-08","6","2526.28",54,4,5,5,"455","Loyal","Active","Loyal"
"17449","2011-12-07","7","2520.86",25,5,5,5,"555","Champion","Active","Loyal"
"13394","2011-12-08","8","2520.02",24,5,5,5,"555","Champion","Active","Loyal"
"15245","2011-07-28","3","2515.84",157,2,3,5,"235","At Risk","At Risk","Occasional"
"15271","2011-12-02","15","2507.07",30,5,5,5,"555","Champion","Active","Loyal"
"12352","2011-11-03","8","2506.04",59,3,5,5,"355","Developing","Active","Loyal"
"13695","2011-11-08","15","2504.13",54,4,5,5,"455","Loyal","Active","Loyal"
"12517","2011-11-11","5","2502.84",51,4,4,5,"445","Loyal","Active","Occasional"
"15932","2011-12-05","8","2495.87",27,5,5,5,"555","Champion","Active","Loyal"
"16477","2011-10-07","7","2494.46",86,3,5,5,"355","Developing","Active","Loyal"
"12483","2011-11-22","8","2484.98",40,4,5,5,"455","Loyal","Active","Loyal"
"12913","2011-12-05","5","2483.63",27,5,4,5,"545","Loyal","Active","Occasional"
"16710","2011-11-20","10","2483.04",42,4,5,5,"455","Loyal","Active","Loyal"
"14315","2011-10-26","6","2481.13",67,3,5,5,"355","Developing","Active","Loyal"
"13507","2011-12-06","4","2479.16",26,5,4,5,"545","Loyal","Active","Occasional"
"13588","2011-11-24","9","2478.95",38,4,5,5,"455","Loyal","Active","Loyal"
"17682","2011-11-29","6","2474.33",33,5,5,5,"555","Champion","Active","Loyal"
"17188","2011-11-28","7","2474.23",34,5,5,5,"555","Champion","Active","Loyal"
"14766","2011-12-01","6","2473.37",31,5,5,5,"555","Champion","Active","Loyal"
"14502","2011-11-20","11","2470.67",42,4,5,5,"455","Loyal","Active","Loyal"
"17164","2011-11-07","7","2467.35",55,4,5,5,"455","Loyal","Active","Loyal"
"12455","2011-09-27","6","2466.86",96,2,4,5,"245","At Risk","At Risk","Loyal"
"15750","2011-12-07","8","2465.48",25,5,5,5,"555","Champion","Active","Loyal"
"17131","2011-12-04","5","2463.17",28,5,4,5,"545","Loyal","Active","Occasional"
"13784","2011-11-30","11","2462.79",32,5,5,5,"555","Champion","Active","Loyal"
"15674","2011-09-27","5","2446.60",96,2,4,5,"245","At Risk","At Risk","Occasional"
"14163","2011-09-13","4","2445.91",110,2,4,5,"245","At Risk","At Risk","Occasional"
"15527","2011-11-21","8","2429.78",41,4,5,5,"455","Loyal","Active","Loyal"
"17071","2011-11-11","9","2429.03",51,4,5,5,"455","Loyal","Active","Loyal"
"13949","2011-12-07","6","2427.32",25,5,5,5,"555","Champion","Active","Loyal"
"16143","2011-12-06","6","2424.94",26,5,5,5,"555","Champion","Active","Loyal"
"17722","2011-09-04","4","2424.04",119,2,4,5,"245","At Risk","At Risk","Occasional"
"15089","2011-11-29","6","2420.84",33,5,5,5,"555","Champion","Active","Loyal"
"15373","2011-12-01","12","2415.91",31,5,5,5,"555","Champion","Active","Loyal"
"12397","2011-11-04","2","2409.90",58,3,2,5,"325","Potential","Active","Occasional"
"17589","2011-10-10","4","2404.17",83,3,4,5,"345","Developing","Active","Occasional"
"15980","2011-09-12","3","2398.86",111,2,4,5,"245","At Risk","At Risk","Occasional"
"18065","2011-12-04","14","2392.83",28,5,5,5,"555","Champion","Active","Loyal"
"13141","2011-09-16","5","2388.75",107,2,4,5,"245","At Risk","At Risk","Occasional"
"15370","2011-10-30","7","2386.05",63,3,5,5,"355","Developing","Active","Loyal"
"17530","2011-12-08","10","2385.00",24,5,5,5,"555","Champion","Active","Loyal"
"14493","2011-12-02","5","2383.24",30,5,4,5,"545","Loyal","Active","Occasional"
"14554","2011-11-29","4","2381.04",33,5,4,5,"545","Loyal","Active","Occasional"
"14239","2011-10-27","11","2380.85",66,3,5,5,"355","Developing","Active","Loyal"
"15270","2011-11-24","7","2379.49",38,4,5,5,"455","Loyal","Active","Loyal"
"13722","2011-07-31","3","2375.41",154,2,3,5,"235","At Risk","At Risk","Occasional"
"17434","2011-12-07","7","2373.82",25,5,5,5,"555","Champion","Active","Loyal"
"14930","2011-08-23","3","2372.86",131,2,3,5,"235","At Risk","At Risk","Occasional"
"13908","2011-09-21","4","2369.55",102,2,4,5,"245","At Risk","At Risk","Occasional"
"15755","2011-11-29","6","2364.25",33,5,5,5,"555","Champion","Active","Loyal"
"12457","2011-10-04","7","2363.23",89,3,5,5,"355","Developing","Active","Loyal"
"17634","2011-11-03","9","2361.97",59,3,5,5,"355","Developing","Active","Loyal"
"14030","2011-11-21","8","2360.09",41,4,5,5,"455","Loyal","Active","Loyal"
"14440","2011-12-01","5","2357.68",31,5,4,5,"545","Loyal","Active","Occasional"
"15140","2011-10-18","7","2354.25",75,3,5,5,"355","Developing","Active","Loyal"
"14309","2011-12-01","9","2352.53",31,5,5,5,"555","Champion","Active","Loyal"
"12704","2011-12-02","8","2340.84",30,5,5,5,"555","Champion","Active","Loyal"
"18259","2011-11-15","3","2338.60",47,4,4,5,"445","Loyal","Active","Occasional"
"12584","2011-12-06","9","2338.15",26,5,5,5,"555","Champion","Active","Loyal"
"18257","2011-10-31","8","2337.63",62,3,5,5,"355","Developing","Active","Loyal"
"17954","2011-12-04","12","2332.72",28,5,5,5,"555","Champion","Active","Loyal"
"15281","2011-10-12","9","2332.15",81,3,5,5,"355","Developing","Active","Loyal"
"12782","2011-12-05","5","2330.92",27,5,4,5,"545","Loyal","Active","Occasional"
"15785","2011-11-07","5","2328.97",55,4,4,5,"445","Loyal","Active","Occasional"
"17313","2011-11-08","1","2328.84",54,4,2,5,"425","Potential","Active","One-Time"
"17744","2011-12-06","6","2322.40",26,5,5,5,"555","Champion","Active","Loyal"
"17211","2011-11-13","8","2317.22",49,4,5,5,"455","Loyal","Active","Loyal"
"14290","2011-11-28","5","2314.65",34,5,4,5,"545","Loyal","Active","Occasional"
"15365","2011-11-14","7","2314.32",48,4,5,5,"455","Loyal","Active","Loyal"
"13994","2011-12-06","6","2313.14",26,5,5,5,"555","Champion","Active","Loyal"
"13704","2011-12-04","9","2308.06",28,5,5,5,"555","Champion","Active","Loyal"
"15288","2011-10-27","5","2306.52",66,3,4,5,"345","Developing","Active","Occasional"
"16735","2011-09-22","5","2300.56",101,2,4,5,"245","At Risk","At Risk","Occasional"
"16550","2011-08-23","5","2298.97",131,2,4,5,"245","At Risk","At Risk","Occasional"
"15105","2011-11-21","7","2298.93",41,4,5,5,"455","Loyal","Active","Loyal"
"13115","2011-11-28","4","2294.78",34,5,4,5,"545","Loyal","Active","Occasional"
"15704","2011-07-22","4","2293.62",163,2,4,5,"245","At Risk","At Risk","Occasional"
"12615","2011-12-07","4","2291.19",25,5,4,5,"545","Loyal","Active","Occasional"
"13527","2011-11-06","7","2287.51",56,3,5,5,"355","Developing","Active","Loyal"
"17696","2011-11-01","8","2285.71",61,3,5,5,"355","Developing","Active","Loyal"
"12684","2011-12-02","7","2283.63",30,5,5,5,"555","Champion","Active","Loyal"
"16782","2011-11-29","13","2279.90",33,5,5,5,"555","Champion","Active","Loyal"
"13317","2011-10-04","6","2273.68",89,3,5,5,"355","Developing","Active","Loyal"
"17768","2011-12-01","3","2273.18",31,5,4,5,"545","Loyal","Active","Occasional"
"14466","2011-11-10","7","2272.40",52,4,5,5,"455","Loyal","Active","Loyal"
"13700","2011-11-13","10","2265.12",49,4,5,5,"455","Loyal","Active","Loyal"
"16057","2011-11-23","7","2263.12",39,4,5,5,"455","Loyal","Active","Loyal"
"16209","2011-09-12","5","2262.62",111,2,4,5,"245","At Risk","At Risk","Occasional"
"14432","2011-11-30","6","2255.51",32,5,5,5,"555","Champion","Active","Loyal"
"16293","2011-11-18","10","2248.99",44,4,5,5,"455","Loyal","Active","Loyal"
"17442","2011-11-03","6","2248.56",59,3,5,5,"355","Developing","Active","Loyal"
"15235","2011-05-06","12","2247.51",240,1,5,5,"155","At Risk","Churned","Loyal"
"16771","2011-11-06","5","2246.81",56,3,4,5,"345","Developing","Active","Occasional"
"15665","2011-06-24","2","2242.01",191,2,3,5,"235","At Risk","Churned","Occasional"
"14211","2011-10-17","9","2241.10",76,3,5,5,"355","Developing","Active","Loyal"
"16743","2011-11-10","7","2238.09",52,4,5,5,"455","Loyal","Active","Loyal"
"14560","2011-12-02","22","2237.77",30,5,5,5,"555","Champion","Active","Loyal"
"14700","2011-11-07","3","2235.30",55,3,3,5,"335","Developing","Active","Occasional"
"16076","2011-12-06","10","2234.73",26,5,5,5,"555","Champion","Active","Loyal"
"15834","2011-09-30","4","2233.75",93,3,4,5,"345","Developing","At Risk","Occasional"
"18242","2011-09-28","4","2232.49",95,2,4,5,"245","At Risk","At Risk","Occasional"
"14226","2011-11-11","5","2232.19",51,4,4,5,"445","Loyal","Active","Occasional"
"14825","2011-12-06","12","2226.91",26,5,5,5,"555","Champion","Active","Loyal"
"17591","2011-09-27","7","2225.97",96,2,5,5,"255","At Risk","At Risk","Loyal"
"12783","2011-12-07","6","2225.91",25,5,5,5,"555","Champion","Active","Loyal"
"13365","2011-11-06","2","2225.37",56,3,2,5,"325","Potential","Active","Occasional"
"15722","2011-11-04","5","2222.56",58,3,4,5,"345","Developing","Active","Occasional"
"15811","2011-11-17","6","2218.62",45,4,5,5,"455","Loyal","Active","Loyal"
"12876","2011-10-13","2","2218.02",80,3,2,5,"325","Potential","Active","Occasional"
"12653","2011-07-14","2","2209.85",171,2,2,5,"225","Developing","At Risk","Occasional"
"13862","2011-11-21","8","2209.36",41,4,5,5,"455","Loyal","Active","Loyal"
"15797","2011-08-18","4","2207.40",136,2,4,5,"245","At Risk","At Risk","Occasional"
"15179","2011-11-21","5","2206.95",41,4,4,5,"445","Loyal","Active","Occasional"
"13831","2011-11-23","6","2202.99",39,4,5,5,"455","Loyal","Active","Loyal"
"17406","2011-01-10","3","2200.42",356,1,4,5,"145","At Risk","Churned","Occasional"
"15123","2011-12-02","2","2199.31",30,5,3,5,"535","Developing","Active","Occasional"
"16628","2011-11-10","5","2188.05",52,4,4,5,"445","Loyal","Active","Occasional"
"15394","2011-11-30","4","2183.54",32,5,4,5,"545","Loyal","Active","Occasional"
"14341","2011-10-25","8","2182.28",68,3,5,5,"355","Developing","Active","Loyal"
"12856","2011-12-02","6","2179.93",30,5,5,5,"555","Champion","Active","Loyal"
"12909","2011-10-31","5","2178.67",62,3,4,5,"345","Developing","Active","Occasional"
"12501","2011-01-07","1","2169.39",359,1,1,5,"115","Lost","Churned","One-Time"
"12633","2011-10-12","4","2163.98",81,3,4,5,"345","Developing","Active","Occasional"
"13755","2011-12-06","9","2161.35",26,5,5,5,"555","Champion","Active","Loyal"
"12935","2011-12-07","7","2160.70",25,5,5,5,"555","Champion","Active","Loyal"
"16456","2011-09-01","5","2158.37",122,2,4,5,"245","At Risk","At Risk","Occasional"
"14407","2011-08-24","6","2157.73",130,2,5,5,"255","At Risk","At Risk","Loyal"
"16379","2011-12-05","4","2157.40",27,5,4,5,"545","Loyal","Active","Occasional"
"13224","2011-10-10","2","2155.95",83,3,2,5,"325","Potential","Active","Occasional"
"16966","2011-12-01","7","2154.97",31,5,5,5,"555","Champion","Active","Loyal"
"17272","2011-10-28","4","2148.63",65,3,4,5,"345","Developing","Active","Occasional"
"14828","2011-05-27","3","2139.76",219,1,3,5,"135","At Risk","Churned","Occasional"
"12560","2011-12-04","3","2134.01",28,5,3,5,"535","Developing","Active","Occasional"
"17400","2011-08-05","5","2129.96",149,2,4,5,"245","At Risk","At Risk","Occasional"
"13517","2011-10-11","3","2128.42",82,3,3,5,"335","Developing","Active","Occasional"
"14360","2011-11-08","4","2128.23",54,4,4,5,"445","Loyal","Active","Occasional"
"16407","2011-11-27","10","2126.93",35,5,5,5,"555","Champion","Active","Loyal"
"14640","2011-11-15","6","2125.08",47,4,5,5,"455","Loyal","Active","Loyal"
"15058","2011-11-14","11","2124.99",48,4,5,5,"455","Loyal","Active","Loyal"
"13632","2011-11-15","5","2121.27",47,4,4,5,"445","Loyal","Active","Occasional"
"18061","2011-11-18","10","2119.41",44,4,5,5,"455","Loyal","Active","Loyal"
"18008","2011-09-30","9","2116.19",93,3,5,5,"355","Developing","At Risk","Loyal"
"14691","2011-11-09","5","2114.33",53,4,4,5,"445","Loyal","Active","Occasional"
"13265","2011-10-17","5","2107.66",76,3,4,5,"345","Developing","Active","Occasional"
"18173","2011-09-14","4","2106.84",109,2,4,5,"245","At Risk","At Risk","Occasional"
"18093","2011-09-07","4","2106.52",116,2,4,5,"245","At Risk","At Risk","Occasional"
"14461","2011-07-14","3","2103.06",171,2,3,5,"235","At Risk","At Risk","Occasional"
"14515","2011-11-22","6","2102.09",40,4,5,5,"455","Loyal","Active","Loyal"
"17861","2011-12-06","8","2100.80",26,5,5,5,"555","Champion","Active","Loyal"
"15815","2011-10-07","5","2100.60",86,3,4,5,"345","Developing","Active","Occasional"
"13126","2011-12-05","8","2099.64",27,5,5,5,"555","Champion","Active","Loyal"
"12610","2011-11-17","5","2099.54",45,4,4,5,"445","Loyal","Active","Occasional"
"16875","2011-10-03","5","2095.53",90,3,4,5,"345","Developing","Active","Occasional"
"17191","2011-11-11","7","2095.13",51,4,5,5,"455","Loyal","Active","Loyal"
"18283","2011-12-06","16","2094.88",26,5,5,5,"555","Champion","Active","Loyal"
"14306","2011-10-19","2","2093.32",74,3,3,5,"335","Developing","Active","Occasional"
"13571","2011-11-27","12","2092.32",35,5,5,5,"555","Champion","Active","Loyal"
"17490","2011-12-09","7","2092.32",23,5,5,5,"555","Champion","Active","Loyal"
"13297","2011-12-02","4","2089.85",30,5,4,5,"545","Loyal","Active","Occasional"
"18044","2011-12-05","10","2088.60",27,5,5,5,"555","Champion","Active","Loyal"
"14810","2011-10-30","11","2087.88",63,3,5,5,"355","Developing","Active","Loyal"
"16954","2011-12-09","9","2085.08",23,5,5,5,"555","Champion","Active","Loyal"
"18231","2011-05-31","5","2083.27",215,1,4,5,"145","At Risk","Churned","Occasional"
"14696","2011-12-05","7","2078.95",27,5,5,5,"555","Champion","Active","Loyal"
"14209","2011-11-29","6","2073.43",33,5,5,5,"555","Champion","Active","Loyal"
"18241","2011-11-30","17","2073.09",32,5,5,5,"555","Champion","Active","Loyal"
"18219","2011-12-07","10","2069.77",25,5,5,5,"555","Champion","Active","Loyal"
"14482","2011-11-21","6","2068.15",41,4,5,5,"455","Loyal","Active","Loyal"
"12948","2011-11-23","7","2064.95",39,4,5,5,"455","Loyal","Active","Loyal"
"12928","2011-11-04","5","2062.70",58,3,4,5,"345","Developing","Active","Occasional"
"16281","2011-09-28","1","2062.06",95,2,2,5,"225","Developing","At Risk","One-Time"
"14409","2011-09-29","6","2059.45",94,3,5,4,"354","Developing","At Risk","Loyal"
"12518","2011-12-09","5","2056.89",23,5,4,4,"544","Loyal","Active","Occasional"
"17667","2011-10-04","5","2055.51",89,3,4,4,"344","Developing","Active","Occasional"
"14188","2011-11-09","6","2054.36",53,4,5,4,"454","Loyal","Active","Loyal"
"16150","2011-10-28","5","2053.02",65,3,4,4,"344","Developing","Active","Occasional"
"17086","2011-12-02","6","2050.08",30,5,5,4,"554","Champion","Active","Loyal"
"17612","2011-10-17","6","2048.45",76,3,5,4,"354","Developing","Active","Loyal"
"14232","2011-10-28","5","2048.07",65,3,4,4,"344","Developing","Active","Occasional"
"17625","2011-11-21","4","2047.00",41,4,4,4,"444","Loyal","Active","Occasional"
"13495","2011-12-02","5","2044.87",30,5,4,4,"544","Loyal","Active","Occasional"
"17597","2011-05-10","1","2044.37",236,1,2,4,"124","Developing","Churned","One-Time"
"17090","2011-12-05","7","2043.95",27,5,5,4,"554","Champion","Active","Loyal"
"13450","2011-11-13","6","2043.72",49,4,5,4,"454","Loyal","Active","Loyal"
"14001","2011-10-25","3","2043.08",68,3,3,4,"334","Developing","Active","Occasional"
"12585","2011-04-19","2","2040.10",257,1,2,4,"124","Developing","Churned","Occasional"
"13593","2011-08-23","5","2037.08",131,2,4,4,"244","At Risk","At Risk","Occasional"
"18069","2011-11-13","5","2036.67",49,4,4,4,"444","Loyal","Active","Occasional"
"17846","2011-09-15","1","2033.10",108,2,2,4,"224","Developing","At Risk","One-Time"
"13630","2011-12-04","7","2031.78",28,5,5,4,"554","Champion","Active","Loyal"
"16409","2011-11-03","5","2028.88",59,3,4,4,"344","Developing","Active","Occasional"
"17337","2011-07-11","4","2027.87",174,2,4,4,"244","At Risk","At Risk","Occasional"
"16358","2011-12-08","4","2027.50",24,5,4,4,"544","Loyal","Active","Occasional"
"14544","2011-11-15","2","2024.45",47,4,3,4,"434","Developing","Active","Occasional"
"15341","2011-09-20","1","2020.52",103,2,1,4,"214","Developing","At Risk","One-Time"
"14506","2011-11-22","5","2012.17",40,4,4,4,"444","Loyal","Active","Occasional"
"15531","2011-12-01","2","2007.44",31,5,3,4,"534","Developing","Active","Occasional"
"15372","2011-07-25","1","2007.40",160,2,1,4,"214","Developing","At Risk","One-Time"
"16098","2011-09-13","7","2005.63",110,2,5,4,"254","At Risk","At Risk","Loyal"
"14730","2011-12-08","8","2005.06",24,5,5,4,"554","Champion","Active","Loyal"
"14217","2011-12-08","17","2004.98",24,5,5,4,"554","Champion","Active","Loyal"
"14462","2011-10-04","11","2004.02",89,3,5,4,"354","Developing","Active","Loyal"
"17082","2011-11-06","2","2003.85",56,3,3,4,"334","Developing","Active","Occasional"
"16754","2010-12-02","1","2002.40",395,1,2,4,"124","Developing","Churned","One-Time"
"15493","2011-11-07","5","2001.80",55,4,4,4,"444","Loyal","Active","Occasional"
"18188","2011-11-24","3","2001.04",38,4,4,4,"444","Loyal","Active","Occasional"
"13305","2011-12-05","10","2000.86",27,5,5,4,"554","Champion","Active","Loyal"
"16698","2011-04-27","2","1998.00",249,1,3,4,"134","At Risk","Churned","Occasional"
"17827","2011-12-04","5","1995.46",28,5,4,4,"544","Loyal","Active","Occasional"
"18204","2011-09-29","3","1993.70",94,3,4,4,"344","Developing","At Risk","Occasional"
"17679","2011-10-18","2","1992.11",75,3,3,4,"334","Developing","Active","Occasional"
"17088","2011-11-11","4","1991.01",51,4,4,4,"444","Loyal","Active","Occasional"
"13246","2011-11-21","6","1987.30",41,4,5,4,"454","Loyal","Active","Loyal"
"13590","2011-11-28","6","1981.92",34,5,5,4,"554","Champion","Active","Loyal"
"13725","2011-10-21","8","1980.56",72,3,5,4,"354","Developing","Active","Loyal"
"17422","2011-11-23","6","1979.37",39,4,5,4,"454","Loyal","Active","Loyal"
"16341","2011-11-15","4","1971.87",47,4,4,4,"444","Loyal","Active","Occasional"
"17997","2011-09-26","8","1970.67",97,2,5,4,"254","At Risk","At Risk","Loyal"
"12674","2011-11-01","4","1970.60",61,3,4,4,"344","Developing","Active","Occasional"
"17790","2011-11-13","14","1965.55",49,4,5,4,"454","Loyal","Active","Loyal"
"17218","2011-12-05","10","1960.72",27,5,5,4,"554","Champion","Active","Loyal"
"15351","2011-11-27","7","1960.11",35,5,5,4,"554","Champion","Active","Loyal"
"14498","2011-10-28","5","1957.32",65,3,4,4,"344","Developing","Active","Occasional"
"12853","2011-07-28","6","1957.10",157,2,5,4,"254","At Risk","At Risk","Loyal"
"17554","2011-12-08","5","1952.45",24,5,4,4,"544","Loyal","Active","Occasional"
"14533","2011-11-15","7","1949.72",47,4,5,4,"454","Loyal","Active","Loyal"
"14653","2011-12-08","7","1947.55",24,5,5,4,"554","Champion","Active","Loyal"
"15814","2011-11-23","4","1945.33",39,4,4,4,"444","Loyal","Active","Occasional"
"15518","2011-10-06","8","1942.45",87,3,5,4,"354","Developing","Active","Loyal"
"14418","2011-12-06","3","1937.25",26,5,3,4,"534","Developing","Active","Occasional"
"14472","2011-08-28","8","1936.84",126,2,5,4,"254","At Risk","At Risk","Loyal"
"15864","2011-11-17","6","1936.32",45,4,5,4,"454","Loyal","Active","Loyal"
"15157","2011-12-06","3","1936.07",26,5,3,4,"534","Developing","Active","Occasional"
"12528","2011-11-30","6","1933.48",32,5,4,4,"544","Loyal","Active","Loyal"
"14655","2011-12-01","4","1932.23",31,5,4,4,"544","Loyal","Active","Occasional"
"14978","2011-09-28","5","1931.42",95,2,4,4,"244","At Risk","At Risk","Occasional"
"16983","2011-11-27","7","1931.25",35,5,5,4,"554","Champion","Active","Loyal"
"13094","2011-11-18","12","1927.32",44,4,5,4,"454","Loyal","Active","Loyal"
"16942","2011-11-27","9","1920.59",35,5,5,4,"554","Champion","Active","Loyal"
"15021","2011-12-01","9","1914.82",31,5,5,4,"554","Champion","Active","Loyal"
"17368","2011-11-16","8","1912.67",46,4,5,4,"454","Loyal","Active","Loyal"
"14285","2011-11-18","4","1910.01",44,4,4,4,"444","Loyal","Active","Occasional"
"16426","2011-12-07","10","1908.25",25,5,5,4,"554","Champion","Active","Loyal"
"17228","2011-11-24","8","1906.09",38,4,5,4,"454","Loyal","Active","Loyal"
"14210","2011-08-26","6","1905.84",128,2,5,4,"254","At Risk","At Risk","Loyal"
"15819","2011-10-21","4","1905.45",72,3,4,4,"344","Developing","Active","Occasional"
"14250","2011-12-02","3","1904.05",30,5,3,4,"534","Developing","Active","Occasional"
"12762","2011-12-02","2","1898.52",30,5,2,4,"524","Potential","Active","Occasional"
"17463","2011-11-23","5","1896.41",39,4,4,4,"444","Loyal","Active","Occasional"
"17870","2011-12-07","12","1894.35",25,5,5,4,"554","Champion","Active","Loyal"
"14934","2011-09-19","2","1890.94",104,2,3,4,"234","At Risk","At Risk","Occasional"
"12371","2011-10-26","2","1887.96",67,3,2,4,"324","Potential","Active","Occasional"
"15641","2011-08-26","4","1887.20",128,2,4,4,"244","At Risk","At Risk","Occasional"
"16170","2011-10-20","6","1885.05",73,3,5,4,"354","Developing","Active","Loyal"
"13890","2011-12-08","10","1883.81",24,5,5,4,"554","Champion","Active","Loyal"
"16128","2011-11-22","5","1880.22",40,4,4,4,"444","Loyal","Active","Occasional"
"17738","2011-11-20","4","1879.05",42,4,4,4,"444","Loyal","Active","Occasional"
"15367","2011-10-13","4","1877.59",80,3,4,4,"344","Developing","Active","Occasional"
"17293","2011-12-01","9","1875.11",31,5,5,4,"554","Champion","Active","Loyal"
"16986","2011-11-10","2","1873.20",52,4,3,4,"434","Developing","Active","Occasional"
"13982","2011-10-31","4","1871.81",62,3,4,4,"344","Developing","Active","Occasional"
"16474","2011-12-02","7","1871.50",30,5,5,4,"554","Champion","Active","Loyal"
"17469","2011-11-23","5","1870.97",39,4,4,4,"444","Loyal","Active","Occasional"
"16841","2011-11-03","6","1869.82",59,3,5,4,"354","Developing","Active","Loyal"
"14524","2011-11-08","9","1867.68",54,4,5,4,"454","Loyal","Active","Loyal"
"17787","2011-07-10","4","1865.19",175,2,4,4,"244","At Risk","At Risk","Occasional"
"16201","2011-12-06","4","1863.47",26,5,4,4,"544","Loyal","Active","Occasional"
"14887","2011-09-21","1","1862.00",102,2,1,4,"214","Developing","At Risk","One-Time"
"12423","2011-12-09","8","1859.31",23,5,5,4,"554","Champion","Active","Loyal"
"17873","2011-09-20","5","1859.16",103,2,4,4,"244","At Risk","At Risk","Occasional"
"14305","2011-09-29","3","1858.96",94,3,3,4,"334","Developing","At Risk","Occasional"
"12963","2011-12-01","8","1856.63",31,5,5,4,"554","Champion","Active","Loyal"
"16979","2011-12-06","6","1852.00",26,5,5,4,"554","Champion","Active","Loyal"
"13421","2011-10-30","2","1851.08",63,3,2,4,"324","Potential","Active","Occasional"
"12383","2011-06-08","5","1850.56",207,1,4,4,"144","At Risk","Churned","Occasional"
"12381","2011-12-05","5","1845.31",27,5,4,4,"544","Loyal","Active","Occasional"
"17519","2011-11-22","6","1844.02",40,4,5,4,"454","Loyal","Active","Loyal"
"18180","2011-12-05","6","1843.75",27,5,5,4,"554","Champion","Active","Loyal"
"12950","2011-12-07","3","1843.00",25,5,3,4,"534","Developing","Active","Occasional"
"17015","2011-11-11","3","1842.56",51,4,4,4,"444","Loyal","Active","Occasional"
"16102","2011-10-28","3","1842.14",65,3,4,4,"344","Developing","Active","Occasional"
"16455","2011-10-07","7","1841.18",86,3,5,4,"354","Developing","Active","Loyal"
"14113","2011-12-06","4","1840.42",26,5,4,4,"544","Loyal","Active","Occasional"
"14216","2011-12-06","4","1839.30",26,5,4,4,"544","Loyal","Active","Occasional"
"13924","2011-12-08","6","1838.85",24,5,5,4,"554","Champion","Active","Loyal"
"14459","2011-07-07","1","1837.92",178,2,1,4,"214","Developing","At Risk","One-Time"
"18287","2011-10-28","3","1837.28",65,3,4,4,"344","Developing","Active","Occasional"
"13650","2011-11-23","6","1836.34",39,4,5,4,"454","Loyal","Active","Loyal"
"15827","2011-09-27","14","1836.09",96,2,5,4,"254","At Risk","At Risk","Loyal"
"13048","2011-11-25","4","1835.91",37,4,4,4,"444","Loyal","Active","Occasional"
"14665","2011-10-10","5","1835.70",83,3,4,4,"344","Developing","Active","Occasional"
"16152","2011-03-16","1","1829.04",291,1,2,4,"124","Developing","Churned","One-Time"
"15203","2011-11-14","6","1827.80",48,4,5,4,"454","Loyal","Active","Loyal"
"18122","2011-12-01","6","1826.21",31,5,5,4,"554","Champion","Active","Loyal"
"17702","2011-11-09","4","1824.37",53,4,4,4,"444","Loyal","Active","Occasional"
"16153","2011-10-21","5","1824.23",72,3,4,4,"344","Developing","Active","Occasional"
"17705","2011-12-06","9","1823.52",26,5,5,4,"554","Champion","Active","Loyal"
"16169","2011-12-01","4","1822.97",31,5,4,4,"544","Loyal","Active","Occasional"
"17828","2011-11-17","4","1820.09",45,4,4,4,"444","Loyal","Active","Occasional"
"17629","2011-12-04","8","1814.12",28,5,5,4,"554","Champion","Active","Loyal"
"15260","2011-08-31","7","1810.77",123,2,5,4,"254","At Risk","At Risk","Loyal"
"13481","2011-10-25","5","1804.56",68,3,4,4,"344","Developing","Active","Occasional"
"17663","2011-11-14","7","1802.91",48,4,5,4,"454","Loyal","Active","Loyal"
"15812","2011-08-24","5","1801.14",130,2,4,4,"244","At Risk","At Risk","Occasional"
"16249","2011-10-18","5","1800.07",75,3,4,4,"344","Developing","Active","Occasional"
"13562","2011-09-19","3","1799.33",104,2,3,4,"234","At Risk","At Risk","Occasional"
"13196","2011-11-28","4","1797.78",34,5,4,4,"544","Loyal","Active","Occasional"
"17750","2011-12-04","9","1797.57",28,5,5,4,"554","Champion","Active","Loyal"
"17648","2011-10-10","4","1797.50",83,3,4,4,"344","Developing","Active","Occasional"
"12348","2011-09-25","4","1797.24",98,2,4,4,"244","At Risk","At Risk","Occasional"
"18235","2011-09-29","3","1796.48",94,3,4,4,"344","Developing","At Risk","Occasional"
"13134","2011-09-15","4","1793.58",108,2,4,4,"244","At Risk","At Risk","Occasional"
"18179","2011-11-30","6","1793.17",32,5,5,4,"554","Champion","Active","Loyal"
"13510","2011-12-08","4","1791.56",24,5,4,4,"544","Loyal","Active","Occasional"
"16719","2011-11-25","7","1790.42",37,4,5,4,"454","Loyal","Active","Loyal"
"12523","2011-11-20","11","1789.77",42,4,5,4,"454","Loyal","Active","Loyal"
"14215","2011-11-28","6","1789.72",34,5,5,4,"554","Champion","Active","Loyal"
"14621","2011-12-08","5","1788.36",24,5,4,4,"544","Loyal","Active","Occasional"
"13875","2011-10-17","5","1786.79",76,3,4,4,"344","Developing","Active","Occasional"
"14608","2011-12-05","4","1785.15",27,5,4,4,"544","Loyal","Active","Occasional"
"14935","2011-02-15","1","1784.71",320,1,1,4,"114","Lost","Churned","One-Time"
"15050","2011-11-14","3","1782.09",48,4,3,4,"434","Developing","Active","Occasional"
"16380","2011-10-09","1","1780.59",84,3,2,4,"324","Potential","Active","One-Time"
"15220","2011-10-19","6","1778.96",74,3,5,4,"354","Developing","Active","Loyal"
"17092","2011-10-20","4","1777.78",73,3,4,4,"344","Developing","Active","Occasional"
"12645","2011-11-06","4","1775.18",56,3,4,4,"344","Developing","Active","Occasional"
"17754","2011-12-09","5","1772.26",23,5,4,4,"544","Loyal","Active","Occasional"
"15594","2011-11-24","5","1771.78",38,4,4,4,"444","Loyal","Active","Occasional"
"15473","2011-11-25","7","1771.20",37,4,5,4,"454","Loyal","Active","Loyal"
"17813","2011-11-25","5","1770.88",37,4,4,4,"444","Loyal","Active","Occasional"
"14387","2011-11-07","3","1770.56",55,3,3,4,"334","Developing","Active","Occasional"
"16681","2011-09-28","6","1770.34",95,2,5,4,"254","At Risk","At Risk","Loyal"
"13456","2011-11-22","6","1766.72",40,4,5,4,"454","Loyal","Active","Loyal"
"15950","2011-11-08","4","1765.51",54,4,4,4,"444","Loyal","Active","Occasional"
"16751","2011-11-09","1","1764.72",53,4,2,4,"424","Potential","Active","One-Time"
"12424","2011-06-30","2","1760.96",185,2,2,4,"224","Developing","Churned","Occasional"
"12823","2011-09-26","5","1759.50",97,2,4,4,"244","At Risk","At Risk","Occasional"
"12349","2011-11-21","1","1757.55",41,4,1,4,"414","Potential","Active","One-Time"
"15241","2011-10-04","8","1756.44",89,3,5,4,"354","Developing","Active","Loyal"
"16359","2011-12-02","9","1750.92",30,5,5,4,"554","Champion","Active","Loyal"
"13564","2011-07-18","3","1749.02",167,2,3,4,"234","At Risk","At Risk","Occasional"
"13808","2011-12-04","5","1747.66",28,5,4,4,"544","Loyal","Active","Occasional"
"15067","2011-09-22","3","1744.76",101,2,3,4,"234","At Risk","At Risk","Occasional"
"13157","2011-10-21","4","1741.22",72,3,4,4,"344","Developing","Active","Occasional"
"14595","2011-11-20","6","1740.60",42,4,5,4,"454","Loyal","Active","Loyal"
"17930","2011-11-04","5","1740.48",58,3,4,4,"344","Developing","Active","Occasional"
"17353","2011-08-02","2","1740.00",152,2,3,4,"234","At Risk","At Risk","Occasional"
"17457","2011-08-05","5","1737.70",149,2,4,4,"244","At Risk","At Risk","Occasional"
"14673","2011-12-06","5","1736.40",26,5,4,4,"544","Loyal","Active","Occasional"
"17043","2011-11-07","4","1735.18",55,4,4,4,"444","Loyal","Active","Occasional"
"16791","2011-11-10","7","1721.78",52,4,5,4,"454","Loyal","Active","Loyal"
"17451","2011-12-08","7","1721.40",24,5,5,4,"554","Champion","Active","Loyal"
"14834","2011-11-22","6","1720.30",40,4,5,4,"454","Loyal","Active","Loyal"
"15267","2011-11-17","5","1717.36",45,4,4,4,"444","Loyal","Active","Occasional"
"17162","2011-11-11","10","1715.46",51,4,5,4,"454","Loyal","Active","Loyal"
"13763","2011-10-07","1","1714.96",86,3,1,4,"314","Potential","Active","One-Time"
"17147","2011-11-17","4","1714.59",45,4,4,4,"444","Loyal","Active","Occasional"
"14441","2011-12-09","4","1712.89",23,5,4,4,"544","Loyal","Active","Occasional"
"12405","2011-07-14","1","1710.39",171,2,1,4,"214","Developing","At Risk","One-Time"
"15947","2011-09-18","1","1708.24",105,2,2,4,"224","Developing","At Risk","One-Time"
"12407","2011-10-21","5","1708.12",72,3,4,4,"344","Developing","Active","Occasional"
"16902","2011-08-15","1","1706.88",139,2,2,4,"224","Developing","At Risk","One-Time"
"15240","2011-10-26","5","1706.57",67,3,4,4,"344","Developing","Active","Occasional"
"16398","2011-07-08","2","1705.80",177,2,3,4,"234","At Risk","At Risk","Occasional"
"17282","2011-08-01","3","1703.41",153,2,4,4,"244","At Risk","At Risk","Occasional"
"12843","2011-10-05","8","1702.26",88,3,5,4,"354","Developing","Active","Loyal"
"16007","2011-10-23","4","1701.94",70,3,4,4,"344","Developing","Active","Occasional"
"13184","2011-11-25","10","1701.29",37,4,5,4,"454","Loyal","Active","Loyal"
"17193","2011-11-04","7","1699.30",58,3,5,4,"354","Developing","Active","Loyal"
"13824","2011-11-07","5","1698.94",55,3,4,4,"344","Developing","Active","Occasional"
"16775","2011-11-29","11","1695.66",33,5,5,4,"554","Champion","Active","Loyal"
"12764","2011-01-27","1","1693.88",339,1,1,4,"114","Lost","Churned","One-Time"
"14245","2011-05-04","2","1693.45",242,1,3,4,"134","At Risk","Churned","Occasional"
"15549","2011-09-23","3","1693.26",100,2,3,4,"234","At Risk","At Risk","Occasional"
"16813","2011-12-01","10","1692.98",31,5,5,4,"554","Champion","Active","Loyal"
"16671","2011-11-11","3","1692.27",51,4,4,4,"444","Loyal","Active","Occasional"
"15380","2011-12-01","5","1690.26",31,5,4,4,"544","Loyal","Active","Occasional"
"17152","2011-05-29","3","1689.50",217,1,4,4,"144","At Risk","Churned","Occasional"
"12635","2011-09-11","2","1689.18",112,2,2,4,"224","Developing","At Risk","Occasional"
"13162","2011-08-09","4","1688.29",145,2,4,4,"244","At Risk","At Risk","Occasional"
"13577","2011-11-14","4","1687.60",48,4,4,4,"444","Loyal","Active","Occasional"
"16638","2011-11-17","10","1680.72",45,4,5,4,"454","Loyal","Active","Loyal"
"13647","2011-11-30","4","1678.12",32,5,4,4,"544","Loyal","Active","Occasional"
"13149","2011-11-25","4","1676.06",37,4,4,4,"444","Loyal","Active","Occasional"
"17656","2011-09-27","5","1674.69",96,2,4,4,"244","At Risk","At Risk","Occasional"
"16115","2011-11-30","8","1667.97",32,5,5,4,"554","Champion","Active","Loyal"
"12912","2011-12-07","5","1662.30",25,5,4,4,"544","Loyal","Active","Occasional"
"12530","2011-10-11","4","1662.28",82,3,4,4,"344","Developing","Active","Occasional"
"13012","2011-11-30","8","1661.84",32,5,5,4,"554","Champion","Active","Loyal"
"15214","2011-12-08","8","1661.44",24,5,5,4,"554","Champion","Active","Loyal"
"15024","2011-11-30","10","1661.33",32,5,5,4,"554","Champion","Active","Loyal"
"15332","2010-12-08","4","1661.06",389,1,4,4,"144","At Risk","Churned","Occasional"
"12967","2010-12-16","2","1660.90",381,1,2,4,"124","Developing","Churned","Occasional"
"14045","2011-08-22","4","1659.75",132,2,4,4,"244","At Risk","At Risk","Occasional"
"15953","2011-11-24","8","1659.38",38,4,5,4,"454","Loyal","Active","Loyal"
"15826","2011-10-14","3","1654.31",79,3,4,4,"344","Developing","Active","Occasional"
"14573","2011-06-13","9","1653.42",202,1,5,4,"154","At Risk","Churned","Loyal"
"17284","2011-10-10","6","1652.58",83,3,5,4,"354","Developing","Active","Loyal"
"16711","2011-12-06","5","1651.03",26,5,4,4,"544","Loyal","Active","Occasional"
"14837","2011-09-11","4","1649.50",112,2,4,4,"244","At Risk","At Risk","Occasional"
"13750","2011-10-17","5","1647.26",76,3,4,4,"344","Developing","Active","Occasional"
"12657","2011-11-28","4","1643.18",34,5,4,4,"544","Loyal","Active","Occasional"
"15002","2011-08-16","4","1641.76",138,2,4,4,"244","At Risk","At Risk","Occasional"
"13627","2011-10-11","5","1638.47",82,3,4,4,"344","Developing","Active","Occasional"
"12398","2011-10-25","1","1635.66",68,3,1,4,"314","Potential","Active","One-Time"
"15122","2011-08-17","3","1633.78",137,2,3,4,"234","At Risk","At Risk","Occasional"
"14164","2011-09-30","2","1631.77",93,3,3,4,"334","Developing","At Risk","Occasional"
"17673","2011-12-08","6","1629.12",24,5,5,4,"554","Champion","Active","Loyal"
"12377","2011-01-28","2","1628.12",338,1,2,4,"124","Developing","Churned","Occasional"
"16515","2011-10-18","5","1627.13",75,3,4,4,"344","Developing","Active","Occasional"
"14759","2011-12-05","3","1625.97",27,5,3,4,"534","Developing","Active","Occasional"
"16987","2011-12-06","7","1625.05",26,5,5,4,"554","Champion","Active","Loyal"
"13425","2011-08-23","3","1624.21",131,2,3,4,"234","At Risk","At Risk","Occasional"
"15172","2011-12-01","5","1624.05",31,5,4,4,"544","Loyal","Active","Occasional"
"14937","2011-10-14","3","1621.88",79,3,3,4,"334","Developing","Active","Occasional"
"17101","2011-11-29","4","1621.73",33,5,4,4,"544","Loyal","Active","Occasional"
"14178","2011-12-01","7","1620.93",31,5,5,4,"554","Champion","Active","Loyal"
"16801","2011-06-29","4","1619.73",186,2,4,4,"244","At Risk","Churned","Occasional"
"18161","2011-11-24","5","1618.69",38,4,4,4,"444","Loyal","Active","Occasional"
"14336","2011-11-23","4","1614.91",39,4,4,4,"444","Loyal","Active","Occasional"
"16992","2011-11-29","5","1614.31",33,5,4,4,"544","Loyal","Active","Occasional"
"15791","2011-10-27","2","1612.69",66,3,3,4,"334","Developing","Active","Occasional"
"14312","2011-10-24","6","1611.59",69,3,5,4,"354","Developing","Active","Loyal"
"13614","2011-11-15","4","1610.46",47,4,4,4,"444","Loyal","Active","Occasional"
"14918","2011-08-16","2","1610.15",138,2,3,4,"234","At Risk","At Risk","Occasional"
"12868","2011-06-07","6","1607.06",208,1,5,4,"154","At Risk","Churned","Loyal"
"16817","2011-12-07","9","1604.75",25,5,5,4,"554","Champion","Active","Loyal"
"12947","2011-07-19","6","1603.99",166,2,5,4,"254","At Risk","At Risk","Loyal"
"16466","2011-11-06","7","1603.46",56,3,5,4,"354","Developing","Active","Loyal"
"14719","2011-12-08","5","1602.13",24,5,4,4,"544","Loyal","Active","Occasional"
"14587","2011-11-21","9","1601.14",41,4,5,4,"454","Loyal","Active","Loyal"
"15660","2011-11-14","9","1600.86",48,4,5,4,"454","Loyal","Active","Loyal"
"16496","2011-12-01","3","1599.52",31,5,4,4,"544","Loyal","Active","Occasional"
"13850","2011-08-02","1","1595.48",152,2,1,4,"214","Developing","At Risk","One-Time"
"17837","2011-10-28","8","1593.38",65,3,5,4,"354","Developing","Active","Loyal"
"16332","2011-11-11","7","1593.20",51,4,5,4,"454","Loyal","Active","Loyal"
"16676","2011-11-06","4","1592.12",56,3,4,4,"344","Developing","Active","Occasional"
"14970","2011-10-02","4","1592.06",91,3,4,4,"344","Developing","At Risk","Occasional"
"15611","2011-11-30","13","1591.45",32,5,5,4,"554","Champion","Active","Loyal"
"18178","2011-08-03","4","1590.81",151,2,4,4,"244","At Risk","At Risk","Occasional"
"14442","2011-05-19","2","1589.82",227,1,3,4,"134","At Risk","Churned","Occasional"
"12393","2011-09-28","4","1582.60",95,2,4,4,"244","At Risk","At Risk","Occasional"
"15532","2011-11-14","4","1580.93",48,4,4,4,"444","Loyal","Active","Occasional"
"12607","2011-10-10","1","1579.51",83,3,1,4,"314","Potential","Active","One-Time"
"13814","2011-09-08","2","1579.12",115,2,2,4,"224","Developing","At Risk","Occasional"
"16889","2011-05-29","3","1578.67",217,1,4,4,"144","At Risk","Churned","Occasional"
"13186","2011-10-31","3","1575.89",62,3,3,4,"334","Developing","Active","Occasional"
"13634","2011-11-06","5","1575.16",56,3,4,4,"344","Developing","Active","Occasional"
"13659","2011-05-18","2","1573.20",228,1,2,4,"124","Developing","Churned","Occasional"
"17671","2011-11-24","4","1572.71",38,4,4,4,"444","Loyal","Active","Occasional"
"16283","2011-12-04","5","1570.81",28,5,4,4,"544","Loyal","Active","Occasional"
"12865","2011-11-13","2","1568.23",49,4,2,4,"424","Potential","Active","Occasional"
"15906","2011-11-20","7","1567.69",42,4,5,4,"454","Loyal","Active","Loyal"
"15111","2011-11-10","3","1567.48",52,4,3,4,"434","Developing","Active","Occasional"
"17085","2011-08-08","5","1566.65",146,2,4,4,"244","At Risk","At Risk","Occasional"
"17204","2011-06-17","4","1564.56",198,2,4,4,"244","At Risk","Churned","Occasional"
"18239","2011-05-05","5","1561.61",241,1,4,4,"144","At Risk","Churned","Occasional"
"14038","2011-09-22","3","1560.38",101,2,3,4,"234","At Risk","At Risk","Occasional"
"16394","2011-10-14","5","1555.34",79,3,4,4,"344","Developing","Active","Occasional"
"13313","2011-11-17","5","1555.32",45,4,4,4,"444","Loyal","Active","Occasional"
"16369","2011-11-21","3","1553.66",41,4,4,4,"444","Loyal","Active","Occasional"
"15620","2011-10-14","3","1553.18",79,3,3,4,"334","Developing","Active","Occasional"
"15117","2011-11-25","5","1551.78",37,4,4,4,"444","Loyal","Active","Occasional"
"13320","2011-09-22","4","1548.70",101,2,4,4,"244","At Risk","At Risk","Occasional"
"14229","2011-10-19","3","1547.20",74,3,3,4,"334","Developing","Active","Occasional"
"14704","2011-11-28","9","1546.91",34,5,5,4,"554","Champion","Active","Loyal"
"16790","2011-12-06","6","1545.62",26,5,5,4,"554","Champion","Active","Loyal"
"13397","2011-09-28","5","1544.13",95,2,4,4,"244","At Risk","At Risk","Occasional"
"15701","2011-12-07","4","1542.14",25,5,4,4,"544","Loyal","Active","Occasional"
"12818","2011-03-23","1","1542.08",284,1,1,4,"114","Lost","Churned","One-Time"
"16365","2011-11-22","9","1540.42",40,4,5,4,"454","Loyal","Active","Loyal"
"17159","2011-11-18","3","1538.88",44,4,4,4,"444","Loyal","Active","Occasional"
"13849","2011-10-19","2","1537.95",74,3,2,4,"324","Potential","Active","Occasional"
"12877","2011-12-06","12","1535.77",26,5,5,4,"554","Champion","Active","Loyal"
"15392","2011-12-05","4","1535.53",27,5,4,4,"544","Loyal","Active","Occasional"
"15625","2011-08-28","4","1534.26",126,2,4,4,"244","At Risk","At Risk","Occasional"
"13107","2011-10-26","4","1531.62",67,3,4,4,"344","Developing","Active","Occasional"
"12759","2011-10-18","3","1531.44",75,3,3,4,"334","Developing","Active","Occasional"
"14321","2011-11-29","5","1530.75",33,5,4,4,"544","Loyal","Active","Occasional"
"14567","2011-10-14","2","1530.36",79,3,3,4,"334","Developing","Active","Occasional"
"15916","2011-11-23","8","1528.09",39,4,5,4,"454","Loyal","Active","Loyal"
"16244","2011-05-12","2","1522.75",234,1,3,4,"134","At Risk","Churned","Occasional"
"16434","2011-11-10","7","1522.25",52,4,5,4,"454","Loyal","Active","Loyal"
"16066","2011-11-23","5","1521.87",39,4,4,4,"444","Loyal","Active","Occasional"
"13764","2011-09-30","3","1521.76",93,3,3,4,"334","Developing","At Risk","Occasional"
"13213","2011-10-14","5","1520.58",79,3,4,4,"344","Developing","Active","Occasional"
"16880","2011-11-09","7","1519.08",53,4,5,4,"454","Loyal","Active","Loyal"
"14267","2011-06-30","3","1516.24",185,2,3,4,"234","At Risk","Churned","Occasional"
"13791","2011-08-04","2","1516.00",150,2,2,4,"224","Developing","At Risk","Occasional"
"16748","2011-11-22","5","1515.90",40,4,4,4,"444","Loyal","Active","Occasional"
"16053","2011-11-07","2","1511.95",55,4,3,4,"434","Developing","Active","Occasional"
"16910","2011-12-05","8","1510.06",27,5,5,4,"554","Champion","Active","Loyal"
"16279","2011-11-18","3","1509.58",44,4,4,4,"444","Loyal","Active","Occasional"
"16016","2011-12-06","8","1508.76",26,5,5,4,"554","Champion","Active","Loyal"
"15265","2011-07-11","2","1506.12",174,2,3,4,"234","At Risk","At Risk","Occasional"
"12937","2011-11-24","4","1504.27",38,4,4,4,"444","Loyal","Active","Occasional"
"15530","2011-11-18","4","1502.35",44,4,4,4,"444","Loyal","Active","Occasional"
"16762","2011-11-20","3","1501.38",42,4,4,4,"444","Loyal","Active","Occasional"
"13810","2011-11-11","3","1499.01",51,4,3,4,"434","Developing","Active","Occasional"
"17571","2011-10-20","4","1498.51",73,3,4,4,"344","Developing","Active","Occasional"
"14414","2011-09-09","7","1496.98",114,2,5,4,"254","At Risk","At Risk","Loyal"
"16755","2011-08-17","3","1496.83",137,2,4,4,"244","At Risk","At Risk","Occasional"
"17002","2011-09-15","3","1493.73",108,2,4,4,"244","At Risk","At Risk","Occasional"
"15057","2011-03-09","2","1489.50",298,1,3,4,"134","At Risk","Churned","Occasional"
"13110","2011-11-08","7","1488.67",54,4,5,4,"454","Loyal","Active","Loyal"
"13692","2011-11-15","3","1488.32",47,4,3,4,"434","Developing","Active","Occasional"
"14963","2011-11-30","5","1487.80",32,5,4,4,"544","Loyal","Active","Occasional"
"17553","2011-08-02","1","1487.60",152,2,2,4,"224","Developing","At Risk","One-Time"
"16395","2011-10-10","5","1486.90",83,3,4,4,"344","Developing","Active","Occasional"
"14878","2011-11-27","9","1485.54",35,5,5,4,"554","Champion","Active","Loyal"
"14758","2011-07-18","4","1484.06",167,2,4,4,"244","At Risk","At Risk","Occasional"
"18016","2011-11-07","5","1483.56",55,4,4,4,"444","Loyal","Active","Occasional"
"15427","2011-11-06","3","1483.14",56,3,3,4,"334","Developing","Active","Occasional"
"17590","2011-12-07","3","1479.22",25,5,4,4,"544","Loyal","Active","Occasional"
"14403","2011-08-01","4","1475.81",153,2,4,4,"244","At Risk","At Risk","Occasional"
"15983","2011-11-17","4","1475.02",45,4,4,4,"444","Loyal","Active","Occasional"
"12826","2011-12-07","7","1474.72",25,5,5,4,"554","Champion","Active","Loyal"
"14404","2011-11-06","6","1474.32",56,3,5,4,"354","Developing","Active","Loyal"
"14246","2011-08-21","3","1474.06",133,2,3,4,"234","At Risk","At Risk","Occasional"
"15128","2011-10-10","4","1471.00",83,3,4,4,"344","Developing","Active","Occasional"
"16348","2011-11-07","7","1469.45",55,4,5,4,"454","Loyal","Active","Loyal"
"14875","2011-08-24","2","1465.32",130,2,3,4,"234","At Risk","At Risk","Occasional"
"12882","2011-11-30","2","1463.04",32,5,2,4,"524","Potential","Active","Occasional"
"14233","2011-10-21","4","1462.72",72,3,4,4,"344","Developing","Active","Occasional"
"14541","2011-10-12","8","1461.65",81,3,5,4,"354","Developing","Active","Loyal"
"17063","2011-11-18","7","1461.14",44,4,5,4,"454","Loyal","Active","Loyal"
"16059","2011-10-05","6","1459.86",88,3,5,4,"354","Developing","Active","Loyal"
"16996","2011-11-09","6","1456.96",53,4,5,4,"454","Loyal","Active","Loyal"
"13309","2011-12-02","5","1456.79",30,5,4,4,"544","Loyal","Active","Occasional"
"13477","2011-11-02","6","1454.58",60,3,5,4,"354","Developing","Active","Loyal"
"15987","2011-11-27","7","1451.28",35,5,5,4,"554","Champion","Active","Loyal"
"14740","2011-05-26","3","1448.21",220,1,3,4,"134","At Risk","Churned","Occasional"
"15426","2011-11-20","5","1447.39",42,4,4,4,"444","Loyal","Active","Occasional"
"14591","2011-11-24","4","1447.14",38,4,4,4,"444","Loyal","Active","Occasional"
"17073","2011-11-22","4","1446.09",40,4,4,4,"444","Loyal","Active","Occasional"
"13717","2011-11-07","6","1445.01",55,3,5,4,"354","Developing","Active","Loyal"
"13461","2011-11-01","3","1445.00",61,3,3,4,"334","Developing","Active","Occasional"
"17175","2011-10-26","4","1443.69",67,3,4,4,"344","Developing","Active","Occasional"
"15478","2011-10-30","2","1441.42",63,3,3,4,"334","Developing","Active","Occasional"
"15858","2011-11-24","5","1438.85",38,4,4,4,"444","Loyal","Active","Occasional"
"14071","2011-12-06","8","1438.82",26,5,5,4,"554","Champion","Active","Loyal"
"13159","2011-12-01","4","1437.85",31,5,4,4,"544","Loyal","Active","Occasional"
"14566","2011-08-21","1","1432.00",133,2,1,4,"214","Developing","At Risk","One-Time"
"16503","2011-08-25","4","1431.93",129,2,4,4,"244","At Risk","At Risk","Occasional"
"13475","2011-06-01","4","1431.78",214,1,4,4,"144","At Risk","Churned","Occasional"
"16103","2011-12-02","6","1429.64",30,5,5,4,"554","Champion","Active","Loyal"
"16271","2011-12-07","5","1429.24",25,5,4,4,"544","Loyal","Active","Occasional"
"14035","2011-11-11","5","1428.02",51,4,4,4,"444","Loyal","Active","Occasional"
"15681","2011-11-14","5","1426.16",48,4,4,4,"444","Loyal","Active","Occasional"
"15106","2011-11-22","5","1422.52",40,4,4,4,"444","Loyal","Active","Occasional"
"16463","2011-11-18","4","1422.40",44,4,4,4,"444","Loyal","Active","Occasional"
"16571","2011-11-13","3","1421.69",49,4,4,4,"444","Loyal","Active","Occasional"
"14019","2011-10-24","3","1421.61",69,3,3,4,"334","Developing","Active","Occasional"
"14901","2011-11-28","9","1421.29",34,5,5,4,"554","Champion","Active","Loyal"
"14443","2011-10-17","4","1420.20",76,3,4,4,"344","Developing","Active","Occasional"
"17288","2011-11-30","7","1419.73",32,5,5,4,"554","Champion","Active","Loyal"
"16173","2011-11-24","6","1418.32",38,4,5,4,"454","Loyal","Active","Loyal"
"15444","2011-11-30","2","1418.26",32,5,3,4,"534","Developing","Active","Occasional"
"18116","2011-10-03","8","1418.03",90,3,5,4,"354","Developing","Active","Loyal"
"17856","2011-12-08","4","1418.03",24,5,4,4,"544","Loyal","Active","Occasional"
"14649","2011-12-05","4","1417.29",27,5,4,4,"544","Loyal","Active","Occasional"
"14748","2011-11-10","5","1415.75",52,4,4,4,"444","Loyal","Active","Occasional"
"16012","2011-11-04","3","1415.29",58,3,4,4,"344","Developing","Active","Occasional"
"16245","2011-11-16","3","1413.66",46,4,4,4,"444","Loyal","Active","Occasional"
"17004","2011-10-24","2","1412.94",69,3,3,4,"334","Developing","Active","Occasional"
"15237","2011-12-08","4","1412.32",24,5,4,4,"544","Loyal","Active","Occasional"
"15596","2011-08-31","5","1406.59",123,2,4,4,"244","At Risk","At Risk","Occasional"
"17083","2011-08-22","3","1405.78",132,2,4,4,"244","At Risk","At Risk","Occasional"
"15563","2011-11-17","4","1400.44",45,4,4,4,"444","Loyal","Active","Occasional"
"14741","2011-11-28","6","1400.34",34,5,5,4,"554","Champion","Active","Loyal"
"18202","2011-05-24","3","1396.99",222,1,4,4,"144","At Risk","Churned","Occasional"
"13995","2011-11-24","5","1393.69",38,4,4,4,"444","Loyal","Active","Occasional"
"17354","2011-10-20","1","1393.06",73,3,2,4,"324","Potential","Active","One-Time"
"15810","2011-09-22","4","1391.98",101,2,4,4,"244","At Risk","At Risk","Occasional"
"15051","2011-11-16","3","1391.61",46,4,3,4,"434","Developing","Active","Occasional"
"13414","2011-07-29","3","1390.50",156,2,3,4,"234","At Risk","At Risk","Occasional"
"13516","2011-11-18","3","1389.41",44,4,3,4,"434","Developing","Active","Occasional"
"15898","2011-12-08","5","1388.88",24,5,4,4,"544","Loyal","Active","Occasional"
"16539","2011-12-07","4","1388.81",25,5,4,4,"544","Loyal","Active","Occasional"
"15453","2011-12-08","7","1388.37",24,5,5,4,"554","Champion","Active","Loyal"
"15134","2011-11-25","8","1387.99",37,4,5,4,"454","Loyal","Active","Loyal"
"12952","2011-12-04","4","1387.79",28,5,4,4,"544","Loyal","Active","Occasional"
"17676","2011-12-05","6","1387.68",27,5,5,4,"554","Champion","Active","Loyal"
"12775","2011-11-22","5","1386.04",40,4,4,4,"444","Loyal","Active","Occasional"
"13308","2011-11-17","3","1385.51",45,4,3,4,"434","Developing","Active","Occasional"
"18167","2011-11-16","3","1384.86",46,4,4,4,"444","Loyal","Active","Occasional"
"17311","2011-09-22","2","1384.85",101,2,3,4,"234","At Risk","At Risk","Occasional"
"13572","2011-05-18","1","1384.25",228,1,1,4,"114","Lost","Churned","One-Time"
"14507","2011-11-16","6","1383.18",46,4,5,4,"454","Loyal","Active","Loyal"
"14116","2011-11-20","5","1382.74",42,4,4,4,"444","Loyal","Active","Occasional"
"16389","2011-10-17","4","1382.07",76,3,4,4,"344","Developing","Active","Occasional"
"16726","2011-11-13","5","1382.02",49,4,4,4,"444","Loyal","Active","Occasional"
"17621","2011-11-18","3","1379.90",44,4,4,4,"444","Loyal","Active","Occasional"
"12886","2011-10-03","2","1378.40",90,3,2,4,"324","Potential","Active","Occasional"
"15569","2011-08-28","5","1375.71",126,2,4,4,"244","At Risk","At Risk","Occasional"
"16669","2011-11-16","3","1374.87",46,4,4,4,"444","Loyal","Active","Occasional"
"14434","2011-11-18","6","1372.80",44,4,5,4,"454","Loyal","Active","Loyal"
"15095","2011-08-28","4","1370.60",126,2,4,4,"244","At Risk","At Risk","Occasional"
"13813","2011-10-31","4","1366.86",62,3,4,4,"344","Developing","Active","Occasional"
"14897","2011-12-02","4","1366.38",30,5,4,4,"544","Loyal","Active","Occasional"
"13396","2011-11-10","2","1360.99",52,4,2,4,"424","Potential","Active","Occasional"
"14102","2011-12-04","5","1360.28",28,5,4,4,"544","Loyal","Active","Occasional"
"15411","2011-11-13","4","1358.88",49,4,4,4,"444","Loyal","Active","Occasional"
"13232","2011-11-27","7","1357.60",35,5,5,4,"554","Champion","Active","Loyal"
"17054","2011-11-11","5","1356.33",51,4,4,4,"444","Loyal","Active","Occasional"
"14859","2011-11-27","4","1353.74",35,5,4,4,"544","Loyal","Active","Occasional"
"14064","2011-11-10","5","1353.74",52,4,4,4,"444","Loyal","Active","Occasional"
"15116","2011-11-22","4","1352.75",40,4,4,4,"444","Loyal","Active","Occasional"
"16079","2011-11-23","3","1352.00",39,4,4,4,"444","Loyal","Active","Occasional"
"16493","2011-09-21","4","1351.63",102,2,4,4,"244","At Risk","At Risk","Occasional"
"12770","2011-05-13","1","1351.45",233,1,1,4,"114","Lost","Churned","One-Time"
"12646","2011-12-05","2","1346.97",27,5,2,4,"524","Potential","Active","Occasional"
"14154","2011-04-14","2","1345.62",262,1,3,4,"134","At Risk","Churned","Occasional"
"15398","2011-11-23","2","1345.53",39,4,3,4,"434","Developing","Active","Occasional"
"12463","2011-10-17","4","1344.78",76,3,4,4,"344","Developing","Active","Occasional"
"17372","2011-10-30","8","1342.68",63,3,5,4,"354","Developing","Active","Loyal"
"16317","2011-08-12","3","1341.65",142,2,4,4,"244","At Risk","At Risk","Occasional"
"13743","2011-12-07","7","1341.60",25,5,5,4,"554","Champion","Active","Loyal"
"18177","2011-11-08","6","1341.42",54,4,5,4,"454","Loyal","Active","Loyal"
"16045","2011-08-12","4","1340.70",142,2,4,4,"244","At Risk","At Risk","Occasional"
"13501","2011-02-24","1","1340.32",311,1,1,4,"114","Lost","Churned","One-Time"
"15734","2011-08-17","2","1339.45",137,2,3,4,"234","At Risk","At Risk","Occasional"
"12620","2011-11-25","3","1339.41",37,4,3,4,"434","Developing","Active","Occasional"
"15059","2011-10-30","9","1337.72",63,3,5,4,"354","Developing","Active","Loyal"
"16110","2011-10-25","3","1337.48",68,3,4,4,"344","Developing","Active","Occasional"
"12919","2011-12-01","6","1335.19",31,5,5,4,"554","Champion","Active","Loyal"
"15680","2011-11-30","3","1333.68",32,5,3,4,"534","Developing","Active","Occasional"
"17932","2011-11-10","3","1331.57",52,4,4,4,"444","Loyal","Active","Occasional"
"12676","2011-11-15","6","1331.39",47,4,5,4,"454","Loyal","Active","Loyal"
"16295","2011-11-30","4","1328.55",32,5,4,4,"544","Loyal","Active","Occasional"
"15146","2011-06-28","2","1327.16",187,2,3,4,"234","At Risk","Churned","Occasional"
"17633","2011-11-08","4","1324.84",54,4,4,4,"444","Loyal","Active","Occasional"
"12854","2011-09-22","3","1324.50",101,2,3,4,"234","At Risk","At Risk","Occasional"
"17095","2011-11-17","3","1324.16",45,4,4,4,"444","Loyal","Active","Occasional"
"16370","2011-09-18","4","1320.56",105,2,4,4,"244","At Risk","At Risk","Occasional"
"14794","2011-12-07","7","1319.91",25,5,5,4,"554","Champion","Active","Loyal"
"13168","2011-11-03","4","1319.19",59,3,4,4,"344","Developing","Active","Occasional"
"16083","2011-08-31","2","1317.62",123,2,3,4,"234","At Risk","At Risk","Occasional"
"12526","2011-12-09","3","1316.66",23,5,3,4,"534","Developing","Active","Occasional"
"14921","2011-11-09","2","1316.07",53,4,3,4,"434","Developing","Active","Occasional"
"12576","2011-11-04","5","1315.83",58,3,4,4,"344","Developing","Active","Occasional"
"14511","2011-11-28","5","1314.81",34,5,4,4,"544","Loyal","Active","Occasional"
"16464","2011-11-20","3","1314.68",42,4,4,4,"444","Loyal","Active","Occasional"
"14973","2011-08-24","3","1314.45",130,2,3,4,"234","At Risk","At Risk","Occasional"
"14738","2011-10-28","7","1314.45",65,3,5,4,"354","Developing","Active","Loyal"
"16040","2011-10-05","3","1313.55",88,3,4,4,"344","Developing","Active","Occasional"
"12364","2011-12-02","4","1313.10",30,5,4,4,"544","Loyal","Active","Occasional"
"12516","2011-09-23","2","1312.06",100,2,2,4,"224","Developing","At Risk","Occasional"
"14856","2011-11-03","3","1311.38",59,3,3,4,"334","Developing","Active","Occasional"
"14477","2011-11-20","4","1309.60",42,4,4,4,"444","Loyal","Active","Occasional"
"16120","2011-10-11","4","1309.14",82,3,4,4,"344","Developing","Active","Occasional"
"14047","2011-12-01","5","1308.61",31,5,4,4,"544","Loyal","Active","Occasional"
"13328","2011-01-27","1","1308.48",339,1,1,4,"114","Lost","Churned","One-Time"
"14297","2011-11-22","4","1305.33",40,4,4,4,"444","Loyal","Active","Occasional"
"12507","2011-07-28","3","1304.81",157,2,3,4,"234","At Risk","At Risk","Occasional"
"16744","2011-11-28","7","1304.76",34,5,5,4,"554","Champion","Active","Loyal"
"17919","2011-09-12","1","1304.04",111,2,2,4,"224","Developing","At Risk","One-Time"
"15813","2011-05-16","2","1303.91",230,1,3,4,"134","At Risk","Churned","Occasional"
"14898","2011-11-16","6","1303.52",46,4,5,4,"454","Loyal","Active","Loyal"
"15108","2011-07-21","4","1300.25",164,2,4,4,"244","At Risk","At Risk","Occasional"
"15494","2011-11-18","2","1299.23",44,4,3,4,"434","Developing","Active","Occasional"
"12488","2011-11-30","3","1298.66",32,5,3,4,"534","Developing","Active","Occasional"
"12372","2011-09-29","3","1298.04",94,2,3,4,"234","At Risk","At Risk","Occasional"
"15602","2011-12-01","9","1297.87",31,5,5,4,"554","Champion","Active","Loyal"
"17961","2011-11-18","39","1296.44",44,4,5,4,"454","Loyal","Active","Loyal"
"16929","2011-12-06","7","1295.39",26,5,5,4,"554","Champion","Active","Loyal"
"16224","2011-10-13","4","1295.30",80,3,4,4,"344","Developing","Active","Occasional"
"15621","2011-12-05","4","1293.03",27,5,4,4,"544","Loyal","Active","Occasional"
"16101","2011-09-30","1","1290.70",93,3,2,4,"324","Potential","At Risk","One-Time"
"15171","2011-01-12","1","1289.50",354,1,1,4,"114","Lost","Churned","One-Time"
"15136","2011-12-07","4","1286.70",25,5,4,4,"544","Loyal","Active","Occasional"
"16949","2011-12-06","6","1286.27",26,5,5,4,"554","Champion","Active","Loyal"
"17350","2011-12-01","4","1286.07",31,5,4,4,"544","Loyal","Active","Occasional"
"17802","2011-09-18","3","1285.04",105,2,4,4,"244","At Risk","At Risk","Occasional"
"16899","2011-12-02","6","1281.56",30,5,5,4,"554","Champion","Active","Loyal"
"13878","2011-10-16","1","1281.53",77,3,1,4,"314","Potential","Active","One-Time"
"13538","2011-10-27","7","1280.85",66,3,5,4,"354","Developing","Active","Loyal"
"16951","2011-07-28","3","1277.75",157,2,4,4,"244","At Risk","At Risk","Occasional"
"16692","2011-03-28","2","1276.00",279,1,3,4,"134","At Risk","Churned","Occasional"
"17019","2011-11-28","4","1272.61",34,5,4,4,"544","Loyal","Active","Occasional"
"12394","2011-10-07","2","1272.48",86,3,2,4,"324","Potential","Active","Occasional"
"12630","2011-11-30","2","1270.88",32,5,2,4,"524","Potential","Active","Occasional"
"14669","2011-04-12","3","1269.99",264,1,3,4,"134","At Risk","Churned","Occasional"
"13492","2011-07-26","3","1269.84",159,2,3,4,"234","At Risk","At Risk","Occasional"
"13431","2011-10-03","2","1269.10",90,3,2,4,"324","Potential","Active","Occasional"
"14916","2011-09-30","4","1268.98",93,3,4,4,"344","Developing","At Risk","Occasional"
"15199","2011-10-11","4","1268.70",82,3,4,4,"344","Developing","Active","Occasional"
"16660","2011-11-23","4","1267.65",39,4,4,4,"444","Loyal","Active","Occasional"
"17037","2011-09-13","1","1267.32",110,2,2,4,"224","Developing","At Risk","One-Time"
"17158","2011-11-07","3","1266.97",55,4,4,4,"444","Loyal","Active","Occasional"
"14105","2011-04-14","1","1266.23",262,1,1,4,"114","Lost","Churned","One-Time"
"13989","2011-10-05","2","1266.08",88,3,3,4,"334","Developing","Active","Occasional"
"16842","2011-08-31","3","1264.19",123,2,4,4,"244","At Risk","At Risk","Occasional"
"15497","2011-11-22","2","1262.20",40,4,3,4,"434","Developing","Active","Occasional"
"15009","2011-11-27","3","1261.78",35,5,3,4,"534","Developing","Active","Occasional"
"16688","2011-12-08","4","1260.86",24,5,4,4,"544","Loyal","Active","Occasional"
"17388","2011-09-23","4","1259.56",100,2,4,4,"244","At Risk","At Risk","Occasional"
"17412","2011-12-07","7","1258.06",25,5,5,4,"554","Champion","Active","Loyal"
"13151","2011-02-17","1","1257.87",318,1,1,4,"114","Lost","Churned","One-Time"
"14931","2011-12-05","5","1257.68",27,5,4,4,"544","Loyal","Active","Occasional"
"16639","2011-11-08","3","1257.51",54,4,4,4,"444","Loyal","Active","Occasional"
"17481","2011-12-06","4","1255.59",26,5,4,4,"544","Loyal","Active","Occasional"
"13848","2011-09-08","3","1255.00",115,2,3,4,"234","At Risk","At Risk","Occasional"
"17262","2011-10-18","5","1253.36",75,3,4,4,"344","Developing","Active","Occasional"
"14698","2011-12-08","5","1250.76",24,5,4,4,"544","Loyal","Active","Occasional"
"14383","2011-11-01","3","1247.69",61,3,3,4,"334","Developing","Active","Occasional"
"12689","2011-11-14","2","1247.61",48,4,2,4,"424","Potential","Active","Occasional"
"13029","2011-11-09","3","1247.50",53,4,3,4,"434","Developing","Active","Occasional"
"15004","2011-07-15","1","1246.32",170,2,1,4,"214","Developing","At Risk","One-Time"
"12494","2011-11-24","7","1246.10",38,4,5,4,"454","Loyal","Active","Loyal"
"13860","2011-12-08","5","1245.90",24,5,4,4,"544","Loyal","Active","Occasional"
"14428","2011-12-02","5","1244.83",30,5,4,4,"544","Loyal","Active","Occasional"
"16531","2011-11-17","7","1244.59",45,4,5,4,"454","Loyal","Active","Loyal"
"17584","2011-12-02","2","1242.30",30,5,3,4,"534","Developing","Active","Occasional"
"17588","2011-08-31","3","1240.20",123,2,4,4,"244","At Risk","At Risk","Occasional"
"17731","2011-09-21","4","1240.11",102,2,4,4,"244","At Risk","At Risk","Occasional"
"12985","2011-12-09","2","1239.38",23,5,2,4,"524","Potential","Active","Occasional"
"13476","2011-06-14","2","1238.47",201,2,2,4,"224","Developing","Churned","Occasional"
"14893","2011-11-30","2","1237.85",32,5,3,4,"534","Developing","Active","Occasional"
"13931","2011-09-05","2","1237.53",118,2,2,4,"224","Developing","At Risk","Occasional"
"15201","2011-09-13","5","1236.54",110,2,4,4,"244","At Risk","At Risk","Occasional"
"14684","2011-11-14","5","1236.28",48,4,4,4,"444","Loyal","Active","Occasional"
"15376","2011-10-30","3","1233.36",63,3,3,4,"334","Developing","Active","Occasional"
"15910","2011-12-09","8","1232.18",23,5,5,4,"554","Champion","Active","Loyal"
"18080","2011-11-21","2","1231.50",41,4,3,4,"434","Developing","Active","Occasional"
"18171","2011-10-12","5","1231.31",81,3,4,4,"344","Developing","Active","Occasional"
"14913","2011-11-04","4","1227.43",58,3,4,4,"344","Developing","Active","Occasional"
"12997","2011-11-17","4","1226.89",45,4,4,4,"444","Loyal","Active","Occasional"
"12412","2011-09-26","3","1226.88",97,2,3,4,"234","At Risk","At Risk","Occasional"
"17774","2011-09-04","4","1225.41",119,2,4,4,"244","At Risk","At Risk","Occasional"
"15841","2011-09-28","4","1224.06",95,2,4,4,"244","At Risk","At Risk","Occasional"
"13208","2011-10-12","6","1223.90",81,3,5,4,"354","Developing","Active","Loyal"
"16794","2011-12-08","10","1222.71",24,5,5,4,"554","Champion","Active","Loyal"
"14745","2011-08-19","5","1220.26",135,2,4,4,"244","At Risk","At Risk","Occasional"
"15227","2011-11-03","5","1219.40",59,3,4,4,"344","Developing","Active","Occasional"
"13491","2011-10-19","10","1215.82",74,3,5,4,"354","Developing","Active","Loyal"
"17410","2011-11-23","5","1214.72",39,4,4,4,"444","Loyal","Active","Occasional"
"13055","2011-09-22","3","1214.41",101,2,3,4,"234","At Risk","At Risk","Occasional"
"18263","2011-11-14","3","1213.16",48,4,4,4,"444","Loyal","Active","Occasional"
"13918","2011-10-21","2","1212.84",72,3,2,4,"324","Potential","Active","Occasional"
"16653","2011-11-23","2","1212.66",39,4,3,4,"434","Developing","Active","Occasional"
"12464","2011-11-29","8","1212.05",33,5,5,4,"554","Champion","Active","Loyal"
"17653","2011-11-03","4","1207.56",59,3,4,4,"344","Developing","Active","Occasional"
"15737","2011-11-25","8","1205.12",37,4,5,4,"454","Loyal","Active","Loyal"
"16800","2011-11-28","1","1201.49",34,5,2,4,"524","Potential","Active","One-Time"
"13158","2011-09-06","4","1201.06",117,2,4,4,"244","At Risk","At Risk","Occasional"
"17320","2011-08-31","3","1200.62",123,2,4,4,"244","At Risk","At Risk","Occasional"
"17800","2011-11-02","9","1199.01",60,3,5,4,"354","Developing","Active","Loyal"
"15605","2011-11-03","5","1198.23",59,3,4,4,"344","Developing","Active","Occasional"
"13118","2011-11-20","5","1197.81",42,4,4,4,"444","Loyal","Active","Occasional"
"13211","2011-11-29","3","1197.42",33,5,3,4,"534","Developing","Active","Occasional"
"16042","2011-11-17","5","1197.27",45,4,4,4,"444","Loyal","Active","Occasional"
"17867","2011-11-09","6","1197.10",53,4,5,4,"454","Loyal","Active","Loyal"
"14487","2011-11-13","6","1196.33",49,4,5,4,"454","Loyal","Active","Loyal"
"17720","2011-11-13","4","1195.94",49,4,4,4,"444","Loyal","Active","Occasional"
"17526","2011-12-05","4","1195.90",27,5,4,4,"544","Loyal","Active","Occasional"
"15145","2011-12-05","4","1194.73",27,5,4,4,"544","Loyal","Active","Occasional"
"12611","2011-10-18","1","1193.32",75,3,1,4,"314","Potential","Active","One-Time"
"13882","2011-12-07","5","1191.13",25,5,4,4,"544","Loyal","Active","Occasional"
"12462","2011-11-21","2","1189.59",41,4,2,4,"424","Potential","Active","Occasional"
"16612","2011-11-07","4","1187.66",55,4,4,4,"444","Loyal","Active","Occasional"
"15630","2011-10-25","2","1186.35",68,3,3,4,"334","Developing","Active","Occasional"
"13752","2011-08-07","6","1186.28",147,2,5,4,"254","At Risk","At Risk","Loyal"
"17058","2011-09-19","3","1179.89",104,2,4,4,"244","At Risk","At Risk","Occasional"
"16950","2011-10-14","3","1178.56",79,3,4,4,"344","Developing","Active","Occasional"
"12885","2011-10-07","3","1175.22",86,3,3,4,"334","Developing","Active","Occasional"
"12640","2011-11-16","3","1174.58",46,4,3,4,"434","Developing","Active","Occasional"
"15306","2011-10-06","3","1174.35",87,3,3,4,"334","Developing","Active","Occasional"
"14857","2011-10-11","2","1173.12",82,3,3,4,"334","Developing","Active","Occasional"
"13611","2011-09-11","3","1171.80",112,2,3,4,"234","At Risk","At Risk","Occasional"
"18168","2011-06-16","6","1169.94",199,2,5,4,"254","At Risk","Churned","Loyal"
"12358","2011-12-08","2","1168.06",24,5,2,4,"524","Potential","Active","Occasional"
"13500","2011-11-16","3","1166.77",46,4,3,4,"434","Developing","Active","Occasional"
"14737","2011-12-06","3","1164.55",26,5,3,4,"534","Developing","Active","Occasional"
"14261","2011-10-20","2","1163.45",73,3,3,4,"334","Developing","Active","Occasional"
"14447","2011-11-21","5","1163.23",41,4,4,4,"444","Loyal","Active","Occasional"
"16714","2011-05-05","3","1161.53",241,1,4,4,"144","At Risk","Churned","Occasional"
"12546","2011-10-24","2","1161.50",69,3,2,4,"324","Potential","Active","Occasional"
"15088","2011-11-18","2","1160.07",44,4,3,4,"434","Developing","Active","Occasional"
"17348","2011-11-25","5","1159.52",37,4,4,4,"444","Loyal","Active","Occasional"
"13499","2011-11-22","5","1159.11",40,4,4,4,"444","Loyal","Active","Occasional"
"16184","2011-10-06","6","1158.79",87,3,5,4,"354","Developing","Active","Loyal"
"14723","2011-11-29","6","1158.30",33,5,5,4,"554","Champion","Active","Loyal"
"13744","2011-09-05","2","1156.36",118,2,2,4,"224","Developing","At Risk","Occasional"
"16637","2011-11-07","4","1154.47",55,4,4,4,"444","Loyal","Active","Occasional"
"16062","2011-11-30","4","1153.62",32,5,4,4,"544","Loyal","Active","Occasional"
"12710","2011-09-04","3","1149.02",119,2,3,4,"234","At Risk","At Risk","Occasional"
"17505","2011-07-01","2","1145.84",184,2,3,4,"234","At Risk","Churned","Occasional"
"16766","2011-03-11","2","1145.60",296,1,3,4,"134","At Risk","Churned","Occasional"
"12769","2011-04-15","1","1143.60",261,1,1,4,"114","Lost","Churned","One-Time"
"17770","2011-05-25","5","1143.27",221,1,4,4,"144","At Risk","Churned","Occasional"
"18125","2011-11-10","4","1142.99",52,4,4,4,"444","Loyal","Active","Occasional"
"15985","2011-08-08","2","1142.42",146,2,3,4,"234","At Risk","At Risk","Occasional"
"16270","2010-12-21","1","1141.24",376,1,2,4,"124","Developing","Churned","One-Time"
"13330","2011-09-08","3","1140.93",115,2,3,4,"234","At Risk","At Risk","Occasional"
"13819","2011-02-11","3","1140.35",324,1,3,4,"134","At Risk","Churned","Occasional"
"16172","2011-09-05","5","1140.21",118,2,4,4,"244","At Risk","At Risk","Occasional"
"17135","2011-11-23","7","1139.73",39,4,5,4,"454","Loyal","Active","Loyal"
"17500","2011-11-22","3","1138.00",40,4,4,4,"444","Loyal","Active","Occasional"
"17302","2011-11-25","5","1135.63",37,4,4,4,"444","Loyal","Active","Occasional"
"17242","2011-08-23","2","1135.04",131,2,3,4,"234","At Risk","At Risk","Occasional"
"15489","2011-11-17","3","1134.28",45,4,3,4,"434","Developing","Active","Occasional"
"16989","2011-12-02","6","1133.25",30,5,5,4,"554","Champion","Active","Loyal"
"17585","2011-08-22","4","1133.07",132,2,4,4,"244","At Risk","At Risk","Occasional"
"13282","2011-11-21","3","1132.14",41,4,3,4,"434","Developing","Active","Occasional"
"13772","2011-11-06","3","1132.13",56,3,3,4,"334","Developing","Active","Occasional"
"13310","2011-11-11","3","1132.03",51,4,3,4,"434","Developing","Active","Occasional"
"13610","2011-11-27","7","1131.88",35,5,5,4,"554","Champion","Active","Loyal"
"15500","2011-12-01","4","1131.56",31,5,4,4,"544","Loyal","Active","Occasional"
"13447","2011-11-16","3","1129.14",46,4,3,4,"434","Developing","Active","Occasional"
"14824","2011-11-29","4","1127.71",33,5,4,4,"544","Loyal","Active","Occasional"
"12609","2011-09-22","3","1126.85",101,2,3,4,"234","At Risk","At Risk","Occasional"
"14708","2011-12-07","3","1126.37",25,5,3,4,"534","Developing","Active","Occasional"
"17470","2011-10-26","5","1125.07",67,3,4,4,"344","Developing","Active","Occasional"
"14129","2011-12-08","5","1123.86",24,5,4,4,"544","Loyal","Active","Occasional"
"15436","2011-11-27","3","1122.53",35,5,3,4,"534","Developing","Active","Occasional"
"13486","2011-09-22","3","1122.41",101,2,3,4,"234","At Risk","At Risk","Occasional"
"17562","2011-11-25","7","1122.38",37,4,5,4,"454","Loyal","Active","Loyal"
"16807","2011-07-20","3","1121.59",165,2,4,4,"244","At Risk","At Risk","Occasional"
"16086","2011-10-11","5","1121.39",82,3,4,4,"344","Developing","Active","Occasional"
"15730","2011-10-05","3","1120.88",88,3,3,4,"334","Developing","Active","Occasional"
"17894","2011-09-29","8","1119.81",94,3,5,4,"354","Developing","At Risk","Loyal"
"14276","2011-09-02","3","1119.74",121,2,3,4,"234","At Risk","At Risk","Occasional"
"13064","2011-11-27","4","1119.49",35,4,4,4,"444","Loyal","Active","Occasional"
"12842","2011-09-30","2","1118.99",93,3,2,4,"324","Potential","At Risk","Occasional"
"15716","2011-07-17","4","1118.81",168,2,4,4,"244","At Risk","At Risk","Occasional"
"17788","2011-09-27","2","1117.90",96,2,3,4,"234","At Risk","At Risk","Occasional"
"13591","2011-10-06","3","1117.13",87,3,3,4,"334","Developing","Active","Occasional"
"14971","2011-11-04","3","1116.57",58,3,3,4,"334","Developing","Active","Occasional"
"16350","2011-11-18","4","1116.47",44,4,4,4,"444","Loyal","Active","Occasional"
"12679","2011-10-12","4","1113.02",81,3,4,4,"344","Developing","Active","Occasional"
"17609","2011-10-30","5","1112.22",63,3,4,4,"344","Developing","Active","Occasional"
"16049","2011-10-30","3","1111.79",63,3,4,4,"344","Developing","Active","Occasional"
"14161","2011-05-08","3","1110.52",238,1,3,4,"134","At Risk","Churned","Occasional"
"14817","2011-05-23","2","1110.34",223,1,3,4,"134","At Risk","Churned","Occasional"
"15069","2011-06-13","1","1109.53",202,1,1,4,"114","Lost","Churned","One-Time"
"12399","2011-08-12","4","1108.65",142,2,4,4,"244","At Risk","At Risk","Occasional"
"15933","2011-11-18","3","1107.46",44,4,4,4,"444","Loyal","Active","Occasional"
"16833","2011-12-08","4","1106.53",24,5,4,4,"544","Loyal","Active","Occasional"
"12857","2011-05-13","2","1106.40",233,1,2,4,"124","Developing","Churned","Occasional"
"14410","2011-09-08","9","1105.07",115,2,5,4,"254","At Risk","At Risk","Loyal"
"14948","2011-11-16","6","1101.97",46,4,5,4,"454","Loyal","Active","Loyal"
"17047","2011-09-15","3","1100.90",108,2,4,4,"244","At Risk","At Risk","Occasional"
"14744","2011-11-23","7","1099.98",39,4,5,4,"454","Loyal","Active","Loyal"
"15978","2011-09-23","1","1098.78",100,2,2,4,"224","Developing","At Risk","One-Time"
"13104","2011-12-06","6","1098.48",26,5,5,4,"554","Champion","Active","Loyal"
"17966","2011-11-02","5","1098.43",60,3,4,4,"344","Developing","Active","Occasional"
"16225","2011-10-26","5","1096.32",67,3,4,4,"344","Developing","Active","Occasional"
"16533","2011-11-20","3","1095.56",42,4,4,4,"444","Loyal","Active","Occasional"
"13652","2011-10-25","3","1095.08",68,3,3,4,"334","Developing","Active","Occasional"
"15745","2011-11-20","4","1094.59",42,4,4,4,"444","Loyal","Active","Occasional"
"15608","2011-11-11","4","1093.68",51,4,4,4,"444","Loyal","Active","Occasional"
"13521","2011-12-08","3","1093.65",24,5,3,4,"534","Developing","Active","Occasional"
"18189","2011-09-23","2","1090.24",100,2,3,4,"234","At Risk","At Risk","Occasional"
"13853","2011-10-13","1","1090.14",80,3,1,4,"314","Potential","Active","One-Time"
"12534","2011-08-01","1","1089.18",153,2,1,4,"214","Developing","At Risk","One-Time"
"15763","2011-11-08","2","1086.92",54,4,3,4,"434","Developing","Active","Occasional"
"13467","2011-11-29","2","1083.71",33,5,2,4,"524","Potential","Active","Occasional"
"17041","2011-11-13","3","1081.57",49,4,4,4,"444","Loyal","Active","Occasional"
"14561","2011-09-25","3","1080.76",98,2,3,4,"234","At Risk","At Risk","Occasional"
"16200","2011-12-05","2","1080.62",27,5,3,4,"534","Developing","Active","Occasional"
"13726","2011-11-01","2","1079.66",61,3,2,4,"324","Potential","Active","Occasional"
"15197","2011-11-29","3","1079.61",33,5,3,4,"534","Developing","Active","Occasional"
"12354","2011-04-21","1","1079.40",255,1,1,4,"114","Lost","Churned","One-Time"
"13715","2011-03-03","5","1079.34",304,1,4,4,"144","At Risk","Churned","Occasional"
"14352","2011-07-05","4","1078.96",180,2,4,4,"244","At Risk","At Risk","Occasional"
"16980","2011-03-29","2","1078.96",278,1,3,4,"134","At Risk","Churned","Occasional"
"16094","2011-11-28","4","1078.23",34,5,4,4,"544","Loyal","Active","Occasional"
"16563","2011-10-17","1","1077.74",76,3,2,4,"324","Potential","Active","One-Time"
"13131","2011-11-16","3","1073.30",46,4,3,4,"434","Developing","Active","Occasional"
"15712","2011-11-30","5","1072.36",32,5,4,4,"544","Loyal","Active","Occasional"
"15238","2011-11-10","3","1071.99",52,4,3,4,"434","Developing","Active","Occasional"
"13635","2011-10-03","1","1071.03",90,3,1,4,"314","Potential","Active","One-Time"
"17522","2011-12-08","5","1070.71",24,5,4,4,"544","Loyal","Active","Occasional"
"13761","2011-10-20","2","1070.65",73,3,2,4,"324","Potential","Active","Occasional"
"14212","2011-09-11","1","1070.48",112,2,1,4,"214","Developing","At Risk","One-Time"
"17214","2011-10-10","6","1069.12",83,3,5,4,"354","Developing","Active","Loyal"
"16918","2011-10-21","6","1068.82",72,3,5,4,"354","Developing","Active","Loyal"
"15027","2011-11-09","4","1066.15",53,4,4,4,"444","Loyal","Active","Occasional"
"17277","2011-04-26","2","1065.35",250,1,3,4,"134","At Risk","Churned","Occasional"
"14488","2011-10-03","1","1064.28",90,3,1,4,"314","Potential","Active","One-Time"
"17287","2011-11-13","7","1064.11",49,4,5,4,"454","Loyal","Active","Loyal"
"12951","2011-12-01","6","1064.07",31,5,5,4,"554","Champion","Active","Loyal"
"15801","2011-10-24","3","1063.95",69,3,4,4,"344","Developing","Active","Occasional"
"12936","2011-11-22","4","1063.90",40,4,4,4,"444","Loyal","Active","Occasional"
"12815","2011-07-15","2","1063.46",170,2,2,4,"224","Developing","At Risk","Occasional"
"14411","2011-02-02","1","1063.00",333,1,1,4,"114","Lost","Churned","One-Time"
"16214","2011-06-22","3","1062.75",193,2,4,4,"244","At Risk","Churned","Occasional"
"15996","2011-09-12","6","1060.68",111,2,5,4,"254","At Risk","At Risk","Loyal"
"15706","2011-10-07","4","1060.56",86,3,4,4,"344","Developing","Active","Occasional"
"17727","2011-11-24","1","1060.25",38,4,2,4,"424","Potential","Active","One-Time"
"18130","2011-11-24","3","1059.39",38,4,4,4,"444","Loyal","Active","Occasional"
"14465","2011-04-07","3","1058.62",269,1,3,4,"134","At Risk","Churned","Occasional"
"13455","2011-11-15","2","1058.34",47,4,2,4,"424","Potential","Active","Occasional"
"14419","2011-11-29","6","1058.06",33,5,5,4,"554","Champion","Active","Loyal"
"15407","2011-11-06","4","1056.44",56,3,4,4,"344","Developing","Active","Occasional"
"14514","2011-10-09","3","1055.35",84,3,3,4,"334","Developing","Active","Occasional"
"15977","2011-11-22","2","1054.73",40,4,3,4,"434","Developing","Active","Occasional"
"16728","2011-10-24","4","1054.67",69,3,4,4,"344","Developing","Active","Occasional"
"12716","2011-12-06","2","1053.49",26,5,2,4,"524","Potential","Active","Occasional"
"14583","2011-12-04","5","1052.55",28,5,4,4,"544","Loyal","Active","Occasional"
"16416","2011-11-13","3","1051.40",49,4,4,4,"444","Loyal","Active","Occasional"
"12849","2011-11-08","2","1050.89",54,4,2,4,"424","Potential","Active","Occasional"
"14224","2011-08-21","4","1050.12",133,2,4,4,"244","At Risk","At Risk","Occasional"
"15329","2011-10-31","3","1049.70",62,3,3,4,"334","Developing","Active","Occasional"
"14078","2011-08-30","6","1049.37",124,2,5,4,"254","At Risk","At Risk","Loyal"
"15464","2011-01-05","1","1048.85",361,1,1,4,"114","Lost","Churned","One-Time"
"15839","2011-11-06","3","1048.49",56,3,4,4,"344","Developing","Active","Occasional"
"15777","2011-04-12","4","1047.11",264,1,4,4,"144","At Risk","Churned","Occasional"
"16520","2011-06-06","3","1046.57",209,1,4,4,"144","At Risk","Churned","Occasional"
"14293","2011-12-06","4","1046.56",26,5,4,4,"544","Loyal","Active","Occasional"
"17042","2011-12-07","5","1044.38",25,5,4,4,"544","Loyal","Active","Occasional"
"15192","2011-08-12","3","1044.32",142,2,3,4,"234","At Risk","At Risk","Occasional"
"14389","2011-10-05","2","1043.46",88,3,3,4,"334","Developing","Active","Occasional"
"15073","2011-11-30","3","1043.41",32,5,3,4,"534","Developing","Active","Occasional"
"12497","2011-09-19","1","1043.10",104,2,1,4,"214","Developing","At Risk","One-Time"
"14584","2011-06-23","4","1042.26",192,2,4,4,"244","At Risk","Churned","Occasional"
"13719","2011-11-24","5","1041.68",38,4,4,4,"444","Loyal","Active","Occasional"
"18221","2011-11-17","5","1041.61",45,4,4,4,"444","Loyal","Active","Occasional"
"15434","2011-12-01","5","1041.48",31,5,4,4,"544","Loyal","Active","Occasional"
"14446","2011-12-09","4","1039.58",23,5,4,4,"544","Loyal","Active","Occasional"
"16320","2011-06-20","2","1038.46",195,2,3,4,"234","At Risk","Churned","Occasional"
"16175","2011-09-06","4","1037.59",117,2,4,4,"244","At Risk","At Risk","Occasional"
"12691","2011-11-11","6","1035.80",51,4,5,4,"454","Loyal","Active","Loyal"
"16260","2011-10-20","1","1035.45",73,3,2,4,"324","Potential","Active","One-Time"
"13639","2011-09-26","1","1033.34",97,2,1,4,"214","Developing","At Risk","One-Time"
"17724","2011-09-29","3","1033.00",94,3,4,4,"344","Developing","At Risk","Occasional"
"12599","2011-11-10","7","1032.58",52,4,5,4,"454","Loyal","Active","Loyal"
"17405","2011-12-08","3","1031.41",24,5,4,4,"544","Loyal","Active","Occasional"
"12724","2011-12-04","4","1031.41",28,5,4,4,"544","Loyal","Active","Occasional"
"13235","2011-05-11","1","1031.07",235,1,1,4,"114","Lost","Churned","One-Time"
"12717","2011-07-11","2","1030.98",174,2,2,4,"224","Developing","At Risk","Occasional"
"13253","2011-07-06","2","1030.40",179,2,2,4,"224","Developing","At Risk","Occasional"
"17033","2011-09-14","3","1030.14",109,2,4,4,"244","At Risk","At Risk","Occasional"
"15333","2011-05-15","1","1028.56",231,1,1,4,"114","Lost","Churned","One-Time"
"16682","2011-12-05","5","1028.00",27,5,4,4,"544","Loyal","Active","Occasional"
"15104","2011-05-27","2","1027.44",219,1,3,4,"134","At Risk","Churned","Occasional"
"13956","2011-12-04","5","1026.42",28,5,4,4,"544","Loyal","Active","Occasional"
"16160","2011-10-05","2","1025.44",88,3,3,4,"334","Developing","Active","Occasional"
"14904","2011-12-07","2","1025.44",25,5,3,4,"534","Developing","Active","Occasional"
"15658","2011-06-02","5","1024.10",213,1,4,4,"144","At Risk","Churned","Occasional"
"17096","2011-11-24","4","1022.13",38,4,4,4,"444","Loyal","Active","Occasional"
"14346","2011-08-11","2","1021.58",143,2,3,4,"234","At Risk","At Risk","Occasional"
"13165","2011-10-24","2","1021.48",69,3,2,4,"324","Potential","Active","Occasional"
"12572","2011-12-01","2","1020.42",31,5,2,4,"524","Potential","Active","Occasional"
"13376","2011-09-01","3","1019.76",122,2,3,4,"234","At Risk","At Risk","Occasional"
"18142","2011-07-05","2","1019.52",180,2,3,4,"234","At Risk","At Risk","Occasional"
"12828","2011-12-07","6","1018.71",25,5,5,4,"554","Champion","Active","Loyal"
"14083","2011-12-05","9","1018.43",27,5,5,4,"554","Champion","Active","Loyal"
"12514","2011-03-17","1","1017.68",290,1,1,4,"114","Lost","Churned","One-Time"
"13728","2011-11-03","6","1016.14",59,3,5,4,"354","Developing","Active","Loyal"
"13867","2011-11-08","3","1015.29",54,4,3,4,"434","Developing","Active","Occasional"
"12642","2011-11-14","3","1013.26",48,4,3,4,"434","Developing","Active","Occasional"
"12739","2011-09-22","2","1013.04",101,2,2,4,"224","Developing","At Risk","Occasional"
"17197","2011-11-10","1","1013.01",52,4,2,4,"424","Potential","Active","One-Time"
"14195","2011-05-22","2","1012.00",224,1,3,4,"134","At Risk","Churned","Occasional"
"14775","2011-10-12","3","1011.90",81,3,3,4,"334","Developing","Active","Occasional"
"16229","2011-09-13","2","1010.60",110,2,3,4,"234","At Risk","At Risk","Occasional"
"13032","2011-10-18","2","1010.18",75,3,2,4,"324","Potential","Active","Occasional"
"16572","2011-08-04","3","1009.60",150,2,4,4,"244","At Risk","At Risk","Occasional"
"16174","2011-08-05","3","1009.55",149,2,4,4,"244","At Risk","At Risk","Occasional"
"17951","2011-10-31","3","1008.54",62,3,4,4,"344","Developing","Active","Occasional"
"17646","2011-05-04","3","1008.39",242,1,4,4,"144","At Risk","Churned","Occasional"
"14631","2011-10-20","3","1006.98",73,3,3,4,"334","Developing","Active","Occasional"
"13429","2011-11-29","4","1006.80",33,5,4,4,"544","Loyal","Active","Occasional"
"17126","2011-07-10","5","1004.75",175,2,4,4,"244","At Risk","At Risk","Occasional"
"14214","2011-11-09","5","1004.38",53,4,4,4,"444","Loyal","Active","Occasional"
"13410","2011-11-15","5","1003.06",47,4,4,4,"444","Loyal","Active","Occasional"
"12446","2011-10-13","1","1002.31",80,3,1,4,"314","Potential","Active","One-Time"
"12545","2011-09-25","2","1000.39",98,2,2,4,"224","Developing","At Risk","Occasional"
"15508","2011-06-03","6","1000.27",212,1,5,4,"154","At Risk","Churned","Loyal"
"18143","2011-08-15","2","1000.16",139,2,3,4,"234","At Risk","At Risk","Occasional"
"12722","2011-09-15","4","997.63",108,2,4,4,"244","At Risk","At Risk","Occasional"
"14540","2011-11-30","3","996.26",32,5,3,4,"534","Developing","Active","Occasional"
"15110","2011-11-16","4","996.10",46,4,4,4,"444","Loyal","Active","Occasional"
"17594","2011-09-15","2","993.18",108,2,3,4,"234","At Risk","At Risk","Occasional"
"16009","2011-11-17","4","992.71",45,4,4,4,"444","Loyal","Active","Occasional"
"13363","2011-11-22","2","992.50",40,4,2,4,"424","Potential","Active","Occasional"
"14223","2011-09-08","3","991.13",115,2,3,4,"234","At Risk","At Risk","Occasional"
"16232","2011-10-27","4","990.88",66,3,4,4,"344","Developing","Active","Occasional"
"17324","2011-11-22","4","990.23",40,4,4,4,"444","Loyal","Active","Occasional"
"15062","2011-09-29","4","987.86",94,3,4,4,"344","Developing","At Risk","Occasional"
"18237","2011-12-07","5","987.10",25,5,4,4,"544","Loyal","Active","Occasional"
"16376","2011-12-01","2","987.01",31,5,3,4,"534","Developing","Active","Occasional"
"13117","2011-11-18","8","984.91",44,4,5,4,"454","Loyal","Active","Loyal"
"17144","2011-12-08","2","984.57",24,5,3,4,"534","Developing","Active","Occasional"
"12510","2011-07-20","2","982.57",165,2,2,4,"224","Developing","At Risk","Occasional"
"15133","2011-08-04","3","982.42",150,2,3,4,"234","At Risk","At Risk","Occasional"
"14138","2011-12-08","2","982.38",24,5,3,4,"534","Developing","Active","Occasional"
"15071","2011-09-07","2","982.07",116,2,3,4,"234","At Risk","At Risk","Occasional"
"16188","2011-10-26","4","981.86",67,3,4,4,"344","Developing","Active","Occasional"
"16907","2011-11-10","5","981.65",52,4,4,4,"444","Loyal","Active","Occasional"
"16085","2011-11-16","5","981.51",46,4,4,4,"444","Loyal","Active","Occasional"
"12541","2011-11-10","3","981.18",52,4,3,4,"434","Developing","Active","Occasional"
"18170","2011-11-06","3","980.31",56,3,4,4,"344","Developing","Active","Occasional"
"13509","2011-12-01","7","979.72",31,5,5,4,"554","Champion","Active","Loyal"
"15506","2011-11-17","3","979.26",45,4,3,4,"434","Developing","Active","Occasional"
"13350","2011-11-23","2","979.12",39,4,2,4,"424","Potential","Active","Occasional"
"15132","2011-11-21","5","977.93",41,4,4,4,"444","Loyal","Active","Occasional"
"14920","2011-05-11","2","977.77",235,1,3,4,"134","At Risk","Churned","Occasional"
"15860","2011-10-30","8","977.21",63,3,5,4,"354","Developing","Active","Loyal"
"13026","2011-12-08","5","975.36",24,5,4,4,"544","Loyal","Active","Occasional"
"14522","2011-11-15","4","974.54",47,4,4,4,"444","Loyal","Active","Occasional"
"15449","2011-11-13","3","974.52",49,4,3,4,"434","Developing","Active","Occasional"
"12994","2011-12-05","3","974.42",27,5,3,4,"534","Developing","Active","Occasional"
"15747","2011-11-27","3","974.04",35,5,3,4,"534","Developing","Active","Occasional"
"18194","2011-09-18","1","973.84",105,2,2,4,"224","Developing","At Risk","One-Time"
"16419","2011-08-19","6","972.23",135,2,5,4,"254","At Risk","At Risk","Loyal"
"13155","2011-11-06","4","971.76",56,3,4,4,"344","Developing","Active","Occasional"
"17100","2011-11-21","2","971.74",41,4,3,4,"434","Developing","Active","Occasional"
"17618","2011-12-04","3","971.58",28,5,4,4,"544","Loyal","Active","Occasional"
"14256","2011-03-24","2","969.06",283,1,3,4,"134","At Risk","Churned","Occasional"
"15907","2011-12-06","3","967.45",26,5,4,4,"544","Loyal","Active","Occasional"
"15793","2011-11-25","3","965.61",37,4,4,4,"444","Loyal","Active","Occasional"
"12550","2011-09-21","1","964.83",102,2,1,4,"214","Developing","At Risk","One-Time"
"13138","2011-11-17","6","962.39",45,4,5,4,"454","Loyal","Active","Loyal"
"14006","2011-08-16","3","962.19",138,2,3,4,"234","At Risk","At Risk","Occasional"
"15156","2011-12-08","3","961.49",24,5,3,4,"534","Developing","Active","Occasional"
"14629","2011-12-05","2","959.01",27,5,3,4,"534","Developing","Active","Occasional"
"18192","2011-09-29","1","957.97",94,3,2,4,"324","Potential","At Risk","One-Time"
"13823","2011-11-21","2","957.66",41,4,2,4,"424","Potential","Active","Occasional"
"12697","2011-11-11","3","957.59",51,4,3,4,"434","Developing","Active","Occasional"
"15948","2011-12-01","2","955.24",31,5,3,4,"534","Developing","Active","Occasional"
"17244","2011-10-17","1","954.90",76,3,2,4,"324","Potential","Active","One-Time"
"17097","2011-12-07","8","954.42",25,5,5,4,"554","Champion","Active","Loyal"
"15835","2011-10-26","4","954.09",67,3,4,4,"344","Developing","Active","Occasional"
"16934","2011-10-16","2","950.93",77,3,3,4,"334","Developing","Active","Occasional"
"15421","2011-10-12","4","950.36",81,3,4,4,"344","Developing","Active","Occasional"
"16511","2011-11-18","3","950.26",44,4,4,4,"444","Loyal","Active","Occasional"
"13636","2011-11-03","5","949.12",59,3,4,4,"344","Developing","Active","Occasional"
"12822","2011-09-30","2","948.88",93,3,2,4,"324","Potential","At Risk","Occasional"
"17044","2011-11-14","1","948.48",48,4,2,4,"424","Potential","Active","One-Time"
"13748","2011-09-05","5","948.25",118,2,4,4,"244","At Risk","At Risk","Occasional"
"15787","2011-11-13","3","948.05",49,4,4,4,"444","Loyal","Active","Occasional"
"12458","2011-09-29","2","947.40",94,2,2,4,"224","Developing","At Risk","Occasional"
"15707","2011-11-04","4","945.58",58,3,4,4,"344","Developing","Active","Occasional"
"17289","2011-11-08","3","944.41",54,4,4,4,"444","Loyal","Active","Occasional"
"13261","2011-03-16","2","944.10",291,1,2,4,"124","Developing","Churned","Occasional"
"12820","2011-12-06","4","942.34",26,5,4,3,"543","Loyal","Active","Occasional"
"14075","2011-12-05","3","942.26",27,5,3,3,"533","Developing","Active","Occasional"
"15576","2011-11-02","1","940.67",60,3,1,3,"313","Potential","Active","One-Time"
"15289","2011-11-10","3","939.78",52,4,3,3,"433","Developing","Active","Occasional"
"17527","2011-10-17","4","939.37",76,3,4,3,"343","Developing","Active","Occasional"
"17227","2011-11-21","6","939.32",41,4,5,3,"453","Loyal","Active","Loyal"
"16584","2011-09-20","2","936.08",103,2,3,3,"233","At Risk","At Risk","Occasional"
"14140","2011-12-06","2","935.05",26,5,3,3,"533","Developing","Active","Occasional"
"16027","2011-09-09","6","934.62",114,2,5,3,"253","At Risk","At Risk","Loyal"
"14081","2011-02-10","2","934.52",325,1,3,3,"133","At Risk","Churned","Occasional"
"12924","2011-09-12","4","933.70",111,2,4,3,"243","At Risk","At Risk","Occasional"
"16657","2011-11-30","4","933.62",32,5,4,3,"543","Loyal","Active","Occasional"
"13655","2011-08-17","2","932.97",137,2,2,3,"223","Developing","At Risk","Occasional"
"14532","2011-04-17","4","932.85",259,1,4,3,"143","At Risk","Churned","Occasional"
"18133","2011-05-11","1","931.50",235,1,2,3,"123","Developing","Churned","One-Time"
"17552","2011-10-10","4","930.41",83,3,4,3,"343","Developing","Active","Occasional"
"14475","2011-09-29","3","925.85",94,3,3,3,"333","Developing","At Risk","Occasional"
"14231","2011-06-09","3","925.71",206,1,3,3,"133","At Risk","Churned","Occasional"
"17048","2011-08-14","3","925.35",140,2,4,3,"243","At Risk","At Risk","Occasional"
"15312","2011-09-25","4","924.85",98,2,4,3,"243","At Risk","At Risk","Occasional"
"13805","2011-10-18","2","924.60",75,3,2,3,"323","Potential","Active","Occasional"
"15654","2011-11-30","2","922.53",32,5,3,3,"533","Developing","Active","Occasional"
"13122","2011-09-06","2","922.39",117,2,2,3,"223","Developing","At Risk","Occasional"
"16551","2011-09-05","3","922.12",118,2,4,3,"243","At Risk","At Risk","Occasional"
"13934","2011-03-21","1","922.10",286,1,1,3,"113","Lost","Churned","One-Time"
"13035","2011-09-27","2","921.88",96,2,2,3,"223","Developing","At Risk","Occasional"
"17323","2011-11-24","7","921.07",38,4,5,3,"453","Loyal","Active","Loyal"
"13984","2011-11-13","5","920.51",49,4,4,3,"443","Loyal","Active","Occasional"
"17018","2011-10-30","2","920.10",63,3,3,3,"333","Developing","Active","Occasional"
"12652","2011-01-12","1","919.98",354,1,1,3,"113","Lost","Churned","One-Time"
"13075","2011-08-02","1","919.61",152,2,1,3,"213","Developing","At Risk","One-Time"
"15253","2011-11-23","5","918.20",39,4,4,3,"443","Loyal","Active","Occasional"
"13549","2011-11-14","7","918.20",48,4,5,3,"453","Loyal","Active","Loyal"
"14015","2011-10-18","1","917.34",75,3,1,3,"313","Potential","Active","One-Time"
"14712","2011-11-10","3","917.07",52,4,3,3,"433","Developing","Active","Occasional"
"17236","2011-11-27","6","916.13",35,5,5,3,"553","Champion","Active","Loyal"
"14141","2011-12-07","4","915.13",25,5,4,3,"543","Loyal","Active","Occasional"
"16216","2011-03-17","1","914.93",290,1,2,3,"123","Developing","Churned","One-Time"
"16809","2011-11-16","5","914.69",46,4,4,3,"443","Loyal","Active","Occasional"
"15587","2011-10-20","4","913.68",73,3,4,3,"343","Developing","Active","Occasional"
"12940","2011-10-16","2","913.54",77,3,2,3,"323","Potential","Active","Occasional"
"15364","2011-09-05","2","913.19",118,2,3,3,"233","At Risk","At Risk","Occasional"
"14359","2011-11-20","3","912.18",42,4,3,3,"433","Developing","Active","Occasional"
"13782","2011-11-27","6","912.00",35,5,5,3,"553","Champion","Active","Loyal"
"13192","2011-09-05","2","911.94",118,2,2,3,"223","Developing","At Risk","Occasional"
"14289","2011-12-01","6","911.26",31,5,5,3,"553","Champion","Active","Loyal"
"18096","2011-11-28","3","911.15",34,5,4,3,"543","Loyal","Active","Occasional"
"13689","2011-10-07","1","910.00",86,3,1,3,"313","Potential","Active","One-Time"
"15511","2011-11-28","5","909.23",34,5,4,3,"543","Loyal","Active","Occasional"
"13038","2011-09-20","3","908.46",103,2,3,3,"233","At Risk","At Risk","Occasional"
"14449","2011-11-21","4","907.10",41,4,4,3,"443","Loyal","Active","Occasional"
"15480","2011-08-15","1","905.50",139,2,1,3,"213","Developing","At Risk","One-Time"
"15022","2011-11-28","4","905.04",34,5,4,3,"543","Loyal","Active","Occasional"
"15807","2011-10-20","3","903.90",73,3,4,3,"343","Developing","Active","Occasional"
"17566","2011-12-01","2","901.21",31,5,3,3,"533","Developing","Active","Occasional"
"16716","2011-03-18","2","901.20",289,1,3,3,"133","At Risk","Churned","Occasional"
"17848","2011-09-19","9","901.20",104,2,5,3,"253","At Risk","At Risk","Loyal"
"14625","2011-05-27","2","899.63",219,1,3,3,"133","At Risk","Churned","Occasional"
"17886","2011-11-08","3","899.61",54,4,4,3,"443","Loyal","Active","Occasional"
"13662","2011-09-15","3","897.76",108,2,3,3,"233","At Risk","At Risk","Occasional"
"17537","2011-11-10","2","897.62",52,4,3,3,"433","Developing","Active","Occasional"
"16361","2011-11-30","4","896.66",32,5,4,3,"543","Loyal","Active","Occasional"
"15079","2011-05-11","4","895.61",235,1,4,3,"143","At Risk","Churned","Occasional"
"15865","2011-10-30","3","895.13",63,3,4,3,"343","Developing","Active","Occasional"
"15211","2011-10-10","2","894.41",83,3,3,3,"333","Developing","Active","Occasional"
"15066","2011-10-17","1","893.59",76,3,1,3,"313","Potential","Active","One-Time"
"12772","2011-10-11","1","892.47",82,3,1,3,"313","Potential","Active","One-Time"
"13515","2011-09-28","4","891.12",95,2,4,3,"243","At Risk","At Risk","Occasional"
"15255","2011-10-04","1","890.85",89,3,1,3,"313","Potential","Active","One-Time"
"14240","2011-11-09","2","890.34",53,4,3,3,"433","Developing","Active","Occasional"
"17027","2011-09-22","6","890.29",101,2,5,3,"253","At Risk","At Risk","Loyal"
"14344","2011-08-04","8","889.93",150,2,5,3,"253","At Risk","At Risk","Loyal"
"17007","2011-10-20","6","889.93",73,3,5,3,"353","Developing","Active","Loyal"
"14623","2011-11-07","5","889.25",55,3,4,3,"343","Developing","Active","Occasional"
"17829","2011-02-14","1","889.24",321,1,2,3,"123","Developing","Churned","One-Time"
"16347","2011-11-28","2","887.65",34,5,3,3,"533","Developing","Active","Occasional"
"16900","2011-11-23","3","887.11",39,4,4,3,"443","Loyal","Active","Occasional"
"15822","2011-12-06","2","885.47",26,5,3,3,"533","Developing","Active","Occasional"
"17704","2011-06-24","2","885.19",191,2,3,3,"233","At Risk","Churned","Occasional"
"17109","2011-11-10","6","885.04",52,4,5,3,"453","Loyal","Active","Loyal"
"15799","2011-09-25","3","884.14",98,2,4,3,"243","At Risk","At Risk","Occasional"
"14597","2011-11-28","2","883.15",34,5,3,3,"533","Developing","Active","Occasional"
"18236","2011-11-10","6","882.24",52,4,5,3,"453","Loyal","Active","Loyal"
"13037","2011-07-24","3","881.07",161,2,3,3,"233","At Risk","At Risk","Occasional"
"15076","2011-06-20","1","880.85",195,2,1,3,"213","Developing","Churned","One-Time"
"15653","2011-09-08","2","877.44",115,2,3,3,"233","At Risk","At Risk","Occasional"
"14770","2011-04-21","2","876.42",255,1,3,3,"133","At Risk","Churned","Occasional"
"15100","2011-01-10","3","876.00",356,1,3,3,"133","At Risk","Churned","Occasional"
"13566","2011-10-30","2","874.71",63,3,2,3,"323","Potential","Active","Occasional"
"16513","2011-12-05","4","874.59",27,5,4,3,"543","Loyal","Active","Occasional"
"13294","2011-06-03","2","873.74",212,1,2,3,"123","Developing","Churned","Occasional"
"12847","2011-11-17","1","871.54",45,4,1,3,"413","Potential","Active","One-Time"
"15208","2011-12-08","5","870.12",24,5,4,3,"543","Loyal","Active","Occasional"
"13200","2011-11-20","4","870.09",42,4,4,3,"443","Loyal","Active","Occasional"
"13979","2011-09-27","1","869.87",96,2,1,3,"213","Developing","At Risk","One-Time"
"12694","2011-09-30","2","869.67",93,3,2,3,"323","Potential","At Risk","Occasional"
"13203","2011-11-30","4","869.46",32,5,4,3,"543","Loyal","Active","Occasional"
"17649","2011-07-24","1","868.49",161,2,2,3,"223","Developing","At Risk","One-Time"
"14912","2011-11-23","2","867.85",39,4,3,3,"433","Developing","Active","Occasional"
"14715","2011-11-15","4","867.38",47,4,4,3,"443","Loyal","Active","Occasional"
"16235","2011-10-30","5","867.31",63,3,4,3,"343","Developing","Active","Occasional"
"16121","2011-10-13","2","867.11",80,3,3,3,"333","Developing","Active","Occasional"
"14332","2011-11-17","3","866.31",45,4,3,3,"433","Developing","Active","Occasional"
"16567","2011-05-29","2","865.60",217,1,3,3,"133","At Risk","Churned","Occasional"
"13846","2011-11-15","3","865.06",47,4,3,3,"433","Developing","Active","Occasional"
"16221","2011-11-03","3","864.86",59,3,4,3,"343","Developing","Active","Occasional"
"12680","2011-12-09","4","862.81",23,5,4,3,"543","Loyal","Active","Occasional"
"16266","2011-09-27","7","861.89",96,2,5,3,"253","At Risk","At Risk","Loyal"
"12794","2011-10-17","2","860.41",76,3,2,3,"323","Potential","Active","Occasional"
"13339","2011-05-23","1","860.12",223,1,1,3,"113","Lost","Churned","One-Time"
"14577","2011-11-27","4","859.71",35,5,4,3,"543","Loyal","Active","Occasional"
"17064","2011-10-12","3","859.35",81,3,4,3,"343","Developing","Active","Occasional"
"14553","2011-11-20","5","859.27",42,4,4,3,"443","Loyal","Active","Occasional"
"16163","2011-04-21","2","856.60",255,1,3,3,"133","At Risk","Churned","Occasional"
"13991","2011-11-27","6","855.97",35,5,5,3,"553","Champion","Active","Loyal"
"12693","2011-08-04","4","855.91",150,2,4,3,"243","At Risk","At Risk","Occasional"
"16037","2011-03-15","3","855.02",292,1,4,3,"143","At Risk","Churned","Occasional"
"12878","2011-04-17","2","854.99",259,1,2,3,"123","Developing","Churned","Occasional"
"17560","2011-09-06","4","854.95",117,2,4,3,"243","At Risk","At Risk","Occasional"
"16877","2011-11-27","6","853.72",35,5,5,3,"553","Champion","Active","Loyal"
"14193","2011-10-03","2","853.39",90,3,3,3,"333","Developing","Active","Occasional"
"12379","2011-09-19","2","852.24",104,2,2,3,"223","Developing","At Risk","Occasional"
"16070","2011-11-17","2","852.15",45,4,3,3,"433","Developing","Active","Occasional"
"16020","2011-11-23","3","851.01",39,4,4,3,"443","Loyal","Active","Occasional"
"12713","2011-12-09","1","848.55",23,5,1,3,"513","Potential","Active","One-Time"
"14657","2011-11-22","4","848.22",40,4,4,3,"443","Loyal","Active","Occasional"
"13221","2011-04-13","2","847.41",263,1,2,3,"123","Developing","Churned","Occasional"
"16924","2011-11-18","3","846.75",44,4,4,3,"443","Loyal","Active","Occasional"
"16222","2011-01-25","1","846.72",341,1,2,3,"123","Developing","Churned","One-Time"
"15965","2011-11-22","4","845.64",40,4,4,3,"443","Loyal","Active","Occasional"
"14803","2011-06-30","3","845.55",185,2,3,3,"233","At Risk","Churned","Occasional"
"17624","2011-11-25","2","843.48",37,4,3,3,"433","Developing","Active","Occasional"
"15164","2011-10-02","3","843.05",91,3,3,3,"333","Developing","At Risk","Occasional"
"17929","2011-11-28","4","843.00",34,5,4,3,"543","Loyal","Active","Occasional"
"13929","2011-06-23","2","842.65",192,2,2,3,"223","Developing","Churned","Occasional"
"16108","2011-09-16","1","842.50",107,2,2,3,"223","Developing","At Risk","One-Time"
"16560","2011-11-13","2","841.41",49,4,3,3,"433","Developing","Active","Occasional"
"14862","2011-11-14","2","841.20",48,4,3,3,"433","Developing","Active","Occasional"
"17076","2011-11-03","3","841.08",59,3,4,3,"343","Developing","Active","Occasional"
"13940","2011-11-22","4","839.14",40,4,4,3,"443","Loyal","Active","Occasional"
"17115","2011-12-01","3","837.50",31,5,4,3,"543","Loyal","Active","Occasional"
"16554","2011-10-28","3","837.10",65,3,4,3,"343","Developing","Active","Occasional"
"15832","2011-03-30","1","836.79",277,1,2,3,"123","Developing","Churned","One-Time"
"12728","2011-09-29","4","836.33",94,2,4,3,"243","At Risk","At Risk","Occasional"
"16747","2011-11-02","2","836.06",60,3,3,3,"333","Developing","Active","Occasional"
"17169","2011-10-13","2","835.78",80,3,3,3,"333","Developing","Active","Occasional"
"17759","2011-11-22","3","834.99",40,4,4,3,"443","Loyal","Active","Occasional"
"13835","2011-11-14","4","834.57",48,4,4,3,"443","Loyal","Active","Occasional"
"17075","2011-11-22","4","834.12",40,4,4,3,"443","Loyal","Active","Occasional"
"16644","2011-06-15","2","833.78",200,2,3,3,"233","At Risk","Churned","Occasional"
"15862","2011-12-01","4","832.88",31,5,4,3,"543","Loyal","Active","Occasional"
"14644","2011-10-03","2","830.76",90,3,3,3,"333","Developing","Active","Occasional"
"13681","2011-11-22","4","827.83",40,4,4,3,"443","Loyal","Active","Occasional"
"12461","2011-09-06","2","826.88",117,2,2,3,"223","Developing","At Risk","Occasional"
"12781","2011-10-07","2","826.74",86,3,2,3,"323","Potential","Active","Occasional"
"16494","2011-02-16","1","826.53",319,1,2,3,"123","Developing","Churned","One-Time"
"17921","2011-10-06","4","826.52",87,3,4,3,"343","Developing","Active","Occasional"
"15525","2011-12-07","3","825.92",25,5,3,3,"533","Developing","Active","Occasional"
"12427","2011-11-18","3","825.80",44,4,3,3,"433","Developing","Active","Occasional"
"16869","2011-11-17","4","825.42",45,4,4,3,"443","Loyal","Active","Occasional"
"16284","2011-11-08","2","823.97",54,4,3,3,"433","Developing","Active","Occasional"
"16164","2011-11-22","3","822.48",40,4,4,3,"443","Loyal","Active","Occasional"
"12778","2011-11-20","6","822.23",42,4,5,3,"453","Loyal","Active","Loyal"
"13893","2011-02-15","1","821.10",320,1,1,3,"113","Lost","Churned","One-Time"
"13220","2011-09-22","4","819.29",101,2,4,3,"243","At Risk","At Risk","Occasional"
"17764","2011-10-20","2","818.82",73,3,3,3,"333","Developing","Active","Occasional"
"16092","2011-08-17","3","817.86",137,2,4,3,"243","At Risk","At Risk","Occasional"
"16943","2011-05-12","3","816.73",234,1,4,3,"143","At Risk","Churned","Occasional"
"15649","2011-01-07","2","816.00",359,1,3,3,"133","At Risk","Churned","Occasional"
"15399","2011-12-08","3","815.77",24,5,3,3,"533","Developing","Active","Occasional"
"14499","2011-11-13","3","815.32",49,4,3,3,"433","Developing","Active","Occasional"
"13280","2011-08-09","3","814.86",145,2,3,3,"233","At Risk","At Risk","Occasional"
"16460","2011-11-11","3","814.72",51,4,4,3,"443","Loyal","Active","Occasional"
"13811","2011-06-09","3","814.50",206,1,3,3,"133","At Risk","Churned","Occasional"
"18064","2011-07-29","2","814.00",156,2,3,3,"233","At Risk","At Risk","Occasional"
"16600","2011-12-05","6","813.52",27,5,5,3,"553","Champion","Active","Loyal"
"16621","2011-10-19","4","813.48",74,3,4,3,"343","Developing","Active","Occasional"
"14421","2011-10-13","2","813.11",80,3,3,3,"333","Developing","Active","Occasional"
"15644","2011-06-26","4","813.00",189,2,4,3,"243","At Risk","Churned","Occasional"
"17980","2011-06-27","3","811.45",188,2,4,3,"243","At Risk","Churned","Occasional"
"16276","2011-06-16","1","810.60",199,2,2,3,"223","Developing","Churned","One-Time"
"16624","2011-09-20","2","810.57",103,2,3,3,"233","At Risk","At Risk","Occasional"
"13637","2011-10-18","3","810.50",75,3,3,3,"333","Developing","Active","Occasional"
"16891","2011-12-08","5","809.70",24,5,4,3,"543","Loyal","Active","Occasional"
"17114","2011-12-04","8","808.62",28,5,5,3,"553","Champion","Active","Loyal"
"15533","2011-11-20","3","807.57",42,4,3,3,"433","Developing","Active","Occasional"
"12421","2011-11-24","4","807.04",38,4,4,3,"443","Loyal","Active","Occasional"
"15952","2011-11-06","4","806.57",56,3,4,3,"343","Developing","Active","Occasional"
"13707","2011-03-17","2","806.41",290,1,2,3,"123","Developing","Churned","Occasional"
"12434","2011-09-16","2","806.14",107,2,2,3,"223","Developing","At Risk","Occasional"
"16367","2011-11-02","2","804.49",60,3,3,3,"333","Developing","Active","Occasional"
"18248","2011-08-09","2","804.02",145,2,3,3,"233","At Risk","At Risk","Occasional"
"12422","2011-09-05","3","803.56",118,2,3,3,"233","At Risk","At Risk","Occasional"
"15831","2011-10-12","3","801.76",81,3,4,3,"343","Developing","Active","Occasional"
"18265","2011-09-28","2","801.51",95,2,3,3,"233","At Risk","At Risk","Occasional"
"16806","2011-08-28","4","801.49",126,2,4,3,"243","At Risk","At Risk","Occasional"
"15561","2011-11-28","4","800.59",34,5,4,3,"543","Loyal","Active","Occasional"
"17905","2011-09-29","4","800.24",94,3,4,3,"343","Developing","At Risk","Occasional"
"13720","2011-08-15","4","799.90",139,2,4,3,"243","At Risk","At Risk","Occasional"
"13030","2011-11-28","2","799.48",34,5,2,3,"523","Potential","Active","Occasional"
"17703","2011-11-04","3","798.74",58,3,4,3,"343","Developing","Active","Occasional"
"16438","2011-12-04","5","798.35",28,5,4,3,"543","Loyal","Active","Occasional"
"13389","2011-11-28","3","797.96",34,5,3,3,"533","Developing","Active","Occasional"
"12701","2011-09-21","2","797.71",102,2,2,3,"223","Developing","At Risk","Occasional"
"17180","2011-10-14","4","796.03",79,3,4,3,"343","Developing","Active","Occasional"
"13336","2011-09-23","1","795.12",100,2,1,3,"213","Developing","At Risk","One-Time"
"15990","2011-10-26","2","792.11",67,3,3,3,"333","Developing","Active","Occasional"
"13167","2011-11-21","4","791.33",41,4,4,3,"443","Loyal","Active","Occasional"
"14976","2011-10-13","7","790.86",80,3,5,3,"353","Developing","Active","Loyal"
"13016","2011-09-27","3","789.89",96,2,3,3,"233","At Risk","At Risk","Occasional"
"16759","2011-12-02","3","789.79",30,5,4,3,"543","Loyal","Active","Occasional"
"13329","2011-11-08","2","789.00",54,4,2,3,"423","Potential","Active","Occasional"
"14557","2011-09-15","1","788.38",108,2,1,3,"213","Developing","At Risk","One-Time"
"13212","2011-11-20","3","788.08",42,4,3,3,"433","Developing","Active","Occasional"
"13323","2011-12-06","5","787.85",26,5,4,3,"543","Loyal","Active","Occasional"
"13884","2011-12-02","5","787.60",30,5,4,3,"543","Loyal","Active","Occasional"
"16546","2011-02-22","2","787.15",313,1,3,3,"133","At Risk","Churned","Occasional"
"13109","2011-10-11","2","786.54",82,3,2,3,"323","Potential","Active","Occasional"
"12628","2011-12-05","3","786.46",27,5,3,3,"533","Developing","Active","Occasional"
"15806","2011-10-24","3","784.58",69,3,4,3,"343","Developing","Active","Occasional"
"15743","2011-11-23","4","784.46",39,4,4,3,"443","Loyal","Active","Occasional"
"18136","2011-10-07","3","784.33",86,3,4,3,"343","Developing","Active","Occasional"
"17387","2011-11-20","2","784.11",42,4,3,3,"433","Developing","Active","Occasional"
"16054","2011-07-17","1","783.90",168,2,2,3,"223","Developing","At Risk","One-Time"
"17006","2011-12-05","4","781.78",27,5,4,3,"543","Loyal","Active","Occasional"
"17341","2011-07-06","3","781.36",179,2,4,3,"243","At Risk","At Risk","Occasional"
"15679","2011-11-15","4","781.28",47,4,4,3,"443","Loyal","Active","Occasional"
"13583","2011-07-07","1","781.03",178,2,1,3,"213","Developing","At Risk","One-Time"
"16725","2011-02-10","7","781.02",325,1,5,3,"153","At Risk","Churned","Loyal"
"15239","2011-11-29","2","780.59",33,5,3,3,"533","Developing","Active","Occasional"
"17797","2011-11-17","3","780.43",45,4,4,3,"443","Loyal","Active","Occasional"
"18228","2011-10-14","2","779.90",79,3,3,3,"333","Developing","Active","Occasional"
"12735","2011-01-28","2","779.57",338,1,2,3,"123","Developing","Churned","Occasional"
"17411","2011-11-27","3","778.94",35,5,4,3,"543","Loyal","Active","Occasional"
"13375","2011-09-12","1","778.65",111,2,1,3,"213","Developing","At Risk","One-Time"
"14815","2011-11-03","2","778.50",59,3,3,3,"333","Developing","Active","Occasional"
"17414","2011-10-27","2","778.00",66,3,3,3,"333","Developing","Active","Occasional"
"16505","2011-11-08","1","777.60",54,4,2,3,"423","Potential","Active","One-Time"
"13563","2011-09-16","2","777.53",107,2,2,3,"223","Developing","At Risk","Occasional"
"12425","2011-09-22","1","777.20",101,2,1,3,"213","Developing","At Risk","One-Time"
"15353","2011-03-30","2","777.02",277,1,3,3,"133","At Risk","Churned","Occasional"
"15618","2011-11-07","4","776.85",55,4,4,3,"443","Loyal","Active","Occasional"
"13314","2011-12-08","3","775.94",24,5,3,3,"533","Developing","Active","Occasional"
"13341","2011-03-24","1","775.85",283,1,1,3,"113","Lost","Churned","One-Time"
"14234","2011-11-17","4","775.46",45,4,4,3,"443","Loyal","Active","Occasional"
"16825","2011-11-01","2","775.18",61,3,3,3,"333","Developing","Active","Occasional"
"15414","2011-11-30","3","774.90",32,5,3,3,"533","Developing","Active","Occasional"
"16043","2011-11-02","4","773.99",60,3,4,3,"343","Developing","Active","Occasional"
"15075","2011-09-23","1","773.03",100,2,1,3,"213","Developing","At Risk","One-Time"
"12965","2011-09-11","1","771.91",112,2,1,3,"213","Developing","At Risk","One-Time"
"17409","2011-06-08","2","771.85",207,1,3,3,"133","At Risk","Churned","Occasional"
"14662","2011-11-11","4","771.17",51,4,4,3,"443","Loyal","Active","Occasional"
"16770","2011-10-13","5","770.10",80,3,4,3,"343","Developing","Active","Occasional"
"14412","2011-10-28","2","770.03",65,3,3,3,"333","Developing","Active","Occasional"
"16480","2011-09-25","1","769.29",98,2,2,3,"223","Developing","At Risk","One-Time"
"13356","2011-09-20","1","768.24",103,2,1,3,"213","Developing","At Risk","One-Time"
"17516","2011-11-24","5","768.08",38,4,4,3,"443","Loyal","Active","Occasional"
"14550","2011-11-29","2","765.62",33,5,3,3,"533","Developing","Active","Occasional"
"14672","2011-04-19","2","765.55",257,1,3,3,"133","At Risk","Churned","Occasional"
"17695","2011-07-31","2","765.34",154,2,3,3,"233","At Risk","At Risk","Occasional"
"14885","2011-07-31","1","765.32",154,2,1,3,"213","Developing","At Risk","One-Time"
"17268","2011-08-24","4","763.64",130,2,4,3,"243","At Risk","At Risk","Occasional"
"17466","2011-11-29","2","763.28",33,5,3,3,"533","Developing","Active","Occasional"
"16470","2011-10-19","4","762.39",74,3,4,3,"343","Developing","Active","Occasional"
"15599","2011-11-13","2","761.74",49,4,3,3,"433","Developing","Active","Occasional"
"14883","2011-11-21","6","761.59",41,4,5,3,"453","Loyal","Active","Loyal"
"16205","2011-11-09","4","761.38",53,4,4,3,"443","Loyal","Active","Occasional"
"17425","2011-11-20","2","759.17",42,4,3,3,"433","Developing","Active","Occasional"
"16036","2011-09-13","2","758.92",110,2,3,3,"233","At Risk","At Risk","Occasional"
"15568","2011-12-07","3","758.29",25,5,3,3,"533","Developing","Active","Occasional"
"12413","2011-10-04","3","758.10",89,3,3,3,"333","Developing","Active","Occasional"
"17979","2011-11-04","4","757.71",58,3,4,3,"343","Developing","Active","Occasional"
"17461","2011-11-17","3","757.46",45,4,4,3,"443","Loyal","Active","Occasional"
"15223","2011-04-28","2","755.75",248,1,3,3,"133","At Risk","Churned","Occasional"
"13370","2010-12-03","1","754.87",394,1,1,3,"113","Lost","Churned","One-Time"
"18104","2011-11-02","1","754.64",60,3,2,3,"323","Potential","Active","One-Time"
"13730","2011-07-27","2","752.60",158,2,2,3,"223","Developing","At Risk","Occasional"
"16256","2011-03-18","1","752.43",289,1,2,3,"123","Developing","Churned","One-Time"
"12908","2011-06-16","2","750.00",199,2,2,3,"223","Developing","Churned","Occasional"
"17146","2011-08-26","3","749.78",128,2,4,3,"243","At Risk","At Risk","Occasional"
"14923","2011-10-20","1","749.10",73,3,1,3,"313","Potential","Active","One-Time"
"15074","2011-08-26","1","748.87",128,2,1,3,"213","Developing","At Risk","One-Time"
"15656","2011-10-25","4","748.50",68,3,4,3,"343","Developing","Active","Occasional"
"16859","2011-07-18","2","747.81",167,2,3,3,"233","At Risk","At Risk","Occasional"
"13623","2011-11-09","5","747.78",53,4,4,3,"443","Loyal","Active","Occasional"
"14201","2011-10-10","7","747.44",83,3,5,3,"353","Developing","Active","Loyal"
"16261","2011-11-22","4","746.83",40,4,4,3,"443","Loyal","Active","Occasional"
"14050","2011-11-08","2","746.36",54,4,3,3,"433","Developing","Active","Occasional"
"17034","2011-11-23","3","745.52",39,4,4,3,"443","Loyal","Active","Occasional"
"14790","2011-11-23","4","745.06",39,4,4,3,"443","Loyal","Active","Occasional"
"13950","2011-11-28","4","745.06",34,5,4,3,"543","Loyal","Active","Occasional"
"13236","2011-11-15","2","744.85",47,4,2,3,"423","Potential","Active","Occasional"
"13354","2011-09-29","1","743.53",94,2,1,3,"213","Developing","At Risk","One-Time"
"16730","2011-10-18","3","743.11",75,3,4,3,"343","Developing","Active","Occasional"
"12374","2011-11-14","1","742.93",48,4,1,3,"413","Potential","Active","One-Time"
"12465","2011-11-22","2","742.19",40,4,2,3,"423","Potential","Active","Occasional"
"13753","2011-02-25","1","741.26",310,1,1,3,"113","Lost","Churned","One-Time"
"13900","2011-06-09","3","740.95",206,1,3,3,"133","At Risk","Churned","Occasional"
"17692","2011-08-04","4","740.94",150,2,4,3,"243","At Risk","At Risk","Occasional"
"17974","2011-11-15","3","740.79",47,4,4,3,"443","Loyal","Active","Occasional"
"15252","2011-11-03","2","740.78",59,3,3,3,"333","Developing","Active","Occasional"
"12603","2011-11-18","1","739.20",44,4,1,3,"413","Potential","Active","One-Time"
"14756","2011-11-24","1","738.96",38,4,1,3,"413","Potential","Active","One-Time"
"12976","2011-05-12","1","738.60",234,1,1,3,"113","Lost","Churned","One-Time"
"15045","2011-07-11","2","735.66",174,2,3,3,"233","At Risk","At Risk","Occasional"
"18156","2011-11-27","2","734.94",35,5,3,3,"533","Developing","Active","Occasional"
"15215","2011-10-24","3","734.94",69,3,3,3,"333","Developing","Active","Occasional"
"16362","2011-11-07","5","734.77",55,4,4,3,"443","Loyal","Active","Occasional"
"16146","2011-07-05","3","734.13",180,2,4,3,"243","At Risk","At Risk","Occasional"
"17812","2011-11-27","4","732.16",35,5,4,3,"543","Loyal","Active","Occasional"
"13575","2011-11-16","5","732.07",46,4,4,3,"443","Loyal","Active","Occasional"
"13736","2011-12-04","2","731.90",28,5,2,3,"523","Potential","Active","Occasional"
"16099","2011-10-20","3","731.90",73,3,4,3,"343","Developing","Active","Occasional"
"16491","2011-10-24","1","731.50",69,3,2,3,"323","Potential","Active","One-Time"
"14778","2011-08-04","2","730.86",150,2,3,3,"233","At Risk","At Risk","Occasional"
"18035","2011-11-04","3","730.40",58,3,4,3,"343","Developing","Active","Occasional"
"12468","2011-06-05","2","729.54",210,1,2,3,"123","Developing","Churned","Occasional"
"13077","2011-12-08","4","729.27",24,5,4,3,"543","Loyal","Active","Occasional"
"17666","2011-12-06","2","728.16",26,5,3,3,"533","Developing","Active","Occasional"
"17888","2011-11-18","8","726.05",44,4,5,3,"453","Loyal","Active","Loyal"
"14869","2011-12-01","2","725.70",31,5,3,3,"533","Developing","Active","Occasional"
"14055","2011-08-25","1","725.64",129,2,1,3,"213","Developing","At Risk","One-Time"
"16140","2011-10-05","2","725.18",88,3,3,3,"333","Developing","Active","Occasional"
"15584","2011-11-16","4","725.11",46,4,4,3,"443","Loyal","Active","Occasional"
"12723","2011-12-06","5","725.07",26,5,4,3,"543","Loyal","Active","Occasional"
"15636","2011-09-11","2","724.76",112,2,3,3,"233","At Risk","At Risk","Occasional"
"12475","2011-10-17","1","723.38",76,3,1,3,"313","Potential","Active","One-Time"
"17521","2011-11-10","3","723.21",52,4,4,3,"443","Loyal","Active","Occasional"
"15272","2011-10-13","2","721.94",80,3,3,3,"333","Developing","Active","Occasional"
"18062","2011-06-19","3","720.52",196,2,4,3,"243","At Risk","Churned","Occasional"
"16023","2011-10-24","3","719.81",69,3,4,3,"343","Developing","Active","Occasional"
"14179","2011-10-30","2","719.78",63,3,3,3,"333","Developing","Active","Occasional"
"14725","2011-11-15","1","718.08",47,4,1,3,"413","Potential","Active","One-Time"
"17884","2011-12-06","4","717.45",26,5,4,3,"543","Loyal","Active","Occasional"
"15274","2011-12-05","2","716.57",27,5,3,3,"533","Developing","Active","Occasional"
"12535","2011-09-09","2","716.35",114,2,2,3,"223","Developing","At Risk","Occasional"
"15400","2011-09-08","5","716.20",115,2,4,3,"243","At Risk","At Risk","Occasional"
"17029","2011-08-21","2","716.00",133,2,3,3,"233","At Risk","At Risk","Occasional"
"15330","2011-11-07","2","714.96",55,3,3,3,"333","Developing","Active","Occasional"
"15757","2011-10-05","2","714.42",88,3,3,3,"333","Developing","Active","Occasional"
"12616","2011-09-05","2","713.30",118,2,2,3,"223","Developing","At Risk","Occasional"
"13169","2011-10-07","2","712.88",86,3,2,3,"323","Potential","Active","Occasional"
"13147","2011-11-29","4","712.80",33,5,4,3,"543","Loyal","Active","Occasional"
"17761","2011-11-07","1","712.78",55,4,2,3,"423","Potential","Active","One-Time"
"13416","2011-10-27","2","712.50",66,3,2,3,"323","Potential","Active","Occasional"
"13587","2011-10-07","1","712.40",86,3,1,3,"313","Potential","Active","One-Time"
"17642","2011-08-12","2","712.29",142,2,3,3,"233","At Risk","At Risk","Occasional"
"15855","2011-07-26","5","712.24",159,2,4,3,"243","At Risk","At Risk","Occasional"
"13705","2011-12-02","3","711.86",30,5,3,3,"533","Developing","Active","Occasional"
"17179","2011-06-14","3","711.79",201,2,4,3,"243","At Risk","Churned","Occasional"
"13249","2011-09-08","3","711.41",115,2,3,3,"233","At Risk","At Risk","Occasional"
"17472","2011-06-01","3","710.29",214,1,4,3,"143","At Risk","Churned","Occasional"
"14867","2011-06-07","3","710.28",208,1,3,3,"133","At Risk","Churned","Occasional"
"14127","2011-08-09","3","709.71",145,2,3,3,"233","At Risk","At Risk","Occasional"
"16136","2011-10-11","3","709.38",82,3,4,3,"343","Developing","Active","Occasional"
"15951","2011-12-01","2","708.22",31,5,3,3,"533","Developing","Active","Occasional"
"16449","2011-05-26","2","707.69",220,1,3,3,"133","At Risk","Churned","Occasional"
"12453","2011-07-28","1","707.09",157,2,1,3,"213","Developing","At Risk","One-Time"
"16364","2011-11-28","2","707.04",34,5,3,3,"533","Developing","Active","Occasional"
"16309","2011-08-25","2","706.57",129,2,3,3,"233","At Risk","At Risk","Occasional"
"14880","2011-09-23","3","706.19",100,2,3,3,"233","At Risk","At Risk","Occasional"
"14126","2011-12-02","3","706.13",30,5,3,3,"533","Developing","Active","Occasional"
"15038","2011-10-12","6","705.49",81,3,5,3,"353","Developing","Active","Loyal"
"16015","2011-12-06","3","705.39",26,5,4,3,"543","Loyal","Active","Occasional"
"16882","2011-10-04","3","705.12",89,3,4,3,"343","Developing","Active","Occasional"
"17934","2011-10-19","2","704.25",74,3,3,3,"333","Developing","Active","Occasional"
"12612","2011-09-26","1","704.04",97,2,1,3,"213","Developing","At Risk","One-Time"
"12883","2011-11-15","4","703.47",47,4,4,3,"443","Loyal","Active","Occasional"
"18082","2011-11-14","1","703.37",48,4,2,3,"423","Potential","Active","One-Time"
"15103","2011-11-08","2","703.36",54,4,3,3,"433","Developing","Active","Occasional"
"15574","2011-06-15","4","702.25",200,2,4,3,"243","At Risk","Churned","Occasional"
"16997","2011-02-24","3","702.00",311,1,4,3,"143","At Risk","Churned","Occasional"
"14198","2011-11-21","4","701.40",41,4,4,3,"443","Loyal","Active","Occasional"
"14356","2011-09-21","2","701.23",102,2,3,3,"233","At Risk","At Risk","Occasional"
"17321","2011-12-01","2","700.86",31,5,3,3,"533","Developing","Active","Occasional"
"13238","2011-11-22","4","700.73",40,4,4,3,"443","Loyal","Active","Occasional"
"17734","2011-10-17","3","700.63",76,3,4,3,"343","Developing","Active","Occasional"
"15800","2011-08-24","2","699.08",130,2,3,3,"233","At Risk","At Risk","Occasional"
"13258","2011-11-28","3","698.58",34,5,3,3,"533","Developing","Active","Occasional"
"17423","2011-10-24","2","698.41",69,3,3,3,"333","Developing","Active","Occasional"
"17796","2011-10-30","4","697.90",63,3,4,3,"343","Developing","Active","Occasional"
"15053","2011-12-05","3","697.79",27,5,3,3,"533","Developing","Active","Occasional"
"14829","2011-11-10","4","697.55",52,4,4,3,"443","Loyal","Active","Occasional"
"13596","2011-12-04","2","697.04",28,5,2,3,"523","Potential","Active","Occasional"
"15700","2011-06-20","2","696.68",195,2,3,3,"233","At Risk","Churned","Occasional"
"17397","2011-11-17","2","696.41",45,4,3,3,"433","Developing","Active","Occasional"
"14009","2011-05-25","2","695.61",221,1,3,3,"133","At Risk","Churned","Occasional"
"14959","2011-10-06","4","695.42",87,3,4,3,"343","Developing","Active","Occasional"
"15304","2011-10-10","8","694.40",83,3,5,3,"353","Developing","Active","Loyal"
"12925","2011-12-05","2","694.05",27,5,2,3,"523","Potential","Active","Occasional"
"14643","2011-06-22","2","693.81",193,2,3,3,"233","At Risk","Churned","Occasional"
"12410","2011-02-04","2","693.33",331,1,2,3,"123","Developing","Churned","Occasional"
"13601","2011-10-25","2","693.32",68,3,2,3,"323","Potential","Active","Occasional"
"14111","2011-11-25","4","692.85",37,4,4,3,"443","Loyal","Active","Occasional"
"17198","2011-11-16","3","692.22",46,4,4,3,"443","Loyal","Active","Occasional"
"17733","2011-11-01","2","692.19",61,3,3,3,"333","Developing","Active","Occasional"
"13838","2011-12-04","4","691.73",28,5,4,3,"543","Loyal","Active","Occasional"
"16212","2011-11-20","2","690.34",42,4,3,3,"433","Developing","Active","Occasional"
"18085","2011-01-13","2","689.95",353,1,3,3,"133","At Risk","Churned","Occasional"
"13023","2011-10-06","2","689.90",87,3,2,3,"323","Potential","Active","Occasional"
"15181","2011-10-04","3","689.48",89,3,3,3,"333","Developing","Active","Occasional"
"18196","2011-09-05","2","689.13",118,2,3,3,"233","At Risk","At Risk","Occasional"
"17502","2011-11-30","4","689.10",32,5,4,3,"543","Loyal","Active","Occasional"
"13799","2011-08-15","2","688.86",139,2,2,3,"223","Developing","At Risk","Occasional"
"16642","2011-12-05","2","688.33",27,5,3,3,"533","Developing","Active","Occasional"
"12658","2011-11-21","1","686.05",41,4,1,3,"413","Potential","Active","One-Time"
"16122","2011-09-27","4","684.42",96,2,4,3,"243","At Risk","At Risk","Occasional"
"16495","2011-12-06","3","684.41",26,5,4,3,"543","Loyal","Active","Occasional"
"15669","2011-10-30","4","684.34",63,3,4,3,"343","Developing","Active","Occasional"
"12942","2011-07-31","3","683.90",154,2,3,3,"233","At Risk","At Risk","Occasional"
"17874","2011-06-07","6","683.46",208,1,5,3,"153","At Risk","Churned","Loyal"
"14222","2011-06-15","1","683.17",200,2,1,3,"213","Developing","Churned","One-Time"
"12838","2011-11-06","2","683.13",56,3,2,3,"323","Potential","Active","Occasional"
"15582","2011-11-15","3","682.91",47,4,3,3,"433","Developing","Active","Occasional"
"13548","2011-09-04","2","682.41",119,2,2,3,"223","Developing","At Risk","Occasional"
"18135","2011-11-10","5","681.91",52,4,4,3,"443","Loyal","Active","Occasional"
"12478","2011-12-06","1","680.99",26,5,1,3,"513","Potential","Active","One-Time"
"13524","2011-10-30","5","680.18",63,3,4,3,"343","Developing","Active","Occasional"
"16872","2011-09-23","3","680.02",100,2,4,3,"243","At Risk","At Risk","Occasional"
"15322","2011-09-15","1","679.68",108,2,1,3,"213","Developing","At Risk","One-Time"
"13430","2011-11-21","2","679.45",41,4,2,3,"423","Potential","Active","Occasional"
"14788","2011-12-02","2","679.44",30,5,3,3,"533","Developing","Active","Occasional"
"17994","2011-08-10","4","678.49",144,2,4,3,"243","At Risk","At Risk","Occasional"
"13925","2011-09-08","4","678.25",115,2,4,3,"243","At Risk","At Risk","Occasional"
"13607","2011-10-30","1","678.01",63,3,1,3,"313","Potential","Active","One-Time"
"13388","2011-07-31","2","677.10",154,2,2,3,"223","Developing","At Risk","Occasional"
"13040","2011-12-01","2","676.99",31,5,2,3,"523","Potential","Active","Occasional"
"16377","2011-03-17","1","676.20",290,1,2,3,"123","Developing","Churned","One-Time"
"15626","2011-09-26","2","675.80",97,2,3,3,"233","At Risk","At Risk","Occasional"
"17462","2011-10-10","2","675.69",83,3,3,3,"333","Developing","Active","Occasional"
"13325","2011-09-19","1","675.30",104,2,1,3,"213","Developing","At Risk","One-Time"
"16418","2011-10-26","3","675.27",67,3,4,3,"343","Developing","Active","Occasional"
"13355","2011-08-09","1","674.70",145,2,1,3,"213","Developing","At Risk","One-Time"
"13464","2011-10-12","1","674.68",81,3,1,3,"313","Potential","Active","One-Time"
"17749","2011-06-14","2","674.52",201,2,3,3,"233","At Risk","Churned","Occasional"
"13951","2011-06-16","3","674.45",199,2,3,3,"233","At Risk","Churned","Occasional"
"14504","2011-10-23","4","673.26",70,3,4,3,"343","Developing","Active","Occasional"
"18121","2011-07-13","2","673.10",172,2,3,3,"233","At Risk","At Risk","Occasional"
"14628","2011-09-09","2","671.96",114,2,3,3,"233","At Risk","At Risk","Occasional"
"17883","2011-12-06","4","671.77",26,5,4,3,"543","Loyal","Active","Occasional"
"12638","2011-11-06","1","671.69",56,3,1,3,"313","Potential","Active","One-Time"
"17299","2011-11-28","4","669.11",34,5,4,3,"543","Loyal","Active","Occasional"
"12418","2011-08-19","1","668.58",135,2,1,3,"213","Developing","At Risk","One-Time"
"14342","2011-11-18","4","668.56",44,4,4,3,"443","Loyal","Active","Occasional"
"13741","2011-09-29","3","668.43",94,2,3,3,"233","At Risk","At Risk","Occasional"
"16383","2011-09-26","2","668.36",97,2,3,3,"233","At Risk","At Risk","Occasional"
"15031","2011-12-05","4","668.14",27,5,4,3,"543","Loyal","Active","Occasional"
"18022","2011-11-04","1","668.11",58,3,2,3,"323","Potential","Active","One-Time"
"16268","2011-09-29","2","667.65",94,3,3,3,"333","Developing","At Risk","Occasional"
"15969","2011-12-07","3","666.10",25,5,4,3,"543","Loyal","Active","Occasional"
"17777","2011-11-15","3","665.86",47,4,4,3,"443","Loyal","Active","Occasional"
"17105","2011-07-03","2","665.78",182,2,3,3,"233","At Risk","Churned","Occasional"
"16056","2011-10-25","1","664.85",68,3,2,3,"323","Potential","Active","One-Time"
"13963","2011-02-04","4","664.54",331,1,4,3,"143","At Risk","Churned","Occasional"
"16208","2011-10-26","2","664.26",67,3,3,3,"333","Developing","Active","Occasional"
"15643","2011-06-01","3","664.00",214,1,3,3,"133","At Risk","Churned","Occasional"
"14720","2011-12-04","3","663.81",28,5,3,3,"533","Developing","Active","Occasional"
"13240","2011-09-04","4","663.65",119,2,4,3,"243","At Risk","At Risk","Occasional"
"16573","2011-09-16","2","663.61",107,2,3,3,"233","At Risk","At Risk","Occasional"
"14451","2011-10-10","2","662.59",83,3,3,3,"333","Developing","Active","Occasional"
"16014","2011-11-02","3","662.38",60,3,4,3,"343","Developing","Active","Occasional"
"18218","2011-05-12","2","662.08",234,1,3,3,"133","At Risk","Churned","Occasional"
"16774","2011-10-03","4","661.52",90,3,4,3,"343","Developing","Active","Occasional"
"13028","2011-11-17","2","661.32",45,4,2,3,"423","Potential","Active","Occasional"
"14603","2011-03-10","1","660.00",297,1,1,3,"113","Lost","Churned","One-Time"
"15492","2011-11-11","2","659.46",51,4,3,3,"433","Developing","Active","Occasional"
"13518","2011-09-15","1","659.44",108,2,1,3,"213","Developing","At Risk","One-Time"
"13759","2011-11-06","2","659.41",56,3,2,3,"323","Potential","Active","Occasional"
"16357","2011-11-06","3","658.88",56,3,4,3,"343","Developing","Active","Occasional"
"14150","2011-11-04","2","658.64",58,3,3,3,"333","Developing","Active","Occasional"
"17779","2011-11-18","3","658.57",44,4,4,3,"443","Loyal","Active","Occasional"
"16696","2011-07-27","4","657.90",158,2,4,3,"243","At Risk","At Risk","Occasional"
"12577","2011-11-04","3","657.80",58,3,3,3,"333","Developing","Active","Occasional"
"14818","2011-09-27","3","657.80",96,2,3,3,"233","At Risk","At Risk","Occasional"
"15648","2011-05-19","2","657.35",227,1,3,3,"133","At Risk","Churned","Occasional"
"17459","2011-10-27","2","657.30",66,3,3,3,"333","Developing","Active","Occasional"
"15677","2011-10-21","1","657.23",72,3,1,3,"313","Potential","Active","One-Time"
"16157","2011-11-24","3","656.69",38,4,4,3,"443","Loyal","Active","Occasional"
"13049","2011-10-06","2","656.68",87,3,2,3,"323","Potential","Active","Occasional"
"16708","2011-10-25","1","656.63",68,3,2,3,"323","Potential","Active","One-Time"
"16127","2011-10-31","1","656.25",62,3,2,3,"323","Potential","Active","One-Time"
"14894","2011-09-15","1","655.75",108,2,1,3,"213","Developing","At Risk","One-Time"
"16444","2011-10-24","4","654.67",69,3,4,3,"343","Developing","Active","Occasional"
"14651","2011-10-03","2","654.60",90,3,3,3,"333","Developing","Active","Occasional"
"17398","2011-08-17","3","653.38",137,2,4,3,"243","At Risk","At Risk","Occasional"
"18151","2011-07-28","2","653.35",157,2,3,3,"233","At Risk","At Risk","Occasional"
"13496","2011-11-29","2","653.33",33,5,2,3,"523","Potential","Active","Occasional"
"15205","2011-09-15","2","653.24",108,2,3,3,"233","At Risk","At Risk","Occasional"
"14044","2011-11-13","4","652.82",49,4,4,3,"443","Loyal","Active","Occasional"
"14548","2011-07-12","2","652.80",173,2,3,3,"233","At Risk","At Risk","Occasional"
"17523","2011-11-28","4","652.74",34,5,4,3,"543","Loyal","Active","Occasional"
"14034","2011-11-17","3","651.82",45,4,3,3,"433","Developing","Active","Occasional"
"16734","2011-10-18","3","650.51",75,3,4,3,"343","Developing","Active","Occasional"
"15571","2011-11-28","4","650.43",34,5,4,3,"543","Loyal","Active","Occasional"
"16469","2011-11-16","4","650.43",46,4,4,3,"443","Loyal","Active","Occasional"
"16969","2011-10-31","3","650.41",62,3,4,3,"343","Developing","Active","Occasional"
"17373","2011-10-30","4","646.92",63,3,4,3,"343","Developing","Active","Occasional"
"12589","2011-11-11","2","646.68",51,4,2,3,"423","Potential","Active","Occasional"
"15651","2011-11-03","3","646.30",59,3,3,3,"333","Developing","Active","Occasional"
"17545","2011-10-27","3","645.96",66,3,4,3,"343","Developing","Active","Occasional"
"14855","2011-08-12","2","645.65",142,2,3,3,"233","At Risk","At Risk","Occasional"
"12719","2011-12-04","2","644.95",28,5,2,3,"523","Potential","Active","Occasional"
"17312","2011-07-24","3","644.30",161,2,4,3,"243","At Risk","At Risk","Occasional"
"16431","2011-05-10","3","642.81",236,1,4,3,"143","At Risk","Churned","Occasional"
"14020","2011-11-23","2","642.80",39,4,3,3,"433","Developing","Active","Occasional"
"13034","2011-10-16","2","642.77",77,3,2,3,"323","Potential","Active","Occasional"
"15384","2011-06-23","2","642.41",192,2,3,3,"233","At Risk","Churned","Occasional"
"17046","2011-07-05","1","642.02",180,2,2,3,"223","Developing","At Risk","One-Time"
"15297","2011-11-29","3","641.94",33,5,3,3,"533","Developing","Active","Occasional"
"12365","2011-02-21","2","641.38",314,1,2,3,"123","Developing","Churned","Occasional"
"12624","2011-08-25","2","641.13",129,2,2,3,"223","Developing","At Risk","Occasional"
"13417","2011-12-05","2","640.83",27,5,2,3,"523","Potential","Active","Occasional"
"13318","2011-12-08","3","640.76",24,5,3,3,"533","Developing","Active","Occasional"
"12631","2011-10-13","1","640.50",80,3,1,3,"313","Potential","Active","One-Time"
"14301","2011-08-14","1","640.14",140,2,1,3,"213","Developing","At Risk","One-Time"
"15919","2011-11-20","2","639.89",42,4,3,3,"433","Developing","Active","Occasional"
"17515","2011-11-08","4","639.02",54,4,4,3,"443","Loyal","Active","Occasional"
"18160","2011-10-13","2","638.06",80,3,3,3,"333","Developing","Active","Occasional"
"14754","2011-10-26","2","638.05",67,3,3,3,"333","Developing","Active","Occasional"
"14664","2011-11-20","2","637.89",42,4,3,3,"433","Developing","Active","Occasional"
"14128","2011-10-10","2","637.50",83,3,3,3,"333","Developing","Active","Occasional"
"14481","2011-06-28","2","636.51",187,2,3,3,"233","At Risk","Churned","Occasional"
"15829","2011-09-01","2","636.14",122,2,3,3,"233","At Risk","At Risk","Occasional"
"15773","2011-12-04","1","635.68",28,5,2,3,"523","Potential","Active","One-Time"
"14000","2011-05-12","1","635.66",234,1,1,3,"113","Lost","Churned","One-Time"
"16139","2011-11-21","3","635.41",41,4,4,3,"443","Loyal","Active","Occasional"
"17985","2011-11-17","1","634.95",45,4,2,3,"423","Potential","Active","One-Time"
"13892","2011-11-13","4","632.97",49,4,4,3,"443","Loyal","Active","Occasional"
"14220","2011-04-06","2","632.40",270,1,3,3,"133","At Risk","Churned","Occasional"
"16306","2011-05-10","6","632.27",236,1,5,3,"153","At Risk","Churned","Loyal"
"18183","2011-04-26","2","632.07",250,1,3,3,"133","At Risk","Churned","Occasional"
"13822","2011-12-04","2","632.00",28,5,2,3,"523","Potential","Active","Occasional"
"14021","2011-07-07","3","631.90",178,2,3,3,"233","At Risk","At Risk","Occasional"
"15244","2011-10-05","2","631.57",88,3,3,3,"333","Developing","Active","Occasional"
"13539","2011-09-15","3","631.34",108,2,3,3,"233","At Risk","At Risk","Occasional"
"17990","2011-04-17","3","630.84",259,1,4,3,"143","At Risk","Churned","Occasional"
"13046","2011-11-09","2","629.31",53,4,2,3,"423","Potential","Active","Occasional"
"13525","2011-11-25","2","628.78",37,4,2,3,"423","Potential","Active","Occasional"
"14687","2011-08-25","1","628.38",129,2,1,3,"213","Developing","At Risk","One-Time"
"16022","2011-03-24","1","628.28",283,1,2,3,"123","Developing","Churned","One-Time"
"15028","2011-12-01","4","627.13",31,5,4,3,"543","Loyal","Active","Occasional"
"13546","2011-11-27","3","626.99",35,5,3,3,"533","Developing","Active","Occasional"
"15402","2011-07-14","2","626.77",171,2,3,3,"233","At Risk","At Risk","Occasional"
"14036","2011-02-28","1","626.65",307,1,1,3,"113","Lost","Churned","One-Time"
"13914","2011-11-28","2","626.45",34,5,2,3,"523","Potential","Active","Occasional"
"14382","2011-11-13","1","626.07",49,4,1,3,"413","Potential","Active","One-Time"
"16750","2011-10-26","5","623.93",67,3,4,3,"343","Developing","Active","Occasional"
"16718","2010-12-05","1","623.75",392,1,2,3,"123","Developing","Churned","One-Time"
"12649","2011-08-24","3","623.51",130,2,3,3,"233","At Risk","At Risk","Occasional"
"15147","2011-04-13","1","623.50",263,1,1,3,"113","Lost","Churned","One-Time"
"13368","2011-03-28","2","623.40",279,1,2,3,"123","Developing","Churned","Occasional"
"15258","2011-06-24","2","623.16",191,2,3,3,"233","At Risk","Churned","Occasional"
"17499","2011-02-23","1","622.88",312,1,2,3,"123","Developing","Churned","One-Time"
"15182","2011-07-08","2","622.85",177,2,3,3,"233","At Risk","At Risk","Occasional"
"17460","2011-09-06","6","622.43",117,2,5,3,"253","At Risk","At Risk","Loyal"
"15768","2011-08-16","3","621.83",138,2,3,3,"233","At Risk","At Risk","Occasional"
"18217","2011-11-10","2","621.75",52,4,3,3,"433","Developing","Active","Occasional"
"16915","2011-11-30","6","621.68",32,5,5,3,"553","Champion","Active","Loyal"
"17640","2011-09-14","1","621.66",109,2,2,3,"223","Developing","At Risk","One-Time"
"14152","2011-09-25","2","621.29",98,2,3,3,"233","At Risk","At Risk","Occasional"
"13402","2011-08-04","2","621.23",150,2,2,3,"223","Developing","At Risk","Occasional"
"16141","2011-09-12","1","620.40",111,2,2,3,"223","Developing","At Risk","One-Time"
"12667","2011-10-12","1","620.13",81,3,1,3,"313","Potential","Active","One-Time"
"14529","2011-10-10","3","620.04",83,3,3,3,"333","Developing","Active","Occasional"
"13493","2011-03-09","2","618.63",298,1,2,3,"123","Developing","Churned","Occasional"
"16613","2011-09-30","1","618.59",93,3,2,3,"323","Potential","At Risk","One-Time"
"13145","2011-10-31","4","618.52",62,3,4,3,"343","Developing","Active","Occasional"
"12596","2011-10-19","2","618.27",74,3,2,3,"323","Potential","Active","Occasional"
"16134","2011-11-18","2","618.09",44,4,3,3,"433","Developing","Active","Occasional"
"13301","2011-08-28","4","618.09",126,2,4,3,"243","At Risk","At Risk","Occasional"
"14593","2011-11-18","3","617.99",44,4,3,3,"433","Developing","Active","Occasional"
"14377","2011-06-01","2","617.05",214,1,3,3,"133","At Risk","Churned","Occasional"
"16442","2011-12-08","3","616.79",24,5,4,3,"543","Loyal","Active","Occasional"
"16311","2011-11-22","2","616.26",40,4,3,3,"433","Developing","Active","Occasional"
"14905","2011-07-05","2","616.15",180,2,3,3,"233","At Risk","At Risk","Occasional"
"16005","2011-11-27","4","615.39",35,5,4,3,"543","Loyal","Active","Occasional"
"15275","2011-11-02","1","615.14",60,3,1,3,"313","Potential","Active","One-Time"
"16566","2011-11-24","5","614.66",38,4,4,3,"443","Loyal","Active","Occasional"
"16116","2011-05-12","1","612.78",234,1,2,3,"123","Developing","Churned","One-Time"
"12513","2011-08-19","1","612.29",135,2,1,3,"213","Developing","At Risk","One-Time"
"18149","2011-10-20","3","612.08",73,3,4,3,"343","Developing","Active","Occasional"
"15232","2011-08-18","2","612.06",136,2,3,3,"233","At Risk","At Risk","Occasional"
"15645","2011-11-21","1","612.01",41,4,1,3,"413","Potential","Active","One-Time"
"16109","2011-05-05","2","611.88",241,1,3,3,"133","At Risk","Churned","Occasional"
"16763","2011-05-25","1","611.85",221,1,2,3,"123","Developing","Churned","One-Time"
"13731","2011-05-04","2","610.59",242,1,2,3,"123","Developing","Churned","Occasional"
"12673","2011-12-04","2","610.52",28,5,2,3,"523","Potential","Active","Occasional"
"15795","2011-07-13","1","610.01",172,2,2,3,"223","Developing","At Risk","One-Time"
"13357","2011-03-27","1","609.95",280,1,1,3,"113","Lost","Churned","One-Time"
"14636","2011-11-03","2","609.85",59,3,3,3,"333","Developing","Active","Occasional"
"13933","2011-08-22","2","608.79",132,2,2,3,"223","Developing","At Risk","Occasional"
"12933","2011-11-15","3","607.53",47,4,3,3,"433","Developing","Active","Occasional"
"15573","2011-11-08","2","607.45",54,4,3,3,"433","Developing","Active","Occasional"
"17119","2011-12-06","2","606.91",26,5,3,3,"533","Developing","Active","Occasional"
"14710","2011-11-25","4","606.13",37,4,4,3,"443","Loyal","Active","Occasional"
"17849","2011-05-05","4","605.80",241,1,4,3,"143","At Risk","Churned","Occasional"
"14133","2011-08-02","3","605.64",152,2,3,3,"233","At Risk","At Risk","Occasional"
"13888","2011-08-12","2","605.63",142,2,2,3,"223","Developing","At Risk","Occasional"
"17507","2011-03-23","2","605.58",284,1,3,3,"133","At Risk","Churned","Occasional"
"13233","2011-09-26","2","605.12",97,2,2,3,"223","Developing","At Risk","Occasional"
"13558","2011-12-04","4","605.06",28,5,4,3,"543","Loyal","Active","Occasional"
"14323","2011-08-17","2","605.06",137,2,3,3,"233","At Risk","At Risk","Occasional"
"14675","2011-11-23","1","604.75",39,4,1,3,"413","Potential","Active","One-Time"
"17664","2011-11-21","2","604.64",41,4,3,3,"433","Developing","Active","Occasional"
"12944","2011-11-04","2","604.51",58,3,2,3,"323","Potential","Active","Occasional"
"16732","2011-11-08","1","603.75",54,4,2,3,"423","Potential","Active","One-Time"
"12556","2011-10-20","2","603.71",73,3,2,3,"323","Potential","Active","Occasional"
"12707","2011-02-21","1","603.42",314,1,1,3,"113","Lost","Churned","One-Time"
"17259","2011-07-14","2","603.37",171,2,3,3,"233","At Risk","At Risk","Occasional"
"15366","2011-09-25","2","602.51",98,2,3,3,"233","At Risk","At Risk","Occasional"
"17890","2011-01-21","2","602.09",345,1,3,3,"133","At Risk","Churned","Occasional"
"12654","2011-11-29","5","601.98",33,5,4,3,"543","Loyal","Active","Occasional"
"14609","2011-09-28","4","601.56",95,2,4,3,"243","At Risk","At Risk","Occasional"
"16654","2011-07-21","4","601.27",164,2,4,3,"243","At Risk","At Risk","Occasional"
"12420","2011-10-07","1","600.39",86,3,1,3,"313","Potential","Active","One-Time"
"13243","2011-05-20","1","600.07",226,1,1,3,"113","Lost","Churned","One-Time"
"18211","2011-11-14","5","600.07",48,4,4,3,"443","Loyal","Active","Occasional"
"12872","2011-01-17","2","599.97",349,1,2,3,"123","Developing","Churned","Occasional"
"12521","2011-07-20","1","599.68",165,2,1,3,"213","Developing","At Risk","One-Time"
"14965","2011-09-04","2","599.00",119,2,3,3,"233","At Risk","At Risk","Occasional"
"17420","2011-10-20","3","598.83",73,3,4,3,"343","Developing","Active","Occasional"
"14467","2011-11-22","4","598.76",40,4,4,3,"443","Loyal","Active","Occasional"
"15720","2011-11-15","1","598.73",47,4,1,3,"413","Potential","Active","One-Time"
"13311","2011-12-05","2","598.57",27,5,2,3,"523","Potential","Active","Occasional"
"13959","2011-09-21","3","598.20",102,2,3,3,"233","At Risk","At Risk","Occasional"
"16298","2011-11-17","3","598.20",45,4,4,3,"443","Loyal","Active","Occasional"
"14108","2011-11-09","2","597.91",53,4,3,3,"433","Developing","Active","Occasional"
"17864","2011-11-27","3","597.50",35,5,4,3,"543","Loyal","Active","Occasional"
"16788","2011-08-08","2","597.48",146,2,3,3,"233","At Risk","At Risk","Occasional"
"14645","2011-07-06","2","597.09",179,2,3,3,"233","At Risk","At Risk","Occasional"
"15381","2011-05-10","2","596.85",236,1,3,3,"133","At Risk","Churned","Occasional"
"18246","2011-11-16","2","596.10",46,4,3,3,"433","Developing","Active","Occasional"
"17658","2011-11-14","2","595.42",48,4,3,3,"433","Developing","Active","Occasional"
"14284","2011-11-09","2","595.25",53,4,3,3,"433","Developing","Active","Occasional"
"16325","2011-10-24","3","594.24",69,3,4,3,"343","Developing","Active","Occasional"
"15442","2011-04-05","1","594.00",271,1,1,3,"113","Lost","Churned","One-Time"
"12917","2011-08-03","1","594.00",151,2,1,3,"213","Developing","At Risk","One-Time"
"16535","2011-12-04","1","593.75",28,5,2,3,"523","Potential","Active","One-Time"
"18232","2011-09-19","4","592.97",104,2,4,3,"243","At Risk","At Risk","Occasional"
"16203","2011-10-12","4","592.90",81,3,4,3,"343","Developing","Active","Occasional"
"14692","2011-07-25","4","591.55",160,2,4,3,"243","At Risk","At Risk","Occasional"
"13276","2011-10-07","2","590.93",86,3,2,3,"323","Potential","Active","Occasional"
"13270","2010-12-08","1","590.00",389,1,1,3,"113","Lost","Churned","One-Time"
"13452","2011-03-25","2","590.00",282,1,2,3,"123","Developing","Churned","Occasional"
"14882","2011-11-13","2","589.70",49,4,3,3,"433","Developing","Active","Occasional"
"18123","2011-11-15","2","589.44",47,4,3,3,"433","Developing","Active","Occasional"
"16723","2011-09-09","2","589.15",114,2,3,3,"233","At Risk","At Risk","Occasional"
"16838","2011-05-26","2","588.85",220,1,3,3,"133","At Risk","Churned","Occasional"
"14338","2011-07-01","2","588.22",184,2,3,3,"233","At Risk","Churned","Occasional"
"15624","2011-08-15","4","588.13",139,2,4,3,"243","At Risk","At Risk","Occasional"
"17351","2011-11-03","3","587.15",59,3,4,3,"343","Developing","Active","Occasional"
"17014","2011-12-01","3","586.33",31,5,4,3,"543","Loyal","Active","Occasional"
"17360","2011-11-22","3","585.79",40,4,4,3,"443","Loyal","Active","Occasional"
"12384","2011-11-11","2","585.27",51,4,2,3,"423","Potential","Active","Occasional"
"15222","2011-01-25","1","585.00",341,1,1,3,"113","Lost","Churned","One-Time"
"16384","2011-09-11","2","584.50",112,2,3,3,"233","At Risk","At Risk","Occasional"
"16072","2011-02-24","1","584.32",311,1,2,3,"123","Developing","Churned","One-Time"
"14023","2011-12-02","2","584.07",30,5,3,3,"533","Developing","Active","Occasional"
"13557","2011-11-11","2","584.06",51,4,2,3,"423","Potential","Active","Occasional"
"15762","2011-10-05","2","583.75",88,3,3,3,"333","Developing","Active","Occasional"
"12426","2011-05-29","1","582.73",217,1,1,3,"113","Lost","Churned","One-Time"
"13427","2011-11-20","3","582.60",42,4,3,3,"433","Developing","Active","Occasional"
"17970","2011-05-12","1","582.59",234,1,2,3,"123","Developing","Churned","One-Time"
"12695","2011-12-02","4","582.10",30,5,4,3,"543","Loyal","Active","Occasional"
"18095","2011-01-31","2","580.05",335,1,3,3,"133","At Risk","Churned","Occasional"
"16906","2011-09-19","4","579.77",104,2,4,3,"243","At Risk","At Risk","Occasional"
"17142","2011-04-14","1","579.00",262,1,2,3,"123","Developing","Churned","One-Time"
"13292","2011-11-01","2","578.94",61,3,2,3,"323","Potential","Active","Occasional"
"17540","2011-11-15","2","578.90",47,4,3,3,"433","Developing","Active","Occasional"
"12601","2011-06-03","5","577.06",212,1,4,3,"143","At Risk","Churned","Occasional"
"14176","2011-02-15","4","576.90",320,1,4,3,"143","At Risk","Churned","Occasional"
"16916","2011-11-16","2","576.26",46,4,3,3,"433","Developing","Active","Occasional"
"15830","2011-11-02","1","576.00",60,3,2,3,"323","Potential","Active","One-Time"
"15550","2011-12-05","4","575.63",27,5,4,3,"543","Loyal","Active","Occasional"
"16345","2011-10-26","1","575.41",67,3,2,3,"323","Potential","Active","One-Time"
"13487","2011-10-13","3","575.40",80,3,3,3,"333","Developing","Active","Occasional"
"14167","2011-10-31","4","574.84",62,3,4,3,"343","Developing","Active","Occasional"
"14400","2011-07-13","1","574.70",172,2,1,3,"213","Developing","At Risk","One-Time"
"12784","2011-11-30","2","574.42",32,5,2,3,"523","Potential","Active","Occasional"
"15339","2011-10-04","2","574.07",89,3,3,3,"333","Developing","Active","Occasional"
"15303","2011-02-22","1","574.02",313,1,1,3,"113","Lost","Churned","One-Time"
"12879","2011-10-26","3","573.22",67,3,3,3,"333","Developing","Active","Occasional"
"15415","2011-01-30","1","572.81",336,1,1,3,"113","Lost","Churned","One-Time"
"13379","2011-11-13","3","572.56",49,4,3,3,"433","Developing","Active","Occasional"
"13405","2011-09-26","3","572.45",97,2,3,3,"233","At Risk","At Risk","Occasional"
"12816","2011-09-05","2","572.20",118,2,2,3,"223","Developing","At Risk","Occasional"
"13816","2011-11-16","2","571.67",46,4,2,3,"423","Potential","Active","Occasional"
"17616","2011-06-19","3","571.20",196,2,4,3,"243","At Risk","Churned","Occasional"
"15821","2011-10-26","2","570.96",67,3,3,3,"333","Developing","Active","Occasional"
"15315","2011-10-06","2","570.50",87,3,3,3,"333","Developing","Active","Occasional"
"14592","2011-11-04","3","570.46",58,3,3,3,"333","Developing","Active","Occasional"
"16667","2011-10-02","2","570.13",91,3,3,3,"333","Developing","At Risk","Occasional"
"13939","2011-11-16","3","568.55",46,4,3,3,"433","Developing","Active","Occasional"
"13321","2011-09-28","2","567.36",95,2,2,3,"223","Developing","At Risk","Occasional"
"17897","2011-06-20","3","566.60",195,2,4,3,"243","At Risk","Churned","Occasional"
"18150","2011-11-07","3","566.58",55,4,4,3,"443","Loyal","Active","Occasional"
"16278","2011-08-31","1","566.38",123,2,2,3,"223","Developing","At Risk","One-Time"
"13894","2011-11-16","3","564.62",46,4,3,3,"433","Developing","Active","Occasional"
"15344","2011-12-09","3","563.94",23,5,3,3,"533","Developing","Active","Occasional"
"16933","2011-12-08","2","563.23",24,5,3,3,"533","Developing","Active","Occasional"
"14753","2011-09-13","1","563.15",110,2,1,3,"213","Developing","At Risk","One-Time"
"17265","2011-07-24","2","562.90",161,2,3,3,"233","At Risk","At Risk","Occasional"
"12414","2011-05-06","3","562.41",240,1,3,3,"133","At Risk","Churned","Occasional"
"12559","2011-02-02","2","561.71",333,1,2,3,"123","Developing","Churned","Occasional"
"13946","2011-09-21","3","561.57",102,2,3,3,"233","At Risk","At Risk","Occasional"
"15655","2011-04-10","1","560.67",266,1,1,3,"113","Lost","Churned","One-Time"
"13044","2011-02-21","1","560.47",314,1,1,3,"113","Lost","Churned","One-Time"
"14273","2011-10-19","4","559.97",74,3,4,3,"343","Developing","Active","Occasional"
"16275","2011-05-27","1","559.87",219,1,2,3,"123","Developing","Churned","One-Time"
"18043","2011-11-15","3","559.51",47,4,4,3,"443","Loyal","Active","Occasional"
"14177","2011-09-14","4","559.41",109,2,4,3,"243","At Risk","At Risk","Occasional"
"12866","2011-03-01","1","559.12",306,1,1,3,"113","Lost","Churned","One-Time"
"17503","2011-12-07","2","558.96",25,5,3,3,"533","Developing","Active","Occasional"
"12987","2011-09-27","2","558.70",96,2,2,3,"223","Developing","At Risk","Occasional"
"13800","2011-02-03","1","558.32",332,1,1,3,"113","Lost","Churned","One-Time"
"13260","2011-10-09","1","557.62",84,3,1,3,"313","Potential","Active","One-Time"
"17955","2011-05-25","4","557.30",221,1,4,3,"143","At Risk","Churned","Occasional"
"17295","2011-11-11","3","556.95",51,4,4,3,"443","Loyal","Active","Occasional"
"16385","2011-10-10","3","555.89",83,3,4,3,"343","Developing","Active","Occasional"
"14805","2011-11-24","4","554.65",38,4,4,3,"443","Loyal","Active","Occasional"
"14891","2011-07-14","2","554.38",171,2,3,3,"233","At Risk","At Risk","Occasional"
"14618","2011-11-30","3","553.44",32,5,3,3,"533","Developing","Active","Occasional"
"15068","2011-10-24","2","553.36",69,3,3,3,"333","Developing","Active","Occasional"
"12363","2011-08-22","2","552.00",132,2,2,3,"223","Developing","At Risk","Occasional"
"17674","2011-09-26","2","551.04",97,2,3,3,"233","At Risk","At Risk","Occasional"
"17291","2011-02-04","1","550.80",331,1,2,3,"123","Developing","Churned","One-Time"
"17235","2011-11-14","2","550.06",48,4,3,3,"433","Developing","Active","Occasional"
"12390","2011-09-21","1","549.84",102,2,1,3,"213","Developing","At Risk","One-Time"
"16340","2011-08-24","1","549.07",130,2,2,3,"223","Developing","At Risk","One-Time"
"16536","2011-08-21","1","548.97",133,2,2,3,"223","Developing","At Risk","One-Time"
"16031","2011-09-08","2","548.94",115,2,3,3,"233","At Risk","At Risk","Occasional"
"14474","2011-10-24","1","547.66",69,3,1,3,"313","Potential","Active","One-Time"
"16811","2011-12-05","2","547.07",27,5,3,3,"533","Developing","Active","Occasional"
"17637","2011-11-08","2","547.06",54,4,3,3,"433","Developing","Active","Occasional"
"16211","2011-09-12","1","547.02",111,2,2,3,"223","Developing","At Risk","One-Time"
"17520","2011-10-17","1","546.81",76,3,2,3,"323","Potential","Active","One-Time"
"12743","2011-07-28","2","546.43",157,2,2,3,"223","Developing","At Risk","Occasional"
"14997","2011-10-24","3","546.20",69,3,3,3,"333","Developing","Active","Occasional"
"17806","2011-11-28","1","546.04",34,5,2,3,"523","Potential","Active","One-Time"
"12793","2011-01-09","2","545.48",357,1,2,3,"123","Developing","Churned","Occasional"
"16475","2011-09-12","4","544.30",111,2,4,3,"243","At Risk","At Risk","Occasional"
"13617","2011-10-30","3","544.18",63,3,3,3,"333","Developing","Active","Occasional"
"13390","2011-09-26","1","544.08",97,2,1,3,"213","Developing","At Risk","One-Time"
"16927","2011-08-16","3","543.05",138,2,4,3,"243","At Risk","At Risk","Occasional"
"13278","2011-10-30","1","542.73",63,3,1,3,"313","Potential","Active","One-Time"
"16230","2011-06-03","2","542.03",212,1,3,3,"133","At Risk","Churned","Occasional"
"17447","2011-10-30","2","541.53",63,3,3,3,"333","Developing","Active","Occasional"
"17557","2011-11-25","3","541.46",37,4,4,3,"443","Loyal","Active","Occasional"
"13874","2010-12-16","1","540.45",381,1,1,3,"113","Lost","Churned","One-Time"
"13812","2011-10-28","3","539.00",65,3,3,3,"333","Developing","Active","Occasional"
"14496","2011-02-01","2","538.81",334,1,3,3,"133","At Risk","Churned","Occasional"
"15452","2011-11-10","3","538.73",52,4,3,3,"433","Developing","Active","Occasional"
"15469","2011-10-20","2","538.55",73,3,3,3,"333","Developing","Active","Occasional"
"15539","2011-12-02","1","538.46",30,5,1,3,"513","Potential","Active","One-Time"
"17062","2011-01-30","4","538.37",336,1,4,3,"143","At Risk","Churned","Occasional"
"17345","2011-11-24","4","537.74",38,4,4,3,"443","Loyal","Active","Occasional"
"14539","2011-11-24","2","537.48",38,4,3,3,"433","Developing","Active","Occasional"
"16206","2011-10-16","4","537.06",77,3,4,3,"343","Developing","Active","Occasional"
"15043","2011-11-08","1","537.00",54,4,1,3,"413","Potential","Active","One-Time"
"16804","2011-11-16","3","536.99",46,4,4,3,"443","Loyal","Active","Occasional"
"16233","2011-09-29","3","536.68",94,3,4,3,"343","Developing","At Risk","Occasional"
"15535","2011-06-19","4","536.40",196,2,4,3,"243","At Risk","Churned","Occasional"
"16142","2011-04-04","1","535.34",272,1,2,3,"123","Developing","Churned","One-Time"
"12988","2011-02-20","1","535.32",315,1,1,3,"113","Lost","Churned","One-Time"
"13000","2011-08-25","3","534.85",129,2,3,3,"233","At Risk","At Risk","Occasional"
"13385","2011-01-14","1","534.57",352,1,1,3,"113","Lost","Churned","One-Time"
"13434","2011-09-26","2","534.24",97,2,2,3,"223","Developing","At Risk","Occasional"
"17443","2011-05-04","1","534.24",242,1,2,3,"123","Developing","Churned","One-Time"
"13217","2011-08-09","3","533.98",145,2,3,3,"233","At Risk","At Risk","Occasional"
"15433","2011-05-10","2","533.30",236,1,3,3,"133","At Risk","Churned","Occasional"
"15756","2011-10-09","4","532.96",84,3,4,3,"343","Developing","Active","Occasional"
"15825","2011-06-20","1","532.94",195,2,2,3,"223","Developing","Churned","One-Time"
"16706","2011-11-02","3","531.35",60,3,4,3,"343","Developing","Active","Occasional"
"14265","2011-08-22","2","530.18",132,2,3,3,"233","At Risk","At Risk","Occasional"
"18159","2011-02-11","1","530.15",324,1,2,3,"123","Developing","Churned","One-Time"
"14002","2011-07-28","2","529.73",157,2,3,3,"233","At Risk","At Risk","Occasional"
"14463","2011-09-02","3","529.62",121,2,3,3,"233","At Risk","At Risk","Occasional"
"16185","2011-11-23","2","529.41",39,4,3,3,"433","Developing","Active","Occasional"
"17631","2011-12-08","3","528.33",24,5,4,3,"543","Loyal","Active","Occasional"
"16602","2011-11-03","1","528.08",59,3,2,3,"323","Potential","Active","One-Time"
"12479","2011-11-28","1","527.20",34,5,1,3,"513","Potential","Active","One-Time"
"17623","2011-11-07","1","527.05",55,4,2,3,"423","Potential","Active","One-Time"
"18252","2011-10-20","2","526.67",73,3,3,3,"333","Developing","Active","Occasional"
"16892","2011-12-08","5","525.54",24,5,4,3,"543","Loyal","Active","Occasional"
"17290","2011-12-06","2","525.24",26,5,3,3,"533","Developing","Active","Occasional"
"17429","2011-08-03","3","524.92",151,2,4,3,"243","At Risk","At Risk","Occasional"
"15467","2011-11-30","3","524.88",32,5,3,3,"533","Developing","Active","Occasional"
"15891","2011-04-27","1","524.52",249,1,2,3,"123","Developing","Churned","One-Time"
"13721","2011-11-03","1","524.14",59,3,1,3,"313","Potential","Active","One-Time"
"17329","2011-11-25","2","523.11",37,4,3,3,"433","Developing","Active","Occasional"
"18017","2011-09-19","3","523.00",104,2,4,3,"243","At Risk","At Risk","Occasional"
"17712","2011-10-26","1","522.91",67,3,2,3,"323","Potential","Active","One-Time"
"14871","2011-12-06","4","522.38",26,5,4,3,"543","Loyal","Active","Occasional"
"12863","2011-10-18","1","521.20",75,3,1,3,"313","Potential","Active","One-Time"
"15149","2011-07-29","1","520.80",156,2,1,3,"213","Developing","At Risk","One-Time"
"14873","2011-05-13","1","519.68",233,1,1,3,"113","Lost","Churned","One-Time"
"12571","2011-10-31","2","519.61",62,3,2,3,"323","Potential","Active","Occasional"
"13643","2011-11-08","3","519.44",54,4,3,3,"433","Developing","Active","Occasional"
"16955","2011-06-08","4","518.67",207,1,4,3,"143","At Risk","Churned","Occasional"
"16650","2011-09-29","1","518.42",94,3,2,3,"323","Potential","At Risk","One-Time"
"15030","2011-09-29","2","518.28",94,3,3,3,"333","Developing","At Risk","Occasional"
"16135","2011-03-22","1","517.55",285,1,2,3,"123","Developing","Churned","One-Time"
"17454","2011-05-31","4","517.53",215,1,4,3,"143","At Risk","Churned","Occasional"
"18205","2011-11-03","2","517.36",59,3,3,3,"333","Developing","Active","Occasional"
"13043","2011-03-11","1","516.42",296,1,1,3,"113","Lost","Churned","One-Time"
"15882","2011-05-25","4","516.36",221,1,4,3,"143","At Risk","Churned","Occasional"
"15809","2011-11-03","5","515.77",59,3,4,3,"343","Developing","Active","Occasional"
"12811","2011-03-24","3","514.85",283,1,3,3,"133","At Risk","Churned","Occasional"
"15246","2011-04-15","2","514.15",261,1,3,3,"133","At Risk","Churned","Occasional"
"13005","2011-06-19","2","513.70",196,2,2,3,"223","Developing","Churned","Occasional"
"17513","2011-09-28","1","513.20",95,2,2,3,"223","Developing","At Risk","One-Time"
"17805","2011-09-27","1","512.31",96,2,2,3,"223","Developing","At Risk","One-Time"
"17480","2011-09-23","1","511.82",100,2,2,3,"223","Developing","At Risk","One-Time"
"12582","2011-04-15","2","511.36",261,1,2,3,"123","Developing","Churned","Occasional"
"14851","2011-11-16","2","511.35",46,4,3,3,"433","Developing","Active","Occasional"
"16561","2011-12-04","2","511.12",28,5,3,3,"533","Developing","Active","Occasional"
"15406","2011-11-08","2","510.71",54,4,3,3,"433","Developing","Active","Occasional"
"12904","2011-11-21","2","509.58",41,4,2,3,"423","Potential","Active","Occasional"
"12436","2011-09-01","1","509.01",122,2,1,3,"213","Developing","At Risk","One-Time"
"16898","2011-11-13","3","508.81",49,4,4,3,"443","Loyal","Active","Occasional"
"17391","2011-06-29","2","508.80",186,2,3,3,"233","At Risk","Churned","Occasional"
"15417","2011-09-15","1","508.80",108,2,1,3,"213","Developing","At Risk","One-Time"
"14317","2011-10-06","1","508.58",87,3,1,3,"313","Potential","Active","One-Time"
"17958","2011-08-15","1","508.46",139,2,2,3,"223","Developing","At Risk","One-Time"
"17415","2011-09-21","1","507.84",102,2,2,3,"223","Developing","At Risk","One-Time"
"14158","2011-10-30","1","507.66",63,3,1,3,"313","Potential","Active","One-Time"
"14820","2011-11-18","4","507.29",44,4,4,3,"443","Loyal","Active","Occasional"
"15721","2011-11-28","1","507.08",34,5,1,3,"513","Potential","Active","One-Time"
"16960","2011-11-01","3","507.05",61,3,4,3,"343","Developing","Active","Occasional"
"13885","2011-06-03","2","506.80",212,1,2,3,"123","Developing","Churned","Occasional"
"16614","2011-06-10","1","506.19",205,1,2,3,"123","Developing","Churned","One-Time"
"14014","2011-09-23","1","505.18",100,2,1,3,"213","Developing","At Risk","One-Time"
"15081","2011-11-17","5","504.80",45,4,4,3,"443","Loyal","Active","Occasional"
"12991","2011-11-16","2","503.76",46,4,2,3,"423","Potential","Active","Occasional"
"17630","2011-06-23","2","503.60",192,2,3,3,"233","At Risk","Churned","Occasional"
"16863","2011-11-08","2","502.80",54,4,3,3,"433","Developing","Active","Occasional"
"15006","2011-10-19","1","502.09",74,3,1,3,"313","Potential","Active","One-Time"
"13865","2011-10-12","4","501.56",81,3,4,3,"343","Developing","Active","Occasional"
"15881","2011-01-31","5","501.39",335,1,4,3,"143","At Risk","Churned","Occasional"
"13116","2011-07-24","1","501.14",161,2,1,3,"213","Developing","At Risk","One-Time"
"13247","2011-11-22","4","501.12",40,4,4,3,"443","Loyal","Active","Occasional"
"16616","2011-11-24","2","500.42",38,4,3,3,"433","Developing","Active","Occasional"
"15389","2011-06-20","1","500.00",195,2,1,3,"213","Developing","Churned","One-Time"
"14958","2011-07-15","3","499.68",170,2,3,3,"233","At Risk","At Risk","Occasional"
"14077","2011-10-30","5","499.42",63,3,4,3,"343","Developing","Active","Occasional"
"15193","2011-10-10","1","499.32",83,3,1,3,"313","Potential","Active","One-Time"
"14681","2011-09-29","3","498.95",94,3,3,3,"333","Developing","At Risk","Occasional"
"16488","2011-11-06","3","498.80",56,3,4,3,"343","Developing","Active","Occasional"
"15142","2011-10-24","1","498.74",69,3,1,3,"313","Potential","Active","One-Time"
"17053","2011-08-01","1","498.48",153,2,2,3,"223","Developing","At Risk","One-Time"
"17298","2011-08-30","2","498.42",124,2,3,3,"233","At Risk","At Risk","Occasional"
"16820","2011-09-05","1","497.61",118,2,2,3,"223","Developing","At Risk","One-Time"
"17495","2011-12-02","2","497.56",30,5,3,3,"533","Developing","Active","Occasional"
"16368","2011-12-07","2","497.43",25,5,3,3,"533","Developing","Active","Occasional"
"15300","2011-10-06","1","496.44",87,3,1,3,"313","Potential","Active","One-Time"
"15018","2011-11-01","3","496.21",61,3,3,3,"333","Developing","Active","Occasional"
"17374","2011-05-05","2","495.77",241,1,3,3,"133","At Risk","Churned","Occasional"
"15448","2011-01-31","1","494.64",335,1,1,3,"113","Lost","Churned","One-Time"
"16352","2011-11-22","2","494.44",40,4,3,3,"433","Developing","Active","Occasional"
"17333","2011-09-15","1","494.25",108,2,2,3,"223","Developing","At Risk","One-Time"
"12763","2011-07-24","2","494.08",161,2,2,3,"223","Developing","At Risk","Occasional"
"15877","2011-12-08","2","493.28",24,5,3,3,"533","Developing","Active","Occasional"
"13176","2011-10-24","1","492.84",69,3,1,3,"313","Potential","Active","One-Time"
"14270","2011-01-12","1","492.65",354,1,1,3,"113","Lost","Churned","One-Time"
"15507","2011-06-21","1","492.36",194,2,1,3,"213","Developing","Churned","One-Time"
"13732","2011-11-11","1","491.86",51,4,1,3,"413","Potential","Active","One-Time"
"14236","2011-09-20","2","490.86",103,2,3,3,"233","At Risk","At Risk","Occasional"
"15000","2011-10-23","1","490.52",70,3,1,3,"313","Potential","Active","One-Time"
"14416","2011-11-17","2","490.22",45,4,3,2,"432","Developing","Active","Occasional"
"18074","2010-12-01","1","489.60",396,1,2,2,"122","Developing","Churned","One-Time"
"12809","2011-06-15","1","489.31",200,2,1,2,"212","Developing","Churned","One-Time"
"17361","2011-10-21","3","488.20",72,3,4,2,"342","Developing","Active","Occasional"
"14396","2011-10-05","2","487.99",88,3,3,2,"332","Developing","Active","Occasional"
"15165","2010-12-01","1","487.75",396,1,1,2,"112","Lost","Churned","One-Time"
"16643","2011-04-08","1","487.51",268,1,2,2,"122","Developing","Churned","One-Time"
"13338","2011-07-05","1","487.02",180,2,1,2,"212","Developing","At Risk","One-Time"
"13675","2011-07-11","2","486.82",174,2,2,2,"222","Developing","At Risk","Occasional"
"17453","2011-11-22","2","486.72",40,4,3,2,"432","Developing","Active","Occasional"
"15287","2011-11-17","2","486.69",45,4,3,2,"432","Developing","Active","Occasional"
"13153","2011-12-04","1","486.22",28,5,1,2,"512","Potential","Active","One-Time"
"12639","2011-04-15","1","486.10",261,1,1,2,"112","Lost","Churned","One-Time"
"15109","2011-04-08","1","484.95",268,1,1,2,"112","Lost","Churned","One-Time"
"16999","2011-11-16","2","484.82",46,4,3,2,"432","Developing","Active","Occasional"
"16504","2011-11-14","1","484.38",48,4,2,2,"422","Potential","Active","One-Time"
"16518","2011-10-09","2","484.32",84,3,3,2,"332","Developing","Active","Occasional"
"14130","2011-01-24","1","483.86",342,1,1,2,"112","Lost","Churned","One-Time"
"13531","2011-05-18","2","483.80",228,1,2,2,"122","Developing","Churned","Occasional"
"12808","2011-11-03","3","483.65",59,3,3,2,"332","Developing","Active","Occasional"
"14147","2011-09-22","2","483.40",101,2,3,2,"232","At Risk","At Risk","Occasional"
"17555","2011-11-20","2","483.26",42,4,3,2,"432","Developing","Active","Occasional"
"14450","2011-06-12","3","483.25",203,1,3,2,"132","At Risk","Churned","Occasional"
"16603","2011-09-26","2","482.47",97,2,3,2,"232","At Risk","At Risk","Occasional"
"17950","2011-09-28","3","482.20",95,2,4,2,"242","At Risk","At Risk","Occasional"
"12504","2011-11-21","2","482.05",41,4,2,2,"422","Potential","Active","Occasional"
"16693","2011-10-02","2","482.01",91,3,3,2,"332","Developing","At Risk","Occasional"
"18216","2011-11-08","1","481.75",54,4,2,2,"422","Potential","Active","One-Time"
"15091","2011-10-03","1","480.71",90,3,1,2,"312","Potential","Active","One-Time"
"16812","2010-12-14","1","479.35",383,1,2,2,"122","Developing","Churned","One-Time"
"16008","2011-11-16","3","478.78",46,4,4,2,"442","Loyal","Active","Occasional"
"15589","2011-03-29","3","478.53",278,1,3,2,"132","At Risk","Churned","Occasional"
"16768","2011-10-23","3","478.09",70,3,4,2,"342","Developing","Active","Occasional"
"12644","2011-08-02","1","477.91",152,2,1,2,"212","Developing","At Risk","One-Time"
"13092","2011-09-30","5","477.83",93,3,4,2,"342","Developing","At Risk","Occasional"
"14320","2011-05-17","2","477.79",229,1,3,2,"132","At Risk","Churned","Occasional"
"12447","2011-04-10","1","476.49",266,1,1,2,"112","Lost","Churned","One-Time"
"18176","2010-12-16","1","476.35",381,1,2,2,"122","Developing","Churned","One-Time"
"14853","2011-11-15","2","475.80",47,4,3,2,"432","Developing","Active","Occasional"
"14497","2011-02-03","1","475.37",332,1,1,2,"112","Lost","Churned","One-Time"
"15780","2011-06-09","3","475.28",206,1,4,2,"142","At Risk","Churned","Occasional"
"15349","2011-07-04","2","473.81",181,2,3,2,"232","At Risk","Churned","Occasional"
"15557","2011-11-11","1","473.65",51,4,1,2,"412","Potential","Active","One-Time"
"16374","2011-10-04","2","473.03",89,3,3,2,"332","Developing","Active","Occasional"
"14013","2011-08-21","3","473.02",133,2,3,2,"232","At Risk","At Risk","Occasional"
"16038","2011-12-02","3","471.78",30,5,4,2,"542","Loyal","Active","Occasional"
"17964","2011-11-08","2","471.70",54,4,3,2,"432","Developing","Active","Occasional"
"16885","2011-11-24","3","471.51",38,4,4,2,"442","Loyal","Active","Occasional"
"13066","2011-11-15","2","470.80",47,4,2,2,"422","Potential","Active","Occasional"
"15963","2011-11-20","2","470.76",42,4,3,2,"432","Developing","Active","Occasional"
"14431","2011-02-10","1","470.36",325,1,1,2,"112","Lost","Churned","One-Time"
"15471","2011-12-07","1","469.48",25,5,1,2,"512","Potential","Active","One-Time"
"15026","2011-09-20","3","469.00",103,2,3,2,"232","At Risk","At Risk","Occasional"
"14896","2011-05-19","2","468.77",227,1,3,2,"132","At Risk","Churned","Occasional"
"13171","2011-11-18","3","468.41",44,4,3,2,"432","Developing","Active","Occasional"
"14335","2011-11-23","2","468.26",39,4,3,2,"432","Developing","Active","Occasional"
"14029","2011-10-07","2","467.66",86,3,3,2,"332","Developing","Active","Occasional"
"15468","2011-10-19","2","467.51",74,3,3,2,"332","Developing","Active","Occasional"
"13579","2011-11-25","2","467.04",37,4,2,2,"422","Potential","Active","Occasional"
"14205","2011-11-23","2","466.70",39,4,3,2,"432","Developing","Active","Occasional"
"13248","2011-08-07","2","465.68",147,2,2,2,"222","Developing","At Risk","Occasional"
"15036","2011-09-28","3","465.55",95,2,3,2,"232","At Risk","At Risk","Occasional"
"17140","2011-04-06","1","465.32",270,1,2,2,"122","Developing","Churned","One-Time"
"16742","2011-10-24","1","464.90",69,3,2,2,"322","Potential","Active","One-Time"
"13928","2011-11-29","4","464.57",33,5,4,2,"542","Loyal","Active","Occasional"
"16586","2011-04-05","1","463.95",271,1,2,2,"122","Developing","Churned","One-Time"
"14967","2011-10-21","1","463.80",72,3,1,2,"312","Potential","Active","One-Time"
"12787","2011-11-30","3","463.66",32,5,3,2,"532","Developing","Active","Occasional"
"17418","2011-10-28","2","463.46",65,3,3,2,"332","Developing","Active","Occasional"
"14489","2011-05-16","1","463.38",230,1,1,2,"112","Lost","Churned","One-Time"
"12945","2011-02-24","1","462.95",311,1,1,2,"112","Lost","Churned","One-Time"
"14331","2011-08-07","2","462.66",147,2,3,2,"232","At Risk","At Risk","Occasional"
"14470","2011-11-28","2","461.19",34,5,3,2,"532","Developing","Active","Occasional"
"12391","2011-11-18","1","460.89",44,4,1,2,"412","Potential","Active","One-Time"
"16824","2011-11-24","2","460.64",38,4,3,2,"432","Developing","Active","Occasional"
"16805","2011-06-19","2","460.59",196,2,3,2,"232","At Risk","Churned","Occasional"
"12491","2011-11-01","1","460.40",61,3,1,2,"312","Potential","Active","One-Time"
"12355","2011-05-09","1","459.40",237,1,1,2,"112","Lost","Churned","One-Time"
"16589","2011-09-29","3","459.24",94,3,4,2,"342","Developing","At Risk","Occasional"
"17880","2010-12-10","1","458.92",387,1,2,2,"122","Developing","Churned","One-Time"
"15754","2011-10-19","3","458.57",74,3,3,2,"332","Developing","Active","Occasional"
"13506","2011-01-27","2","458.52",339,1,2,2,"122","Developing","Churned","Occasional"
"17392","2011-02-06","2","457.91",329,1,3,2,"132","At Risk","Churned","Occasional"
"15092","2011-05-08","2","457.81",238,1,3,2,"132","At Risk","Churned","Occasional"
"15121","2011-10-20","2","457.72",73,3,3,2,"332","Developing","Active","Occasional"
"12375","2011-11-29","2","457.50",33,5,2,2,"522","Potential","Active","Occasional"
"13398","2011-05-31","1","457.34",215,1,1,2,"112","Lost","Churned","One-Time"
"12564","2011-03-23","1","456.90",284,1,1,2,"112","Lost","Churned","One-Time"
"12999","2011-05-27","3","455.88",219,1,3,2,"132","At Risk","Churned","Occasional"
"14513","2011-08-31","3","455.59",123,2,3,2,"232","At Risk","At Risk","Occasional"
"15585","2011-06-16","1","455.30",199,2,1,2,"212","Developing","Churned","One-Time"
"16529","2011-06-02","1","455.25",213,1,2,2,"122","Developing","Churned","One-Time"
"13485","2011-04-20","1","454.24",256,1,1,2,"112","Lost","Churned","One-Time"
"15475","2011-09-23","1","454.11",100,2,1,2,"212","Developing","At Risk","One-Time"
"17564","2011-11-15","3","454.01",47,4,4,2,"442","Loyal","Active","Occasional"
"18158","2011-11-30","2","453.40",32,5,3,2,"532","Developing","Active","Occasional"
"12729","2011-08-18","1","453.01",136,2,1,2,"212","Developing","At Risk","One-Time"
"18071","2011-03-27","2","453.00",280,1,3,2,"132","At Risk","Churned","Occasional"
"14184","2011-10-04","1","452.89",89,3,1,2,"312","Potential","Active","One-Time"
"12591","2011-01-26","1","452.85",340,1,1,2,"112","Lost","Churned","One-Time"
"12970","2011-12-02","4","452.24",30,5,4,2,"542","Loyal","Active","Occasional"
"16574","2011-09-29","1","451.44",94,3,2,2,"322","Potential","At Risk","One-Time"
"15802","2011-07-20","1","451.42",165,2,2,2,"222","Developing","At Risk","One-Time"
"14173","2011-11-29","4","450.84",33,5,4,2,"542","Loyal","Active","Occasional"
"17040","2011-07-25","1","449.73",160,2,2,2,"222","Developing","At Risk","One-Time"
"13489","2011-08-26","4","449.52",128,2,4,2,"242","At Risk","At Risk","Occasional"
"12448","2011-10-26","1","449.45",67,3,1,2,"312","Potential","Active","One-Time"
"15739","2011-10-04","1","449.12",89,3,1,2,"312","Potential","Active","One-Time"
"17579","2011-12-05","3","448.90",27,5,4,2,"542","Loyal","Active","Occasional"
"14780","2011-10-16","2","447.68",77,3,3,2,"332","Developing","Active","Occasional"
"15646","2011-07-05","3","447.64",180,2,3,2,"232","At Risk","At Risk","Occasional"
"15456","2011-03-01","3","447.22",306,1,3,2,"132","At Risk","Churned","Occasional"
"15368","2011-11-18","1","446.94",44,4,1,2,"412","Potential","Active","One-Time"
"15889","2011-07-06","2","446.87",179,2,3,2,"232","At Risk","At Risk","Occasional"
"14149","2011-05-03","1","446.62",243,1,1,2,"112","Lost","Churned","One-Time"
"17370","2011-09-28","4","446.18",95,2,4,2,"242","At Risk","At Risk","Occasional"
"17190","2011-10-12","2","444.74",81,3,3,2,"332","Developing","Active","Occasional"
"18006","2011-11-16","1","444.68",46,4,2,2,"422","Potential","Active","One-Time"
"14638","2011-10-20","1","443.60",73,3,1,2,"312","Potential","Active","One-Time"
"16404","2011-09-30","1","443.05",93,3,2,2,"322","Potential","At Risk","One-Time"
"18222","2011-09-08","1","443.00",115,2,2,2,"222","Developing","At Risk","One-Time"
"14093","2011-11-27","1","442.85",35,5,1,2,"512","Potential","Active","One-Time"
"12579","2011-09-22","1","440.42",101,2,1,2,"212","Developing","At Risk","One-Time"
"14022","2011-04-28","1","440.00",248,1,1,2,"112","Lost","Churned","One-Time"
"18233","2011-01-18","1","440.00",348,1,2,2,"122","Developing","Churned","One-Time"
"15524","2011-11-15","1","440.00",47,4,1,2,"412","Potential","Active","One-Time"
"13954","2011-12-08","2","439.92",24,5,2,2,"522","Potential","Active","Occasional"
"16025","2011-11-10","1","439.66",52,4,2,2,"422","Potential","Active","One-Time"
"13359","2011-10-07","1","439.56",86,3,1,2,"312","Potential","Active","One-Time"
"16968","2011-12-05","2","439.43",27,5,3,2,"532","Developing","Active","Occasional"
"13358","2011-03-16","1","439.03",291,1,1,2,"112","Lost","Churned","One-Time"
"14272","2011-09-27","2","437.96",96,2,3,2,"232","At Risk","At Risk","Occasional"
"12552","2011-11-01","2","437.82",61,3,2,2,"322","Potential","Active","Occasional"
"16034","2011-05-27","3","437.70",219,1,4,2,"142","At Risk","Churned","Occasional"
"12592","2011-09-08","2","437.60",115,2,2,2,"222","Developing","At Risk","Occasional"
"15553","2011-10-10","1","437.23",83,3,1,2,"312","Potential","Active","One-Time"
"16084","2011-02-13","1","436.18",322,1,2,2,"122","Developing","Churned","One-Time"
"15551","2011-11-03","1","436.06",59,3,1,2,"312","Potential","Active","One-Time"
"16948","2011-07-24","3","435.02",161,2,4,2,"242","At Risk","At Risk","Occasional"
"14910","2011-12-07","4","434.35",25,5,4,2,"542","Loyal","Active","Occasional"
"14460","2011-08-21","3","434.34",133,2,3,2,"232","At Risk","At Risk","Occasional"
"12493","2011-06-27","2","433.74",188,2,2,2,"222","Developing","Churned","Occasional"
"17035","2011-04-08","2","433.53",268,1,3,2,"132","At Risk","Churned","Occasional"
"14157","2011-11-20","2","432.88",42,4,3,2,"432","Developing","Active","Occasional"
"16236","2011-09-22","1","432.20",101,2,2,2,"222","Developing","At Risk","One-Time"
"16881","2011-10-04","1","432.00",89,3,2,2,"322","Potential","Active","One-Time"
"15976","2011-06-27","2","430.94",188,2,3,2,"232","At Risk","Churned","Occasional"
"18106","2011-01-14","1","430.70",352,1,2,2,"122","Developing","Churned","One-Time"
"12452","2011-11-23","2","430.57",39,4,2,2,"422","Potential","Active","Occasional"
"13245","2011-10-20","1","430.50",73,3,1,2,"312","Potential","Active","One-Time"
"12795","2011-11-21","1","430.48",41,4,1,2,"412","Potential","Active","One-Time"
"12827","2011-12-04","3","430.15",28,5,3,2,"532","Developing","Active","Occasional"
"14998","2011-06-22","2","429.87",193,2,3,2,"232","At Risk","Churned","Occasional"
"16884","2011-11-02","2","429.84",60,3,3,2,"332","Developing","Active","Occasional"
"15450","2011-11-09","1","429.84",53,4,1,2,"412","Potential","Active","One-Time"
"15230","2011-04-14","2","429.60",262,1,3,2,"132","At Risk","Churned","Occasional"
"15957","2011-11-08","1","428.89",54,4,2,2,"422","Potential","Active","One-Time"
"13602","2011-10-06","1","428.89",87,3,1,2,"312","Potential","Active","One-Time"
"16324","2011-08-03","3","428.68",151,2,4,2,"242","At Risk","At Risk","Occasional"
"17869","2011-08-24","5","428.18",130,2,4,2,"242","At Risk","At Risk","Occasional"
"15360","2011-10-31","1","427.93",62,3,1,2,"312","Potential","Active","One-Time"
"12725","2010-12-03","1","427.80",394,1,1,2,"112","Lost","Churned","One-Time"
"12403","2011-10-21","1","427.70",72,3,1,2,"312","Potential","Active","One-Time"
"12740","2011-10-07","1","427.60",86,3,1,2,"312","Potential","Active","One-Time"
"12802","2011-06-06","1","427.58",209,1,1,2,"112","Lost","Churned","One-Time"
"15994","2011-10-16","1","427.07",77,3,2,2,"322","Potential","Active","One-Time"
"17223","2011-02-02","2","426.79",333,1,3,2,"132","At Risk","Churned","Occasional"
"15930","2011-10-03","1","426.63",90,3,2,2,"322","Potential","Active","One-Time"
"14288","2011-05-10","1","426.60",236,1,1,2,"112","Lost","Churned","One-Time"
"15639","2011-07-28","1","425.32",157,2,1,2,"212","Developing","At Risk","One-Time"
"16780","2011-08-31","2","425.19",123,2,3,2,"232","At Risk","At Risk","Occasional"
"17134","2011-08-25","2","425.00",129,2,3,2,"232","At Risk","At Risk","Occasional"
"17371","2011-11-22","3","423.89",40,4,4,2,"442","Loyal","Active","Occasional"
"13140","2011-08-23","3","423.72",131,2,3,2,"232","At Risk","At Risk","Occasional"
"16119","2011-12-01","2","423.36",31,5,3,2,"532","Developing","Active","Occasional"
"15012","2011-10-17","2","423.04",76,3,3,2,"332","Developing","Active","Occasional"
"18034","2011-11-18","2","422.88",44,4,3,2,"432","Developing","Active","Occasional"
"17525","2010-12-15","1","422.70",382,1,2,2,"122","Developing","Churned","One-Time"
"13473","2011-10-10","2","422.64",83,3,2,2,"322","Potential","Active","Occasional"
"16689","2011-09-25","2","422.60",98,2,3,2,"232","At Risk","At Risk","Occasional"
"18240","2011-10-24","1","422.58",69,3,2,2,"322","Potential","Active","One-Time"
"17232","2011-12-07","2","421.52",25,5,3,2,"532","Developing","Active","Occasional"
"14757","2011-09-25","1","420.50",98,2,1,2,"212","Developing","At Risk","One-Time"
"15206","2011-11-29","4","420.30",33,5,4,2,"542","Loyal","Active","Occasional"
"14124","2011-09-16","1","419.58",107,2,1,2,"212","Developing","At Risk","One-Time"
"15361","2010-12-13","1","418.92",384,1,1,2,"112","Lost","Churned","One-Time"
"15967","2011-11-16","2","418.83",46,4,3,2,"432","Developing","Active","Occasional"
"12593","2011-08-23","3","418.10",131,2,3,2,"232","At Risk","At Risk","Occasional"
"17701","2011-04-01","1","417.95",275,1,2,2,"122","Developing","Churned","One-Time"
"16629","2011-09-27","2","417.73",96,2,3,2,"232","At Risk","At Risk","Occasional"
"13615","2011-01-25","1","417.69",341,1,1,2,"112","Lost","Churned","One-Time"
"16737","2011-10-17","1","417.60",76,3,2,2,"322","Potential","Active","One-Time"
"12833","2011-07-17","1","417.38",168,2,1,2,"212","Developing","At Risk","One-Time"
"18001","2011-11-27","2","417.23",35,5,3,2,"532","Developing","Active","Occasional"
"13166","2011-03-01","1","417.20",306,1,1,2,"112","Lost","Churned","One-Time"
"16816","2011-08-28","4","417.06",126,2,4,2,"242","At Risk","At Risk","Occasional"
"13889","2011-09-08","1","416.90",115,2,1,2,"212","Developing","At Risk","One-Time"
"15935","2011-04-14","2","416.86",262,1,3,2,"132","At Risk","Churned","Occasional"
"16957","2011-04-14","2","416.64",262,1,3,2,"132","At Risk","Churned","Occasional"
"13085","2011-07-05","2","416.08",180,2,2,2,"222","Developing","At Risk","Occasional"
"15803","2011-10-19","1","415.82",74,3,2,2,"322","Potential","Active","One-Time"
"14139","2011-10-24","1","415.82",69,3,1,2,"312","Potential","Active","One-Time"
"12930","2011-09-22","2","415.80",101,2,2,2,"222","Developing","At Risk","Occasional"
"12580","2011-04-07","1","415.70",269,1,1,2,"112","Lost","Churned","One-Time"
"15725","2011-11-24","1","415.25",38,4,1,2,"412","Potential","Active","One-Time"
"14333","2011-10-03","1","415.20",90,3,1,2,"312","Potential","Active","One-Time"
"16795","2010-12-09","1","414.88",388,1,2,2,"122","Developing","Churned","One-Time"
"12993","2011-11-16","4","414.76",46,4,4,2,"442","Loyal","Active","Occasional"
"16239","2011-10-14","2","414.20",79,3,3,2,"332","Developing","Active","Occasional"
"17483","2011-10-05","3","414.04",88,3,4,2,"342","Developing","Active","Occasional"
"17052","2011-11-11","1","413.75",51,4,2,2,"422","Potential","Active","One-Time"
"13974","2011-10-21","1","413.59",72,3,1,2,"312","Potential","Active","One-Time"
"16834","2011-04-26","1","413.46",250,1,2,2,"122","Developing","Churned","One-Time"
"14620","2011-05-18","2","412.78",228,1,3,2,"132","At Risk","Churned","Occasional"
"13827","2011-10-13","3","412.05",80,3,3,2,"332","Developing","Active","Occasional"
"15523","2011-09-16","1","412.01",107,2,1,2,"212","Developing","At Risk","One-Time"
"16272","2011-08-15","1","411.70",139,2,2,2,"222","Developing","At Risk","One-Time"
"17913","2011-10-12","2","411.60",81,3,3,2,"332","Developing","Active","Occasional"
"14670","2011-03-04","2","411.53",303,1,3,2,"132","At Risk","Churned","Occasional"
"15186","2011-11-25","2","411.41",37,4,3,2,"432","Developing","Active","Occasional"
"15099","2011-09-16","1","410.48",107,2,1,2,"212","Developing","At Risk","One-Time"
"15695","2011-03-18","2","409.98",289,1,3,2,"132","At Risk","Churned","Occasional"
"14048","2011-02-07","1","409.93",328,1,1,2,"112","Lost","Churned","One-Time"
"14348","2011-03-24","1","409.57",283,1,1,2,"112","Lost","Churned","One-Time"
"12990","2011-11-08","3","409.50",54,4,3,2,"432","Developing","Active","Occasional"
"15225","2011-04-19","1","409.40",257,1,1,2,"112","Lost","Churned","One-Time"
"16243","2011-11-06","2","409.10",56,3,3,2,"332","Developing","Active","Occasional"
"16018","2011-10-31","2","408.90",62,3,3,2,"332","Developing","Active","Occasional"
"15269","2011-11-16","1","408.80",46,4,1,2,"412","Potential","Active","One-Time"
"16399","2011-11-20","2","408.57",42,4,3,2,"432","Developing","Active","Occasional"
"17931","2011-07-28","2","408.36",157,2,3,2,"232","At Risk","At Risk","Occasional"
"16010","2011-04-08","3","407.50",268,1,4,2,"142","At Risk","Churned","Occasional"
"15184","2011-11-10","2","406.76",52,4,3,2,"432","Developing","Active","Occasional"
"15127","2011-10-05","1","406.53",88,3,1,2,"312","Potential","Active","One-Time"
"16947","2011-04-18","1","406.48",258,1,2,2,"122","Developing","Churned","One-Time"
"15342","2011-08-02","1","406.09",152,2,1,2,"212","Developing","At Risk","One-Time"
"14616","2011-04-11","3","406.08",265,1,3,2,"132","At Risk","Churned","Occasional"
"16204","2011-11-16","1","405.71",46,4,2,2,"422","Potential","Active","One-Time"
"18036","2011-11-07","3","405.62",55,4,4,2,"442","Loyal","Active","Occasional"
"12922","2011-07-01","1","405.38",184,2,1,2,"212","Developing","Churned","One-Time"
"17379","2011-11-28","1","404.66",34,5,2,2,"522","Potential","Active","One-Time"
"15938","2011-08-19","5","404.58",135,2,4,2,"242","At Risk","At Risk","Occasional"
"16319","2011-05-06","1","404.40",240,1,2,2,"122","Developing","Churned","One-Time"
"16484","2011-06-19","2","404.30",196,2,3,2,"232","At Risk","Churned","Occasional"
"12498","2011-11-18","3","403.70",44,4,3,2,"432","Developing","Active","Occasional"
"17431","2011-01-30","1","403.30",336,1,2,2,"122","Developing","Churned","One-Time"
"15221","2010-12-08","1","403.25",389,1,1,2,"112","Lost","Churned","One-Time"
"12386","2011-01-06","2","401.90",360,1,2,2,"122","Developing","Churned","Occasional"
"15158","2011-10-25","1","401.40",68,3,1,2,"312","Potential","Active","One-Time"
"16500","2011-12-05","6","400.86",27,5,5,2,"552","Champion","Active","Loyal"
"16198","2011-09-25","1","400.68",98,2,2,2,"222","Developing","At Risk","One-Time"
"12792","2011-03-28","1","400.54",279,1,1,2,"112","Lost","Churned","One-Time"
"17375","2011-05-24","3","400.10",222,1,4,2,"142","At Risk","Churned","Occasional"
"18164","2011-11-02","1","399.65",60,3,2,2,"322","Potential","Active","One-Time"
"13255","2011-11-30","2","399.51",32,5,2,2,"522","Potential","Active","Occasional"
"18154","2011-12-06","2","399.19",26,5,3,2,"532","Developing","Active","Occasional"
"15522","2011-11-07","2","398.84",55,4,3,2,"432","Developing","Active","Occasional"
"17830","2011-12-08","3","398.70",24,5,4,2,"542","Loyal","Active","Occasional"
"12508","2011-11-13","2","398.27",49,4,2,2,"422","Potential","Active","Occasional"
"13352","2011-10-10","1","397.98",83,3,1,2,"312","Potential","Active","One-Time"
"15429","2011-11-13","2","397.35",49,4,3,2,"432","Developing","Active","Occasional"
"17926","2011-07-29","2","397.29",156,2,3,2,"232","At Risk","At Risk","Occasional"
"12824","2011-10-11","1","397.12",82,3,1,2,"312","Potential","Active","One-Time"
"13594","2011-10-18","1","396.97",75,3,1,2,"312","Potential","Active","One-Time"
"13673","2011-11-21","2","396.92",41,4,2,2,"422","Potential","Active","Occasional"
"17486","2011-03-23","1","396.87",284,1,2,2,"122","Developing","Churned","One-Time"
"15883","2011-12-07","2","396.48",25,5,3,2,"532","Developing","Active","Occasional"
"18067","2011-10-30","1","396.33",63,3,2,2,"322","Potential","Active","One-Time"
"16354","2011-10-07","2","395.80",86,3,3,2,"332","Developing","Active","Occasional"
"17603","2011-09-22","1","394.72",101,2,2,2,"222","Developing","At Risk","One-Time"
"14619","2011-04-08","1","394.44",268,1,1,2,"112","Lost","Churned","One-Time"
"16207","2011-11-14","1","394.38",48,4,2,2,"422","Potential","Active","One-Time"
"15386","2011-06-06","1","394.14",209,1,1,2,"112","Lost","Churned","One-Time"
"15264","2011-10-06","1","393.74",87,3,1,2,"312","Potential","Active","One-Time"
"15345","2011-10-25","1","393.54",68,3,1,2,"312","Potential","Active","One-Time"
"17226","2011-02-04","1","393.49",331,1,2,2,"122","Developing","Churned","One-Time"
"14600","2011-02-07","1","393.33",328,1,1,2,"112","Lost","Churned","One-Time"
"15837","2011-10-06","1","391.98",87,3,2,2,"322","Potential","Active","One-Time"
"16917","2011-03-08","1","391.52",299,1,2,2,"122","Developing","Churned","One-Time"
"12982","2011-04-11","1","390.54",265,1,1,2,"112","Lost","Churned","One-Time"
"17614","2011-10-13","1","390.07",80,3,2,2,"322","Potential","Active","One-Time"
"17936","2011-12-04","1","389.84",28,5,2,2,"522","Potential","Active","One-Time"
"18024","2011-07-10","2","389.78",175,2,3,2,"232","At Risk","At Risk","Occasional"
"14752","2011-10-27","1","389.64",66,3,1,2,"312","Potential","Active","One-Time"
"13873","2011-08-12","3","389.60",142,2,3,2,"232","At Risk","At Risk","Occasional"
"13345","2011-02-25","1","389.50",310,1,1,2,"112","Lost","Churned","One-Time"
"16250","2011-03-23","2","389.44",284,1,3,2,"132","At Risk","Churned","Occasional"
"15847","2011-11-01","2","389.27",61,3,3,2,"332","Developing","Active","Occasional"
"12690","2011-05-18","1","389.01",228,1,1,2,"112","Lost","Churned","One-Time"
"17595","2011-11-27","2","388.79",35,5,3,2,"532","Developing","Active","Occasional"
"15592","2011-10-24","1","388.58",69,3,1,2,"312","Potential","Active","One-Time"
"13899","2011-11-23","2","388.52",39,4,2,2,"422","Potential","Active","Occasional"
"13856","2011-06-24","3","388.50",191,2,3,2,"232","At Risk","Churned","Occasional"
"17438","2011-03-31","1","388.45",276,1,2,2,"122","Developing","Churned","One-Time"
"16776","2011-10-10","1","388.28",83,3,2,2,"322","Potential","Active","One-Time"
"14538","2011-10-06","2","388.25",87,3,3,2,"332","Developing","Active","Occasional"
"17357","2011-11-15","2","388.14",47,4,3,2,"432","Developing","Active","Occasional"
"17817","2011-12-05","3","387.68",27,5,4,2,"542","Loyal","Active","Occasional"
"14420","2011-09-01","1","387.52",122,2,1,2,"212","Developing","At Risk","One-Time"
"17508","2011-03-04","1","387.31",303,1,2,2,"122","Developing","Churned","One-Time"
"14114","2011-03-11","2","386.53",296,1,3,2,"132","At Risk","Churned","Occasional"
"15664","2011-10-20","1","386.43",73,3,1,2,"312","Potential","Active","One-Time"
"14779","2011-03-04","3","386.15",303,1,3,2,"132","At Risk","Churned","Occasional"
"13821","2011-07-18","2","385.64",167,2,2,2,"222","Developing","At Risk","Occasional"
"17711","2011-11-29","2","385.10",33,5,3,2,"532","Developing","Active","Occasional"
"13919","2011-10-11","2","384.81",82,3,2,2,"322","Potential","Active","Occasional"
"13833","2011-07-03","1","384.80",182,2,1,2,"212","Developing","Churned","One-Time"
"17250","2011-12-06","2","384.52",26,5,3,2,"532","Developing","Active","Occasional"
"17189","2011-08-25","2","384.40",129,2,3,2,"232","At Risk","At Risk","Occasional"
"17205","2011-10-17","1","384.08",76,3,2,2,"322","Potential","Active","One-Time"
"16982","2011-10-10","1","384.06",83,3,2,2,"322","Potential","Active","One-Time"
"15048","2011-10-05","4","384.05",88,3,4,2,"342","Developing","Active","Occasional"
"12733","2011-04-19","1","383.95",257,1,1,2,"112","Lost","Churned","One-Time"
"12515","2010-12-21","1","383.70",376,1,1,2,"112","Lost","Churned","One-Time"
"15440","2011-10-16","3","383.68",77,3,3,2,"332","Developing","Active","Occasional"
"14304","2011-05-01","1","383.45",245,1,1,2,"112","Lost","Churned","One-Time"
"15424","2011-03-30","2","383.34",277,1,3,2,"132","At Risk","Churned","Occasional"
"12832","2011-11-07","2","383.03",55,3,2,2,"322","Potential","Active","Occasional"
"13817","2011-11-10","2","382.98",52,4,2,2,"422","Potential","Active","Occasional"
"18181","2011-11-15","1","382.80",47,4,2,2,"422","Potential","Active","One-Time"
"17239","2011-01-31","1","382.50",335,1,2,2,"122","Developing","Churned","One-Time"
"13657","2011-11-29","2","382.14",33,5,2,2,"522","Potential","Active","Occasional"
"17999","2011-11-02","2","382.06",60,3,3,2,"332","Developing","Active","Occasional"
"15090","2011-02-04","1","381.32",331,1,1,2,"112","Lost","Churned","One-Time"
"16441","2011-10-03","2","381.20",90,3,3,2,"332","Developing","Active","Occasional"
"12871","2011-09-16","2","380.64",107,2,2,2,"222","Developing","At Risk","Occasional"
"17573","2011-11-10","3","380.60",52,4,4,2,"442","Loyal","Active","Occasional"
"16930","2011-11-13","3","380.55",49,4,4,2,"442","Loyal","Active","Occasional"
"17138","2011-03-09","1","380.50",298,1,2,2,"122","Developing","Churned","One-Time"
"12890","2011-11-15","1","380.47",47,4,1,2,"412","Potential","Active","One-Time"
"16769","2011-03-24","1","380.39",283,1,2,2,"122","Developing","Churned","One-Time"
"17031","2011-11-28","2","380.35",34,5,3,2,"532","Developing","Active","Occasional"
"14731","2011-10-23","3","380.02",70,3,3,2,"332","Developing","Active","Occasional"
"14594","2011-12-02","2","379.83",30,5,3,2,"532","Developing","Active","Occasional"
"16552","2011-04-11","2","379.73",265,1,3,2,"132","At Risk","Churned","Occasional"
"13656","2011-06-28","2","379.65",187,2,2,2,"222","Developing","Churned","Occasional"
"13589","2011-11-25","2","379.65",37,4,2,2,"422","Potential","Active","Occasional"
"17878","2011-10-27","1","379.45",66,3,2,2,"322","Potential","Active","One-Time"
"15885","2011-09-08","3","379.35",115,2,4,2,"242","At Risk","At Risk","Occasional"
"16909","2011-09-28","1","379.14",95,2,2,2,"222","Developing","At Risk","One-Time"
"13372","2011-09-11","1","378.64",112,2,1,2,"212","Developing","At Risk","One-Time"
"17078","2011-11-03","2","378.20",59,3,3,2,"332","Developing","Active","Occasional"
"17736","2011-11-30","3","377.44",32,5,4,2,"542","Loyal","Active","Occasional"
"15025","2011-11-06","1","377.01",56,3,1,2,"312","Potential","Active","One-Time"
"17489","2011-10-12","2","376.64",81,3,3,2,"332","Developing","Active","Occasional"
"13936","2011-06-13","1","376.58",202,1,1,2,"112","Lost","Churned","One-Time"
"16858","2010-12-06","1","375.69",391,1,2,2,"122","Developing","Churned","One-Time"
"14448","2011-11-30","2","375.35",32,5,3,2,"532","Developing","Active","Occasional"
"14079","2011-08-07","1","375.10",147,2,1,2,"212","Developing","At Risk","One-Time"
"16147","2011-07-29","1","375.00",156,2,2,2,"222","Developing","At Risk","One-Time"
"14067","2011-10-07","2","374.70",86,3,3,2,"332","Developing","Active","Occasional"
"17492","2011-04-05","1","374.57",271,1,2,2,"122","Developing","Churned","One-Time"
"12873","2011-03-02","1","374.00",305,1,1,2,"112","Lost","Churned","One-Time"
"13351","2011-10-04","1","373.94",89,3,1,2,"312","Potential","Active","One-Time"
"13569","2011-11-22","2","373.75",40,4,2,2,"422","Potential","Active","Occasional"
"16321","2011-09-28","5","373.65",95,2,4,2,"242","At Risk","At Risk","Occasional"
"16903","2011-11-10","1","373.24",52,4,2,2,"422","Potential","Active","One-Time"
"12895","2011-10-28","2","372.80",65,3,2,2,"322","Potential","Active","Occasional"
"12544","2011-11-03","1","372.70",59,3,1,2,"312","Potential","Active","One-Time"
"12981","2011-11-10","2","372.22",52,4,2,2,"422","Potential","Active","Occasional"
"16065","2010-12-09","1","372.09",388,1,2,2,"122","Developing","Churned","One-Time"
"13300","2011-06-23","1","371.89",192,2,1,2,"212","Developing","Churned","One-Time"
"17765","2011-07-04","3","371.88",181,2,4,2,"242","At Risk","Churned","Occasional"
"14690","2011-10-26","2","371.70",67,3,3,2,"332","Developing","Active","Occasional"
"18155","2011-09-25","3","371.62",98,2,4,2,"242","At Risk","At Risk","Occasional"
"15472","2011-08-18","1","371.56",136,2,1,2,"212","Developing","At Risk","One-Time"
"14950","2011-11-20","1","371.20",42,4,1,2,"412","Potential","Active","One-Time"
"15975","2011-09-16","1","371.01",107,2,2,2,"222","Developing","At Risk","One-Time"
"15063","2011-05-10","1","370.80",236,1,1,2,"112","Lost","Churned","One-Time"
"16343","2011-11-23","2","370.48",39,4,3,2,"432","Developing","Active","Occasional"
"15922","2010-12-01","1","369.50",396,1,2,2,"122","Developing","Churned","One-Time"
"16758","2011-10-05","1","369.34",88,3,2,2,"322","Potential","Active","One-Time"
"14888","2011-05-16","1","369.20",230,1,1,2,"112","Lost","Churned","One-Time"
"16372","2011-11-06","2","367.93",56,3,3,2,"332","Developing","Active","Occasional"
"17911","2011-11-30","1","366.23",32,5,2,2,"522","Potential","Active","One-Time"
"17358","2011-02-09","2","365.85",326,1,3,2,"132","At Risk","Churned","Occasional"
"17432","2011-11-21","2","365.76",41,4,3,2,"432","Developing","Active","Occasional"
"16499","2010-12-14","2","365.45",383,1,3,2,"132","At Risk","Churned","Occasional"
"16202","2010-12-14","1","365.27",383,1,2,2,"122","Developing","Churned","One-Time"
"14886","2011-04-01","1","364.80",275,1,1,2,"112","Lost","Churned","One-Time"
"15949","2011-11-23","2","364.72",39,4,3,2,"432","Developing","Active","Occasional"
"12373","2011-02-01","1","364.60",334,1,1,2,"112","Lost","Churned","One-Time"
"15343","2011-09-13","1","364.50",110,2,1,2,"212","Developing","At Risk","One-Time"
"14528","2011-11-02","1","364.22",60,3,1,2,"312","Potential","Active","One-Time"
"12538","2011-11-10","1","363.95",52,4,1,2,"412","Potential","Active","One-Time"
"17330","2011-11-17","2","363.90",45,4,3,2,"432","Developing","Active","Occasional"
"15901","2011-11-23","3","363.88",39,4,4,2,"442","Loyal","Active","Occasional"
"14171","2011-09-02","1","363.79",121,2,1,2,"212","Developing","At Risk","One-Time"
"16509","2011-02-16","1","363.70",319,1,2,2,"122","Developing","Churned","One-Time"
"16485","2011-09-23","1","363.65",100,2,2,2,"222","Developing","At Risk","One-Time"
"12915","2011-07-14","2","363.65",171,2,2,2,"222","Developing","At Risk","Occasional"
"18056","2011-02-24","1","363.65",311,1,2,2,"122","Developing","Churned","One-Time"
"14932","2010-12-09","1","363.53",388,1,1,2,"112","Lost","Churned","One-Time"
"14427","2011-10-20","2","363.34",73,3,3,2,"332","Developing","Active","Occasional"
"16378","2011-04-06","3","362.95",270,1,4,2,"142","At Risk","Churned","Occasional"
"16052","2011-10-16","1","362.06",77,3,2,2,"322","Potential","Active","One-Time"
"13844","2011-11-28","1","361.62",34,5,1,2,"512","Potential","Active","One-Time"
"16305","2011-07-24","1","361.22",161,2,2,2,"222","Developing","At Risk","One-Time"
"13291","2011-07-07","1","361.11",178,2,1,2,"212","Developing","At Risk","One-Time"
"15872","2011-11-25","2","360.93",37,4,3,2,"432","Developing","Active","Occasional"
"16595","2011-10-09","1","360.16",84,3,2,2,"322","Potential","Active","One-Time"
"13780","2011-12-02","2","360.01",30,5,2,2,"522","Potential","Active","Occasional"
"13298","2011-12-08","1","360.00",24,5,1,2,"512","Potential","Active","One-Time"
"15120","2011-07-29","1","358.82",156,2,1,2,"212","Developing","At Risk","One-Time"
"17948","2011-07-15","1","358.56",170,2,2,2,"222","Developing","At Risk","One-Time"
"16823","2011-04-26","1","358.38",250,1,2,2,"122","Developing","Churned","One-Time"
"13228","2011-09-19","1","358.00",104,2,1,2,"212","Developing","At Risk","One-Time"
"13976","2011-05-17","1","357.98",229,1,1,2,"112","Lost","Churned","One-Time"
"16274","2010-12-01","1","357.95",396,1,2,2,"122","Developing","Churned","One-Time"
"17025","2011-10-10","3","357.77",83,3,4,2,"342","Developing","Active","Occasional"
"16971","2011-11-01","1","357.21",61,3,2,2,"322","Potential","Active","One-Time"
"18040","2011-11-20","2","357.20",42,4,3,2,"432","Developing","Active","Occasional"
"13453","2011-06-27","2","356.98",188,2,2,2,"222","Developing","Churned","Occasional"
"14500","2011-09-12","3","356.85",111,2,3,2,"232","At Risk","At Risk","Occasional"
"15713","2011-07-19","2","356.70",166,2,3,2,"232","At Risk","At Risk","Occasional"
"15247","2011-08-09","1","356.00",145,2,1,2,"212","Developing","At Risk","One-Time"
"14537","2011-10-13","1","355.56",80,3,1,2,"312","Potential","Active","One-Time"
"15840","2011-10-12","2","355.56",81,3,3,2,"332","Developing","Active","Occasional"
"12617","2011-11-10","1","355.53",52,4,1,2,"412","Potential","Active","One-Time"
"17742","2011-08-18","2","355.11",136,2,3,2,"232","At Risk","At Risk","Occasional"
"13642","2011-05-08","1","354.80",238,1,1,2,"112","Lost","Churned","One-Time"
"17222","2011-10-05","1","354.15",88,3,2,2,"322","Potential","Active","One-Time"
"12888","2011-05-09","2","354.12",237,1,2,2,"122","Developing","Churned","Occasional"
"15870","2011-11-07","1","354.09",55,4,2,2,"422","Potential","Active","One-Time"
"12845","2011-03-17","4","354.09",290,1,4,2,"142","At Risk","Churned","Occasional"
"17252","2011-08-15","2","353.86",139,2,3,2,"232","At Risk","At Risk","Occasional"
"12715","2011-08-25","1","353.86",129,2,1,2,"212","Developing","At Risk","One-Time"
"13173","2011-12-05","2","353.65",27,5,2,2,"522","Potential","Active","Occasional"
"13210","2011-09-07","1","353.48",116,2,1,2,"212","Developing","At Risk","One-Time"
"13343","2011-06-15","1","353.43",200,2,1,2,"212","Developing","Churned","One-Time"
"14804","2011-12-01","1","353.27",31,5,1,2,"512","Potential","Active","One-Time"
"17976","2010-12-02","1","353.19",395,1,2,2,"122","Developing","Churned","One-Time"
"15678","2011-10-18","1","352.70",75,3,1,2,"312","Potential","Active","One-Time"
"18112","2011-11-27","2","352.69",35,5,3,2,"532","Developing","Active","Occasional"
"15334","2011-07-06","3","351.67",179,2,3,2,"232","At Risk","At Risk","Occasional"
"12566","2011-09-14","1","351.65",109,2,1,2,"212","Developing","At Risk","One-Time"
"15789","2010-12-16","1","351.30",381,1,2,2,"122","Developing","Churned","One-Time"
"13923","2011-10-17","1","351.13",76,3,1,2,"312","Potential","Active","One-Time"
"15900","2011-11-16","1","351.11",46,4,2,2,"422","Potential","Active","One-Time"
"13332","2011-11-25","1","350.90",37,4,1,2,"412","Potential","Active","One-Time"
"13740","2011-04-13","1","350.75",263,1,1,2,"112","Lost","Churned","One-Time"
"17835","2011-12-07","3","350.64",25,5,4,2,"542","Loyal","Active","Occasional"
"17795","2011-06-13","2","350.39",202,2,3,2,"232","At Risk","Churned","Occasional"
"13108","2010-12-02","1","350.06",395,1,1,2,"112","Lost","Churned","One-Time"
"12532","2011-11-09","1","349.83",53,4,1,2,"412","Potential","Active","One-Time"
"13670","2011-09-25","1","349.70",98,2,1,2,"212","Developing","At Risk","One-Time"
"13887","2011-05-19","1","349.55",227,1,1,2,"112","Lost","Churned","One-Time"
"18250","2011-02-02","1","349.27",333,1,2,2,"122","Developing","Churned","One-Time"
"15405","2011-06-03","1","349.10",212,1,1,2,"112","Lost","Churned","One-Time"
"13927","2011-09-26","1","348.99",97,2,1,2,"212","Developing","At Risk","One-Time"
"13790","2011-12-05","1","348.80",27,5,1,2,"512","Potential","Active","One-Time"
"18127","2011-11-20","3","348.73",42,4,4,2,"442","Loyal","Active","Occasional"
"12527","2011-09-19","3","348.71",104,2,3,2,"232","At Risk","At Risk","Occasional"
"15579","2011-10-02","2","348.60",91,3,3,2,"332","Developing","At Risk","Occasional"
"16159","2011-03-03","1","348.20",304,1,2,2,"122","Developing","Churned","One-Time"
"13052","2011-05-11","1","348.15",235,1,1,2,"112","Lost","Churned","One-Time"
"14379","2011-10-26","2","348.10",67,3,3,2,"332","Developing","Active","Occasional"
"13497","2011-03-02","2","348.05",305,1,2,2,"122","Developing","Churned","Occasional"
"17668","2011-12-08","2","347.75",24,5,3,2,"532","Developing","Active","Occasional"
"13062","2011-06-01","1","346.98",214,1,1,2,"112","Lost","Churned","One-Time"
"13649","2011-03-28","2","346.60",279,1,2,2,"122","Developing","Churned","Occasional"
"16423","2011-11-15","1","346.12",47,4,2,2,"422","Potential","Active","One-Time"
"13091","2011-11-11","1","345.82",51,4,1,2,"412","Potential","Active","One-Time"
"15781","2011-11-14","3","345.46",48,4,4,2,"442","Loyal","Active","Occasional"
"17123","2011-07-01","1","345.30",184,2,2,2,"222","Developing","Churned","One-Time"
"13774","2011-09-19","1","345.00",104,2,1,2,"212","Developing","At Risk","One-Time"
"14633","2011-03-18","1","344.90",289,1,1,2,"112","Lost","Churned","One-Time"
"16978","2011-09-23","1","344.33",100,2,2,2,"222","Developing","At Risk","One-Time"
"17569","2011-01-11","1","344.14",355,1,2,2,"122","Developing","Churned","One-Time"
"13068","2011-11-29","2","344.00",33,5,2,2,"522","Potential","Active","Occasional"
"15047","2011-03-15","1","343.62",292,1,1,2,"112","Lost","Churned","One-Time"
"15520","2011-12-08","1","343.50",24,5,1,2,"512","Potential","Active","One-Time"
"18081","2011-11-03","3","343.45",59,3,4,2,"342","Developing","Active","Occasional"
"15880","2010-12-05","1","343.28",392,1,2,2,"122","Developing","Churned","One-Time"
"12875","2011-07-19","2","343.23",166,2,2,2,"222","Developing","At Risk","Occasional"
"17201","2011-10-17","1","342.63",76,3,2,2,"322","Potential","Active","One-Time"
"16851","2011-12-05","3","342.45",27,5,4,2,"542","Loyal","Active","Occasional"
"16826","2011-10-19","1","341.70",74,3,2,2,"322","Potential","Active","One-Time"
"13347","2011-09-30","1","341.36",93,3,1,2,"312","Potential","At Risk","One-Time"
"17917","2011-10-25","3","341.28",68,3,4,2,"342","Developing","Active","Occasional"
"14491","2011-06-17","2","340.93",198,2,3,2,"232","At Risk","Churned","Occasional"
"12519","2011-10-07","1","340.84",86,3,1,2,"312","Potential","Active","One-Time"
"15115","2011-11-21","1","340.11",41,4,1,2,"412","Potential","Active","One-Time"
"13737","2011-05-23","1","339.60",223,1,1,2,"112","Lost","Churned","One-Time"
"17045","2011-08-18","3","339.44",136,2,4,2,"242","At Risk","At Risk","Occasional"
"16545","2011-06-28","1","339.30",187,2,2,2,"222","Developing","Churned","One-Time"
"17697","2011-04-17","1","338.95",259,1,2,2,"122","Developing","Churned","One-Time"
"17839","2011-10-28","1","338.80",65,3,2,2,"322","Potential","Active","One-Time"
"16183","2011-10-03","1","338.71",90,3,2,2,"322","Potential","Active","One-Time"
"15652","2011-09-09","1","337.74",114,2,1,2,"212","Developing","At Risk","One-Time"
"15942","2011-07-29","1","337.44",156,2,2,2,"222","Developing","At Risk","One-Time"
"13930","2011-10-13","2","337.34",80,3,2,2,"322","Potential","Active","Occasional"
"17973","2011-10-19","1","337.04",74,3,2,2,"322","Potential","Active","One-Time"
"16105","2011-04-05","1","336.96",271,1,2,2,"122","Developing","Churned","One-Time"
"17914","2011-12-06","1","336.43",26,5,2,2,"522","Potential","Active","One-Time"
"15619","2011-11-29","1","336.40",33,5,1,2,"512","Potential","Active","One-Time"
"17384","2011-11-20","2","336.40",42,4,3,2,"432","Developing","Active","Occasional"
"14954","2011-11-27","1","336.17",35,5,1,2,"512","Potential","Active","One-Time"
"18078","2011-05-06","2","336.13",240,1,3,2,"132","At Risk","Churned","Occasional"
"15921","2011-06-20","1","336.03",195,2,2,2,"222","Developing","Churned","One-Time"
"18276","2011-10-27","1","335.86",66,3,2,2,"322","Potential","Active","One-Time"
"14196","2011-08-25","1","335.52",129,2,1,2,"212","Developing","At Risk","One-Time"
"16063","2011-03-24","1","335.32",283,1,2,2,"122","Developing","Churned","One-Time"
"17221","2011-12-02","2","335.13",30,5,3,2,"532","Developing","Active","Occasional"
"12489","2011-01-07","1","334.93",359,1,1,2,"112","Lost","Churned","One-Time"
"14988","2011-05-12","1","334.54",234,1,1,2,"112","Lost","Churned","One-Time"
"15466","2011-09-15","1","334.53",108,2,1,2,"212","Developing","At Risk","One-Time"
"12350","2011-02-02","1","334.40",333,1,1,2,"112","Lost","Churned","One-Time"
"15918","2011-06-02","2","334.23",213,1,3,2,"132","At Risk","Churned","Occasional"
"14264","2011-07-08","2","333.97",177,2,3,2,"232","At Risk","At Risk","Occasional"
"13216","2011-03-17","1","333.74",290,1,1,2,"112","Lost","Churned","One-Time"
"13727","2011-11-11","2","333.48",51,4,2,2,"422","Potential","Active","Occasional"
"16625","2011-03-10","1","333.08",297,1,2,2,"122","Developing","Churned","One-Time"
"14902","2011-11-14","1","332.66",48,4,1,2,"412","Potential","Active","One-Time"
"13904","2011-11-02","2","332.64",60,3,2,2,"322","Potential","Active","Occasional"
"16850","2011-01-10","1","332.41",356,1,2,2,"122","Developing","Churned","One-Time"
"16803","2011-10-05","1","332.30",88,3,2,2,"322","Potential","Active","One-Time"
"16177","2011-10-20","1","331.95",73,3,2,2,"322","Potential","Active","One-Time"
"16030","2011-02-03","1","331.24",332,1,2,2,"122","Developing","Churned","One-Time"
"15210","2011-04-28","1","331.18",248,1,1,2,"112","Lost","Churned","One-Time"
"16478","2011-11-14","3","331.00",48,4,4,2,"442","Loyal","Active","Occasional"
"12891","2011-06-07","3","331.00",208,1,3,2,"132","At Risk","Churned","Occasional"
"17862","2011-01-20","1","330.90",346,1,2,2,"122","Developing","Churned","One-Time"
"15714","2011-11-28","2","330.88",34,5,3,2,"532","Developing","Active","Occasional"
"13706","2011-02-10","1","330.79",325,1,1,2,"112","Lost","Churned","One-Time"
"14517","2011-11-06","2","330.45",56,3,3,2,"332","Developing","Active","Occasional"
"15130","2011-06-23","1","330.11",192,2,1,2,"212","Developing","Churned","One-Time"
"16593","2011-10-20","3","330.03",73,3,4,2,"342","Developing","Active","Occasional"
"12953","2011-11-30","1","329.85",32,5,1,2,"512","Potential","Active","One-Time"
"14716","2011-10-27","2","329.68",66,3,3,2,"332","Developing","Active","Occasional"
"17866","2011-07-20","1","329.65",165,2,2,2,"222","Developing","At Risk","One-Time"
"17615","2011-08-01","3","329.60",153,2,4,2,"242","At Risk","At Risk","Occasional"
"13239","2011-03-23","1","329.56",284,1,1,2,"112","Lost","Churned","One-Time"
"17154","2011-09-25","1","329.34",98,2,2,2,"222","Developing","At Risk","One-Time"
"15153","2011-11-08","1","329.25",54,4,1,2,"412","Potential","Active","One-Time"
"14012","2011-03-07","1","328.80",300,1,1,2,"112","Lost","Churned","One-Time"
"16855","2011-11-16","2","328.40",46,4,3,2,"432","Developing","Active","Occasional"
"15213","2011-01-25","2","328.35",341,1,3,2,"132","At Risk","Churned","Occasional"
"14747","2011-04-04","1","328.20",272,1,1,2,"112","Lost","Churned","One-Time"
"14206","2011-04-14","1","328.16",262,1,1,2,"112","Lost","Churned","One-Time"
"16318","2011-11-04","1","328.15",58,3,2,2,"322","Potential","Active","One-Time"
"15314","2011-05-24","1","327.97",222,1,1,2,"112","Lost","Churned","One-Time"
"14024","2011-08-10","2","327.70",144,2,3,2,"232","At Risk","At Risk","Occasional"
"16366","2011-11-21","1","327.30",41,4,2,2,"422","Potential","Active","One-Time"
"14870","2011-03-23","1","327.25",284,1,1,2,"112","Lost","Churned","One-Time"
"16322","2011-12-08","2","326.75",24,5,3,2,"532","Developing","Active","Occasional"
"14987","2011-11-24","2","326.40",38,4,3,2,"432","Developing","Active","Occasional"
"17715","2011-05-23","1","326.40",223,1,2,2,"122","Developing","Churned","One-Time"
"16071","2011-10-26","1","326.24",67,3,2,2,"322","Potential","Active","One-Time"
"15363","2010-12-02","1","326.00",395,1,1,2,"112","Lost","Churned","One-Time"
"12844","2011-11-10","2","325.96",52,4,2,2,"422","Potential","Active","Occasional"
"16830","2011-11-01","1","325.91",61,3,2,2,"322","Potential","Active","One-Time"
"14850","2011-02-01","1","325.75",334,1,1,2,"112","Lost","Churned","One-Time"
"15944","2011-03-08","1","325.10",299,1,2,2,"122","Developing","Churned","One-Time"
"12790","2011-05-31","1","324.92",215,1,1,2,"112","Lost","Churned","One-Time"
"13801","2011-10-04","1","324.80",89,3,1,2,"312","Potential","Active","One-Time"
"15597","2011-11-04","1","324.57",58,3,1,2,"312","Potential","Active","One-Time"
"16685","2011-10-09","2","324.24",84,3,3,2,"332","Developing","Active","Occasional"
"18261","2011-10-27","2","324.24",66,3,3,2,"332","Developing","Active","Occasional"
"14555","2011-10-13","2","324.14",80,3,3,2,"332","Developing","Active","Occasional"
"15675","2011-09-19","3","323.69",104,2,3,2,"232","At Risk","At Risk","Occasional"
"17793","2011-11-14","1","323.04",48,4,2,2,"422","Potential","Active","One-Time"
"16739","2011-06-16","1","323.00",199,2,2,2,"222","Developing","Churned","One-Time"
"13955","2011-07-08","2","322.96",177,2,3,2,"232","At Risk","At Risk","Occasional"
"16627","2011-09-21","1","322.80",102,2,2,2,"222","Developing","At Risk","One-Time"
"16342","2011-09-25","4","322.41",98,2,4,2,"242","At Risk","At Risk","Occasional"
"14424","2011-11-22","1","322.08",40,4,1,2,"412","Potential","Active","One-Time"
"15224","2010-12-16","2","322.08",381,1,3,2,"132","At Risk","Churned","Occasional"
"14484","2011-10-20","1","321.92",73,3,1,2,"312","Potential","Active","One-Time"
"14823","2011-06-12","3","321.43",203,1,3,2,"132","At Risk","Churned","Occasional"
"15236","2011-02-14","1","321.05",321,1,1,2,"112","Lost","Churned","One-Time"
"18117","2011-11-14","1","320.72",48,4,2,2,"422","Potential","Active","One-Time"
"16096","2011-03-20","1","320.62",287,1,2,2,"122","Developing","Churned","One-Time"
"14622","2011-06-08","1","320.58",207,1,1,2,"112","Lost","Churned","One-Time"
"13986","2011-11-22","1","320.46",40,4,1,2,"412","Potential","Active","One-Time"
"16674","2011-10-16","2","319.61",77,3,3,2,"332","Developing","Active","Occasional"
"15107","2011-02-01","6","319.50",334,1,5,2,"152","At Risk","Churned","Loyal"
"16967","2011-06-03","1","319.02",212,1,2,2,"122","Developing","Churned","One-Time"
"17157","2011-12-02","2","319.00",30,5,3,2,"532","Developing","Active","Occasional"
"17229","2011-09-04","2","318.76",119,2,3,2,"232","At Risk","At Risk","Occasional"
"17248","2011-08-11","1","318.65",143,2,2,2,"222","Developing","At Risk","One-Time"
"14703","2011-11-25","1","318.17",37,4,1,2,"412","Potential","Active","One-Time"
"12648","2011-07-08","1","318.05",177,2,1,2,"212","Developing","At Risk","One-Time"
"18066","2011-09-25","1","318.00",98,2,2,2,"222","Developing","At Risk","One-Time"
"17172","2011-09-22","1","317.76",101,2,2,2,"222","Developing","At Risk","One-Time"
"17267","2011-08-04","2","317.62",150,2,3,2,"232","At Risk","At Risk","Occasional"
"15101","2011-12-01","2","317.53",31,5,3,2,"532","Developing","Active","Occasional"
"16386","2011-11-11","2","317.20",51,4,3,2,"432","Developing","Active","Occasional"
"15257","2011-03-01","1","317.15",306,1,1,2,"112","Lost","Churned","One-Time"
"15385","2011-10-30","1","316.88",63,3,1,2,"312","Potential","Active","One-Time"
"15243","2011-09-26","1","316.68",97,2,1,2,"212","Developing","At Risk","One-Time"
"16761","2011-09-04","1","316.62",119,2,2,2,"222","Developing","At Risk","One-Time"
"15204","2010-12-17","1","316.58",380,1,1,2,"112","Lost","Churned","One-Time"
"17458","2011-11-24","1","316.50",38,4,2,2,"422","Potential","Active","One-Time"
"13494","2011-02-01","1","316.26",334,1,1,2,"112","Lost","Churned","One-Time"
"14479","2011-03-31","2","316.25",276,1,3,2,"132","At Risk","Churned","Occasional"
"16473","2011-06-28","3","316.11",187,2,4,2,"242","At Risk","Churned","Occasional"
"12614","2011-03-07","1","315.60",300,1,1,2,"112","Lost","Churned","One-Time"
"16091","2011-07-08","2","315.06",177,2,3,2,"232","At Risk","At Risk","Occasional"
"15766","2011-10-06","1","315.06",87,3,2,2,"322","Potential","Active","One-Time"
"17237","2011-11-28","2","314.69",34,5,3,2,"532","Developing","Active","Occasional"
"16193","2011-04-17","1","314.45",259,1,2,2,"122","Developing","Churned","One-Time"
"12650","2011-12-06","1","314.44",26,5,1,2,"512","Potential","Active","One-Time"
"16227","2011-04-28","1","314.22",248,1,2,2,"122","Developing","Churned","One-Time"
"15970","2011-02-09","1","314.10",326,1,2,2,"122","Developing","Churned","One-Time"
"13484","2011-04-12","1","313.80",264,1,1,2,"112","Lost","Churned","One-Time"
"16582","2011-08-18","1","313.62",136,2,2,2,"222","Developing","At Risk","One-Time"
"14729","2010-12-01","1","313.49",396,1,1,2,"112","Lost","Churned","One-Time"
"13845","2011-10-06","1","312.98",87,3,1,2,"312","Potential","Active","One-Time"
"15318","2011-12-06","1","312.62",26,5,1,2,"512","Potential","Active","One-Time"
"12834","2011-03-02","1","312.38",305,1,1,2,"112","Lost","Churned","One-Time"
"17362","2011-04-14","2","312.23",262,1,3,2,"132","At Risk","Churned","Occasional"
"17070","2011-08-17","1","312.14",137,2,2,2,"222","Developing","At Risk","One-Time"
"12785","2010-12-10","1","311.95",387,1,1,2,"112","Lost","Churned","One-Time"
"16450","2011-07-13","1","311.92",172,2,2,2,"222","Developing","At Risk","One-Time"
"14142","2010-12-01","1","311.81",396,1,1,2,"112","Lost","Churned","One-Time"
"15326","2011-01-10","1","311.71",356,1,1,2,"112","Lost","Churned","One-Time"
"14951","2011-09-21","1","311.69",102,2,1,2,"212","Developing","At Risk","One-Time"
"14327","2011-06-29","1","311.65",186,2,1,2,"212","Developing","Churned","One-Time"
"12852","2011-02-18","1","311.55",317,1,1,2,"112","Lost","Churned","One-Time"
"13990","2011-05-10","1","311.30",236,1,1,2,"112","Lost","Churned","One-Time"
"17854","2011-06-07","2","311.26",208,1,3,2,"132","At Risk","Churned","Occasional"
"16781","2010-12-02","1","311.25",395,1,2,2,"122","Developing","Churned","One-Time"
"13897","2011-10-20","1","311.16",73,3,1,2,"312","Potential","Active","One-Time"
"17912","2011-02-02","5","311.01",333,1,4,2,"142","At Risk","Churned","Occasional"
"17266","2011-12-07","3","310.64",25,5,4,2,"542","Loyal","Active","Occasional"
"15185","2011-09-30","1","310.62",93,3,1,2,"312","Potential","At Risk","One-Time"
"15308","2011-03-10","1","310.47",297,1,1,2,"112","Lost","Churned","One-Time"
"14311","2011-04-11","1","310.26",265,1,1,2,"112","Lost","Churned","One-Time"
"14924","2011-04-08","1","310.05",268,1,1,2,"112","Lost","Churned","One-Time"
"15661","2011-01-26","2","309.80",340,1,3,2,"132","At Risk","Churned","Occasional"
"15699","2011-11-22","1","309.65",40,4,1,2,"412","Potential","Active","One-Time"
"16810","2011-05-31","1","309.54",215,1,2,2,"122","Developing","Churned","One-Time"
"14339","2011-04-11","1","309.52",265,1,1,2,"112","Lost","Churned","One-Time"
"14847","2011-07-14","1","309.40",171,2,1,2,"212","Developing","At Risk","One-Time"
"17604","2011-05-06","2","309.36",240,1,3,2,"132","At Risk","Churned","Occasional"
"12884","2011-09-12","1","309.05",111,2,1,2,"212","Developing","At Risk","One-Time"
"13787","2011-09-25","2","309.04",98,2,2,2,"222","Developing","At Risk","Occasional"
"15010","2011-11-04","1","308.94",58,3,1,2,"312","Potential","Active","One-Time"
"16956","2011-11-22","1","308.74",40,4,2,2,"422","Potential","Active","One-Time"
"13699","2011-07-07","1","308.58",178,2,1,2,"212","Developing","At Risk","One-Time"
"17510","2011-11-15","1","308.48",47,4,2,2,"422","Potential","Active","One-Time"
"13369","2010-12-09","1","308.28",388,1,1,2,"112","Lost","Churned","One-Time"
"13466","2011-06-08","1","307.90",207,1,1,2,"112","Lost","Churned","One-Time"
"15973","2010-12-08","1","307.82",389,1,2,2,"122","Developing","Churned","One-Time"
"16123","2011-10-19","1","307.78",74,3,2,2,"322","Potential","Active","One-Time"
"13529","2011-09-22","2","307.76",101,2,2,2,"222","Developing","At Risk","Occasional"
"13395","2011-06-07","1","307.72",208,1,1,2,"112","Lost","Churned","One-Time"
"13060","2011-03-31","1","307.53",276,1,1,2,"112","Lost","Churned","One-Time"
"14915","2011-09-09","2","307.48",114,2,3,2,"232","At Risk","At Risk","Occasional"
"17120","2011-04-20","1","307.46",256,1,2,2,"122","Developing","Churned","One-Time"
"13932","2011-02-18","1","307.40",317,1,1,2,"112","Lost","Churned","One-Time"
"13142","2011-11-20","1","307.09",42,4,1,2,"412","Potential","Active","One-Time"
"17334","2011-02-10","2","307.02",325,1,3,2,"132","At Risk","Churned","Occasional"
"15087","2011-03-03","1","306.94",304,1,1,2,"112","Lost","Churned","One-Time"
"17551","2010-12-15","1","306.84",382,1,2,2,"122","Developing","Churned","One-Time"
"16668","2011-11-24","6","306.72",38,4,5,2,"452","Loyal","Active","Loyal"
"13762","2011-05-05","1","306.72",241,1,1,2,"112","Lost","Churned","One-Time"
"13718","2011-04-07","2","306.55",269,1,2,2,"122","Developing","Churned","Occasional"
"18059","2011-11-16","3","306.46",46,4,4,2,"442","Loyal","Active","Occasional"
"15659","2011-10-27","1","306.45",66,3,1,2,"312","Potential","Active","One-Time"
"17176","2011-05-22","1","306.13",224,1,2,2,"122","Developing","Churned","One-Time"
"13863","2011-04-06","1","305.78",270,1,1,2,"112","Lost","Churned","One-Time"
"15219","2011-06-16","1","305.75",199,2,1,2,"212","Developing","Churned","One-Time"
"16796","2011-09-11","1","305.62",112,2,2,2,"222","Developing","At Risk","One-Time"
"16181","2011-09-27","1","305.54",96,2,2,2,"222","Developing","At Risk","One-Time"
"13045","2011-09-01","1","305.28",122,2,1,2,"212","Developing","At Risk","One-Time"
"18220","2011-04-27","1","305.28",249,1,2,2,"122","Developing","Churned","One-Time"
"12623","2011-03-08","1","305.10",299,1,1,2,"112","Lost","Churned","One-Time"
"13667","2011-07-13","1","305.02",172,2,1,2,"212","Developing","At Risk","One-Time"
"17941","2011-08-01","1","304.56",153,2,2,2,"222","Developing","At Risk","One-Time"
"15163","2011-11-21","2","304.47",41,4,3,2,"432","Developing","Active","Occasional"
"16217","2011-04-18","2","304.25",258,1,3,2,"132","At Risk","Churned","Occasional"
"18185","2011-04-04","1","304.25",272,1,2,2,"122","Developing","Churned","One-Time"
"17732","2010-12-02","1","303.97",395,1,2,2,"122","Developing","Churned","One-Time"
"16400","2011-09-06","1","303.93",117,2,2,2,"222","Developing","At Risk","One-Time"
"13083","2011-12-05","2","303.75",27,5,2,2,"522","Potential","Active","Occasional"
"17433","2011-09-12","1","303.16",111,2,2,2,"222","Developing","At Risk","One-Time"
"15060","2011-12-01","4","303.09",31,5,4,2,"542","Loyal","Active","Occasional"
"16425","2011-02-10","1","302.70",325,1,2,2,"122","Developing","Churned","One-Time"
"14248","2011-01-25","1","302.58",341,1,1,2,"112","Lost","Churned","One-Time"
"18165","2011-06-15","1","302.46",200,2,2,2,"222","Developing","Churned","One-Time"
"16104","2011-10-09","1","302.36",84,3,2,2,"322","Potential","Active","One-Time"
"16292","2011-08-10","1","302.25",144,2,2,2,"222","Developing","At Risk","One-Time"
"17506","2011-09-25","1","302.20",98,2,2,2,"222","Developing","At Risk","One-Time"
"15054","2011-11-27","2","302.10",35,5,3,2,"532","Developing","Active","Occasional"
"17094","2011-01-21","1","302.00",345,1,2,2,"122","Developing","Churned","One-Time"
"16297","2011-03-16","1","301.90",291,1,2,2,"122","Developing","Churned","One-Time"
"16715","2011-09-22","1","301.72",101,2,2,2,"222","Developing","At Risk","One-Time"
"15667","2011-10-31","1","301.32",62,3,1,2,"312","Potential","Active","One-Time"
"15148","2011-11-29","1","301.29",33,5,1,2,"512","Potential","Active","One-Time"
"15623","2011-07-21","1","301.03",164,2,1,2,"212","Developing","At Risk","One-Time"
"13479","2011-05-23","2","300.95",223,1,2,2,"122","Developing","Churned","Occasional"
"17978","2010-12-09","1","300.92",388,1,2,2,"122","Developing","Churned","One-Time"
"16430","2011-10-13","1","300.85",80,3,2,2,"322","Potential","Active","One-Time"
"16479","2011-11-29","2","300.83",33,5,3,2,"532","Developing","Active","Occasional"
"14762","2011-03-21","1","300.52",286,1,1,2,"112","Lost","Churned","One-Time"
"13304","2010-12-23","1","300.42",374,1,1,2,"112","Lost","Churned","One-Time"
"15254","2011-08-04","1","300.36",150,2,1,2,"212","Developing","At Risk","One-Time"
"13745","2011-06-30","1","300.04",185,2,1,2,"212","Developing","Churned","One-Time"
"18053","2011-09-30","1","300.02",93,3,2,2,"322","Potential","At Risk","One-Time"
"16402","2011-03-20","2","299.60",287,1,3,2,"132","At Risk","Churned","Occasional"
"18215","2011-09-11","1","299.34",112,2,2,2,"222","Developing","At Risk","One-Time"
"17124","2011-06-07","1","298.89",208,1,2,2,"122","Developing","Churned","One-Time"
"15609","2011-06-08","1","298.48",207,1,1,2,"112","Lost","Churned","One-Time"
"17255","2011-10-30","2","298.41",63,3,3,2,"332","Developing","Active","Occasional"
"17824","2011-10-19","1","298.40",74,3,2,2,"322","Potential","Active","One-Time"
"17678","2011-03-21","1","298.11",286,1,2,2,"122","Developing","Churned","One-Time"
"12881","2011-03-09","1","298.00",298,1,1,2,"112","Lost","Churned","One-Time"
"15857","2011-11-21","1","297.00",41,4,2,2,"422","Potential","Active","One-Time"
"13708","2011-03-13","1","296.88",294,1,1,2,"112","Lost","Churned","One-Time"
"14985","2011-05-25","2","296.75",221,1,3,2,"132","At Risk","Churned","Occasional"
"17531","2011-06-02","1","296.70",213,1,2,2,"122","Developing","Churned","One-Time"
"13441","2011-09-09","1","296.64",114,2,1,2,"212","Developing","At Risk","One-Time"
"15154","2011-09-25","1","296.42",98,2,1,2,"212","Developing","At Risk","One-Time"
"13751","2011-02-24","1","296.25",311,1,1,2,"112","Lost","Churned","One-Time"
"13504","2011-10-06","1","295.93",87,3,1,2,"312","Potential","Active","One-Time"
"16998","2011-07-13","4","295.00",172,2,4,2,"242","At Risk","At Risk","Occasional"
"13573","2011-10-20","2","294.40",73,3,2,2,"322","Potential","Active","Occasional"
"15732","2011-05-11","2","294.12",235,1,3,2,"132","At Risk","Churned","Occasional"
"17163","2011-11-18","2","293.10",44,4,3,2,"432","Developing","Active","Occasional"
"12829","2011-01-07","2","293.00",359,1,2,2,"122","Developing","Churned","Occasional"
"15545","2011-10-16","2","292.72",77,3,3,2,"332","Developing","Active","Occasional"
"16721","2011-03-22","1","292.47",285,1,2,2,"122","Developing","Churned","One-Time"
"13259","2011-10-09","1","292.32",84,3,1,2,"312","Potential","Active","One-Time"
"13502","2011-11-23","3","292.00",39,4,3,2,"432","Developing","Active","Occasional"
"13449","2011-11-16","1","291.88",46,4,1,2,"412","Potential","Active","One-Time"
"13544","2011-10-31","2","291.41",62,3,2,2,"322","Potential","Active","Occasional"
"14656","2011-06-23","2","291.05",192,2,3,2,"232","At Risk","Churned","Occasional"
"14947","2011-09-28","2","290.82",95,2,3,2,"232","At Risk","At Risk","Occasional"
"16648","2011-10-28","1","290.66",65,3,2,2,"322","Potential","Active","One-Time"
"15279","2010-12-20","1","290.51",377,1,1,2,"112","Lost","Churned","One-Time"
"17691","2010-12-16","2","290.40",381,1,3,2,"132","At Risk","Churned","Occasional"
"16526","2011-06-21","1","290.36",194,2,2,2,"222","Developing","Churned","One-Time"
"17081","2011-11-14","2","290.16",48,4,3,2,"432","Developing","Active","Occasional"
"14784","2011-11-13","2","289.99",49,4,3,2,"432","Developing","Active","Occasional"
"17464","2011-07-04","1","289.96",181,2,2,2,"222","Developing","Churned","One-Time"
"14953","2011-11-14","1","289.82",48,4,1,2,"412","Potential","Active","One-Time"
"16897","2011-02-13","2","289.78",322,1,3,2,"132","At Risk","Churned","Occasional"
"14162","2011-06-19","2","289.36",196,2,3,2,"232","At Risk","Churned","Occasional"
"16125","2010-12-07","1","289.35",390,1,2,2,"122","Developing","Churned","One-Time"
"14549","2011-02-01","1","289.24",334,1,1,2,"112","Lost","Churned","One-Time"
"17501","2011-05-03","2","288.60",243,1,3,2,"132","At Risk","Churned","Occasional"
"16808","2011-09-01","2","288.42",122,2,3,2,"232","At Risk","At Risk","Occasional"
"15396","2011-08-19","1","288.18",135,2,1,2,"212","Developing","At Risk","One-Time"
"17977","2011-11-10","1","288.14",52,4,2,2,"422","Potential","Active","One-Time"
"17080","2011-11-17","2","287.62",45,4,3,2,"432","Developing","Active","Occasional"
"17760","2011-11-18","2","287.59",44,4,3,2,"432","Developing","Active","Occasional"
"16432","2011-10-06","1","287.40",87,3,2,2,"322","Potential","Active","One-Time"
"13760","2011-10-16","2","286.79",77,3,2,2,"322","Potential","Active","Occasional"
"16555","2011-11-04","2","285.89",58,3,3,2,"332","Developing","Active","Occasional"
"14660","2011-09-14","2","285.74",109,2,3,2,"232","At Risk","At Risk","Occasional"
"17636","2011-11-20","1","285.56",42,4,2,2,"422","Potential","Active","One-Time"
"16429","2011-08-25","1","284.55",129,2,2,2,"222","Developing","At Risk","One-Time"
"18190","2011-05-31","2","284.46",215,1,3,2,"132","At Risk","Churned","Occasional"
"13121","2011-03-15","1","283.73",292,1,1,2,"112","Lost","Churned","One-Time"
"13439","2011-03-29","1","283.71",278,1,1,2,"112","Lost","Churned","One-Time"
"12703","2011-09-29","1","283.55",94,2,1,2,"212","Developing","At Risk","One-Time"
"17783","2011-09-28","2","283.47",95,2,3,2,"232","At Risk","At Risk","Occasional"
"17251","2010-12-12","1","283.28",385,1,2,2,"122","Developing","Churned","One-Time"
"18270","2011-11-01","2","283.15",61,3,3,2,"332","Developing","Active","Occasional"
"17694","2011-07-21","1","283.12",164,2,2,2,"222","Developing","At Risk","One-Time"
"14350","2011-03-10","1","282.93",297,1,1,2,"112","Lost","Churned","One-Time"
"13754","2011-07-11","2","282.60",174,2,2,2,"222","Developing","At Risk","Occasional"
"13177","2011-10-06","1","282.45",87,3,1,2,"312","Potential","Active","One-Time"
"17247","2011-11-24","1","282.19",38,4,2,2,"422","Potential","Active","One-Time"
"16557","2011-11-15","2","281.85",47,4,3,2,"432","Developing","Active","Occasional"
"17403","2011-11-03","1","281.62",59,3,2,2,"322","Potential","Active","One-Time"
"16848","2011-10-18","1","281.42",75,3,2,2,"322","Potential","Active","One-Time"
"14242","2011-04-19","2","280.55",257,1,3,2,"132","At Risk","Churned","Occasional"
"13606","2011-11-10","3","280.54",52,4,3,2,"432","Developing","Active","Occasional"
"16149","2011-12-05","2","280.52",27,5,3,2,"532","Developing","Active","Occasional"
"14975","2011-10-13","1","279.94",80,3,1,2,"312","Potential","Active","One-Time"
"15556","2011-11-15","1","279.77",47,4,1,2,"412","Potential","Active","One-Time"
"14480","2011-11-28","1","279.05",34,5,1,2,"512","Potential","Active","One-Time"
"17786","2011-09-15","2","278.74",108,2,3,2,"232","At Risk","At Risk","Occasional"
"14764","2011-10-24","1","278.30",69,3,1,2,"312","Potential","Active","One-Time"
"14908","2011-09-26","1","277.80",97,2,1,2,"212","Developing","At Risk","One-Time"
"17968","2010-12-01","1","277.35",396,1,2,2,"122","Developing","Churned","One-Time"
"13803","2011-03-29","1","277.07",278,1,1,2,"112","Lost","Churned","One-Time"
"15355","2011-11-10","2","277.05",52,4,3,2,"432","Developing","Active","Occasional"
"16883","2011-06-05","2","276.73",210,1,3,2,"132","At Risk","Churned","Occasional"
"13272","2011-11-08","2","276.56",54,4,2,2,"422","Potential","Active","Occasional"
"14508","2011-11-17","2","276.42",45,4,3,2,"432","Developing","Active","Occasional"
"12750","2011-08-03","1","275.88",151,2,1,2,"212","Developing","At Risk","One-Time"
"14512","2011-06-05","2","275.28",210,1,3,2,"132","At Risk","Churned","Occasional"
"16313","2011-12-06","2","274.15",26,5,3,2,"532","Developing","Active","Occasional"
"16727","2010-12-10","1","272.82",387,1,2,2,"122","Developing","Churned","One-Time"
"17254","2011-12-05","2","272.44",27,5,3,2,"532","Developing","Active","Occasional"
"17498","2011-09-25","1","272.22",98,2,2,2,"222","Developing","At Risk","One-Time"
"14819","2011-10-06","2","272.07",87,3,3,2,"332","Developing","Active","Occasional"
"13917","2011-10-21","2","272.04",72,3,2,2,"322","Potential","Active","Occasional"
"14816","2011-05-26","1","271.85",220,1,1,2,"112","Lost","Churned","One-Time"
"13058","2011-11-15","3","271.40",47,4,3,2,"432","Developing","Active","Occasional"
"13837","2011-05-12","2","271.24",234,1,2,2,"122","Developing","Churned","Occasional"
"17767","2011-11-24","1","271.20",38,4,2,2,"422","Potential","Active","One-Time"
"17496","2010-12-16","1","271.05",381,1,2,2,"122","Developing","Churned","One-Time"
"18108","2011-03-30","1","271.00",277,1,2,2,"122","Developing","Churned","One-Time"
"17011","2011-11-09","1","270.90",53,4,2,2,"422","Potential","Active","One-Time"
"15774","2011-10-02","1","270.80",91,3,2,2,"322","Potential","At Risk","One-Time"
"13533","2011-06-10","3","270.79",205,1,3,2,"132","At Risk","Churned","Occasional"
"14520","2011-12-08","2","270.60",24,5,3,2,"532","Developing","Active","Occasional"
"13242","2011-08-19","3","270.40",135,2,3,2,"232","At Risk","At Risk","Occasional"
"12558","2011-12-02","1","269.96",30,5,1,2,"512","Potential","Active","One-Time"
"14727","2011-03-10","1","268.58",297,1,1,2,"112","Lost","Churned","One-Time"
"15408","2011-03-20","1","267.18",287,1,1,2,"112","Lost","Churned","One-Time"
"17550","2011-05-26","3","267.16",220,1,4,2,"142","At Risk","Churned","Occasional"
"15320","2011-10-26","1","267.13",67,3,1,2,"312","Potential","Active","One-Time"
"17708","2011-06-05","2","267.08",210,1,3,2,"132","At Risk","Churned","Occasional"
"15517","2011-04-20","1","267.03",256,1,1,2,"112","Lost","Churned","One-Time"
"16451","2011-09-13","1","266.97",110,2,2,2,"222","Developing","At Risk","One-Time"
"14863","2011-11-10","1","266.76",52,4,1,2,"412","Potential","Active","One-Time"
"15119","2011-04-08","1","266.40",268,1,1,2,"112","Lost","Churned","One-Time"
"12962","2011-12-02","2","266.39",30,5,2,2,"522","Potential","Active","Occasional"
"15019","2011-03-18","1","266.00",289,1,1,2,"112","Lost","Churned","One-Time"
"14068","2011-01-23","1","265.85",343,1,1,2,"112","Lost","Churned","One-Time"
"17430","2011-11-07","2","265.76",55,4,3,2,"432","Developing","Active","Occasional"
"14423","2011-05-05","1","265.20",241,1,1,2,"112","Lost","Churned","One-Time"
"13973","2011-02-25","1","264.70",310,1,1,2,"112","Lost","Churned","One-Time"
"15912","2011-06-14","2","264.62",201,2,3,2,"232","At Risk","Churned","Occasional"
"14452","2011-11-29","2","264.44",33,5,3,2,"532","Developing","Active","Occasional"
"15894","2011-03-31","2","263.55",276,1,3,2,"132","At Risk","Churned","Occasional"
"12492","2011-10-07","2","263.21",86,3,2,2,"322","Potential","Active","Occasional"
"16936","2011-11-14","1","262.68",48,4,2,2,"422","Potential","Active","One-Time"
"17194","2011-03-11","2","262.62",296,1,3,2,"132","At Risk","Churned","Occasional"
"16413","2011-10-14","1","262.20",79,3,2,2,"322","Potential","Active","One-Time"
"17385","2011-11-25","1","261.11",37,4,2,2,"422","Potential","Active","One-Time"
"13189","2011-11-21","2","260.68",41,4,2,2,"422","Potential","Active","Occasional"
"14053","2011-08-07","2","260.25",147,2,3,2,"232","At Risk","At Risk","Occasional"
"15014","2011-10-27","2","260.17",66,3,3,2,"332","Developing","Active","Occasional"
"15143","2011-04-28","1","259.45",248,1,1,2,"112","Lost","Churned","One-Time"
"17125","2011-10-20","1","259.35",73,3,2,2,"322","Potential","Active","One-Time"
"13127","2011-09-23","1","259.17",100,2,1,2,"212","Developing","At Risk","One-Time"
"16447","2011-07-27","1","259.01",158,2,2,2,"222","Developing","At Risk","One-Time"
"15577","2011-07-11","3","258.88",174,2,3,2,"232","At Risk","At Risk","Occasional"
"13277","2011-11-24","4","258.40",38,4,4,2,"442","Loyal","Active","Occasional"
"13227","2011-05-22","1","257.70",224,1,1,2,"112","Lost","Churned","One-Time"
"14375","2011-06-07","1","257.68",208,1,1,2,"112","Lost","Churned","One-Time"
"18009","2011-04-18","1","257.34",258,1,2,2,"122","Developing","Churned","One-Time"
"13626","2011-04-01","1","257.23",275,1,1,2,"112","Lost","Churned","One-Time"
"16048","2010-12-01","2","256.44",396,1,3,2,"132","At Risk","Churned","Occasional"
"12430","2011-10-27","1","256.40",66,3,1,2,"312","Potential","Active","One-Time"
"13806","2011-10-07","1","256.38",86,3,1,2,"312","Potential","Active","One-Time"
"17896","2011-11-16","1","256.32",46,4,2,2,"422","Potential","Active","One-Time"
"15277","2011-10-24","1","255.90",69,3,1,2,"312","Potential","Active","One-Time"
"14761","2011-10-12","2","255.90",81,3,3,2,"332","Developing","Active","Occasional"
"14881","2011-11-20","1","255.40",42,4,1,2,"412","Potential","Active","One-Time"
"16226","2011-05-20","3","255.12",226,1,4,2,"142","At Risk","Churned","Occasional"
"15261","2011-07-27","1","254.82",158,2,1,2,"212","Developing","At Risk","One-Time"
"12604","2011-09-21","2","254.18",102,2,2,2,"222","Developing","At Risk","Occasional"
"14765","2011-11-10","3","254.11",52,4,3,2,"432","Developing","Active","Occasional"
"15689","2011-08-12","2","254.10",142,2,3,2,"232","At Risk","At Risk","Occasional"
"12797","2010-12-09","1","254.03",388,1,1,2,"112","Lost","Churned","One-Time"
"15759","2011-05-05","3","253.04",241,1,3,2,"132","At Risk","Churned","Occasional"
"17860","2010-12-06","1","252.80",391,1,2,2,"122","Developing","Churned","One-Time"
"15035","2011-09-11","1","252.73",112,2,1,2,"212","Developing","At Risk","One-Time"
"13404","2011-12-08","2","252.49",24,5,2,2,"522","Potential","Active","Occasional"
"15346","2011-01-11","1","252.42",355,1,1,2,"112","Lost","Churned","One-Time"
"13645","2011-08-11","1","252.10",143,2,1,2,"212","Developing","At Risk","One-Time"
"13711","2011-05-05","2","252.06",241,1,2,2,"122","Developing","Churned","Occasional"
"16330","2011-11-22","3","251.91",40,4,4,2,"442","Loyal","Active","Occasional"
"16836","2011-10-31","2","251.87",62,3,3,2,"332","Developing","Active","Occasional"
"17155","2011-11-22","2","251.70",40,4,3,2,"432","Developing","Active","Occasional"
"16976","2011-03-17","1","251.52",290,1,2,2,"122","Developing","Churned","One-Time"
"16024","2011-11-27","1","251.24",35,5,2,2,"522","Potential","Active","One-Time"
"14501","2011-06-09","2","251.21",206,1,3,2,"132","At Risk","Churned","Occasional"
"13512","2011-03-24","1","251.21",283,1,1,2,"112","Lost","Churned","One-Time"
"13207","2011-11-24","2","250.26",38,4,2,2,"422","Potential","Active","Occasional"
"16596","2011-11-24","2","250.15",38,4,3,1,"431","Developing","Active","Occasional"
"17303","2010-12-13","1","250.04",384,1,2,1,"121","Developing","Churned","One-Time"
"15510","2011-01-13","1","250.00",353,1,1,1,"111","Lost","Churned","One-Time"
"17456","2010-12-09","1","249.86",388,1,2,1,"121","Developing","Churned","One-Time"
"18005","2011-12-06","2","249.72",26,5,3,1,"531","Developing","Active","Occasional"
"16124","2011-01-26","1","249.00",340,1,2,1,"121","Developing","Churned","One-Time"
"13061","2011-09-28","1","248.61",95,2,1,1,"211","Developing","At Risk","One-Time"
"17111","2011-10-23","1","248.61",70,3,2,1,"321","Potential","Active","One-Time"
"18212","2011-01-17","1","248.42",349,1,2,1,"121","Developing","Churned","One-Time"
"16510","2010-12-02","1","248.10",395,1,2,1,"121","Developing","Churned","One-Time"
"15097","2011-12-05","1","248.08",27,5,1,1,"511","Potential","Active","One-Time"
"13592","2011-11-04","4","247.96",58,3,4,1,"341","Developing","Active","Occasional"
"18072","2011-06-07","1","247.44",208,1,2,1,"121","Developing","Churned","One-Time"
"13349","2011-11-29","1","247.32",33,5,1,1,"511","Potential","Active","One-Time"
"14658","2011-12-04","2","247.15",28,5,3,1,"531","Developing","Active","Occasional"
"17051","2011-05-29","1","247.14",217,1,2,1,"121","Developing","Churned","One-Time"
"15783","2011-11-29","1","246.30",33,5,2,1,"521","Potential","Active","One-Time"
"17278","2011-04-12","1","246.04",264,1,2,1,"121","Developing","Churned","One-Time"
"16778","2011-09-26","2","245.94",97,2,3,1,"231","At Risk","At Risk","Occasional"
"17771","2011-10-14","2","245.81",79,3,3,1,"331","Developing","Active","Occasional"
"12660","2011-11-28","1","245.10",34,5,1,1,"511","Potential","Active","One-Time"
"15118","2011-07-28","1","244.80",157,2,1,1,"211","Developing","At Risk","One-Time"
"16601","2011-10-30","1","244.80",63,3,2,1,"321","Potential","Active","One-Time"
"16528","2011-12-06","1","244.41",26,5,2,1,"521","Potential","Active","One-Time"
"17892","2011-10-14","3","244.10",79,3,4,1,"341","Developing","Active","Occasional"
"17925","2010-12-02","1","244.08",395,1,2,1,"121","Developing","Churned","One-Time"
"13103","2011-10-31","1","243.94",62,3,1,1,"311","Potential","Active","One-Time"
"16793","2011-10-13","1","243.84",80,3,2,1,"321","Potential","Active","One-Time"
"18193","2011-06-27","1","243.76",188,2,2,1,"221","Developing","Churned","One-Time"
"13886","2011-09-29","1","243.56",94,3,1,1,"311","Potential","At Risk","One-Time"
"15634","2011-11-22","1","243.55",40,4,1,1,"411","Potential","Active","One-Time"
"17339","2011-09-06","2","243.36",117,2,3,1,"231","At Risk","At Risk","Occasional"
"17908","2010-12-01","1","243.28",396,1,2,1,"121","Developing","Churned","One-Time"
"14647","2011-05-22","1","243.22",224,1,1,1,"111","Lost","Churned","One-Time"
"16215","2011-09-20","1","242.35",103,2,2,1,"221","Developing","At Risk","One-Time"
"15776","2011-07-29","1","241.62",156,2,2,1,"221","Developing","At Risk","One-Time"
"14523","2011-08-23","1","241.09",131,2,1,1,"211","Developing","At Risk","One-Time"
"16427","2011-03-21","2","241.06",286,1,3,1,"131","At Risk","Churned","Occasional"
"15598","2011-10-17","1","240.68",76,3,1,1,"311","Potential","Active","One-Time"
"15286","2011-10-21","1","240.55",72,3,1,1,"311","Potential","Active","One-Time"
"13565","2011-11-20","2","240.22",42,4,2,1,"421","Potential","Active","Occasional"
"17256","2011-08-24","2","240.00",130,2,3,1,"231","At Risk","At Risk","Occasional"
"17181","2011-10-13","2","239.92",80,3,3,1,"331","Developing","Active","Occasional"
"15690","2011-12-05","2","239.76",27,5,3,1,"531","Developing","Active","Occasional"
"13570","2011-04-10","1","239.49",266,1,1,1,"111","Lost","Churned","One-Time"
"17684","2011-10-27","1","239.41",66,3,2,1,"321","Potential","Active","One-Time"
"16756","2011-05-09","1","239.40",237,1,2,1,"121","Developing","Churned","One-Time"
"12561","2011-02-10","1","238.85",325,1,1,1,"111","Lost","Churned","One-Time"
"15850","2011-11-20","2","238.85",42,4,3,1,"431","Developing","Active","Occasional"
"12718","2011-09-29","1","238.25",94,2,1,1,"211","Developing","At Risk","One-Time"
"17877","2011-06-22","1","237.61",193,2,2,1,"221","Developing","Churned","One-Time"
"14586","2011-03-08","1","237.36",299,1,1,1,"111","Lost","Churned","One-Time"
"15457","2011-03-22","1","237.07",285,1,1,1,"111","Lost","Churned","One-Time"
"18110","2011-11-20","1","236.30",42,4,2,1,"421","Potential","Active","One-Time"
"12732","2011-06-13","1","236.26",202,1,1,1,"111","Lost","Churned","One-Time"
"16026","2011-10-27","1","236.09",66,3,2,1,"321","Potential","Active","One-Time"
"13187","2011-01-06","1","236.02",360,1,1,1,"111","Lost","Churned","One-Time"
"15462","2011-09-06","3","234.60",117,2,3,1,"231","At Risk","At Risk","Occasional"
"14473","2011-09-26","2","234.34",97,2,3,1,"231","At Risk","At Risk","Occasional"
"17060","2011-03-18","1","234.24",289,1,2,1,"121","Developing","Churned","One-Time"
"16961","2011-08-15","1","234.17",139,2,2,1,"221","Developing","At Risk","One-Time"
"12736","2011-01-11","1","234.00",355,1,1,1,"111","Lost","Churned","One-Time"
"15483","2011-07-01","4","233.81",184,2,4,1,"241","At Risk","Churned","Occasional"
"13348","2011-10-06","1","233.76",87,3,1,1,"311","Potential","Active","One-Time"
"16583","2010-12-01","1","233.45",396,1,2,1,"121","Developing","Churned","One-Time"
"14995","2011-11-01","2","233.23",61,3,3,1,"331","Developing","Active","Occasional"
"16302","2011-08-05","1","233.22",149,2,2,1,"221","Developing","At Risk","One-Time"
"13678","2011-07-11","1","232.60",174,2,1,1,"211","Developing","At Risk","One-Time"
"18213","2011-04-17","1","232.48",259,1,2,1,"121","Developing","Churned","One-Time"
"16117","2011-06-03","1","232.21",212,1,2,1,"121","Developing","Churned","One-Time"
"15393","2011-11-23","2","231.86",39,4,3,1,"431","Developing","Active","Occasional"
"16641","2011-08-26","1","231.10",128,2,2,1,"221","Developing","At Risk","One-Time"
"18030","2011-12-05","2","230.65",27,5,3,1,"531","Developing","Active","Occasional"
"15866","2011-08-30","1","230.53",124,2,2,1,"221","Developing","At Risk","One-Time"
"16445","2011-11-06","1","230.51",56,3,2,1,"321","Potential","Active","One-Time"
"13786","2010-12-07","1","230.40",390,1,1,1,"111","Lost","Churned","One-Time"
"16926","2010-12-03","1","230.25",394,1,2,1,"121","Developing","Churned","One-Time"
"13960","2011-11-18","2","230.22",44,4,3,1,"431","Developing","Active","Occasional"
"12812","2011-10-26","1","229.64",67,3,1,1,"311","Potential","Active","One-Time"
"13474","2011-04-17","1","229.59",259,1,1,1,"111","Lost","Churned","One-Time"
"13008","2011-01-20","1","229.47",346,1,1,1,"111","Lost","Churned","One-Time"
"15528","2011-03-30","1","229.33",277,1,1,1,"111","Lost","Churned","One-Time"
"14793","2011-11-18","1","228.99",44,4,1,1,"411","Potential","Active","One-Time"
"17347","2011-09-14","1","228.96",109,2,2,1,"221","Developing","At Risk","One-Time"
"13146","2011-11-13","1","228.91",49,4,1,1,"411","Potential","Active","One-Time"
"13712","2011-04-07","1","228.84",269,1,1,1,"111","Lost","Churned","One-Time"
"13070","2011-05-31","1","228.80",215,1,1,1,"111","Lost","Churned","One-Time"
"17969","2011-06-26","2","228.20",189,2,3,1,"231","At Risk","Churned","Occasional"
"16527","2011-09-19","1","228.06",104,2,2,1,"221","Developing","At Risk","One-Time"
"14569","2011-12-08","1","227.39",24,5,1,1,"511","Potential","Active","One-Time"
"17212","2011-03-31","1","226.85",276,1,2,1,"121","Developing","Churned","One-Time"
"17572","2011-09-29","4","226.75",94,3,4,1,"341","Developing","At Risk","Occasional"
"16315","2011-01-13","1","226.37",353,1,2,1,"121","Developing","Churned","One-Time"
"16777","2011-09-20","2","226.35",103,2,3,1,"231","At Risk","At Risk","Occasional"
"16619","2011-03-21","1","226.21",286,1,2,1,"121","Developing","Churned","One-Time"
"12672","2011-01-14","1","225.90",352,1,1,1,"111","Lost","Churned","One-Time"
"17789","2011-03-03","1","225.90",304,1,2,1,"121","Developing","Churned","One-Time"
"14624","2011-10-13","2","225.85",80,3,3,1,"331","Developing","Active","Occasional"
"14357","2011-10-27","1","225.77",66,3,1,1,"311","Potential","Active","One-Time"
"12402","2011-01-20","1","225.60",346,1,1,1,"111","Lost","Churned","One-Time"
"16690","2011-09-28","2","225.58",95,2,3,1,"231","At Risk","At Risk","Occasional"
"14052","2011-11-20","1","225.36",42,4,1,1,"411","Potential","Active","One-Time"
"16587","2011-04-21","1","225.15",255,1,2,1,"121","Developing","Churned","One-Time"
"17171","2011-02-23","1","224.91",312,1,2,1,"121","Developing","Churned","One-Time"
"15175","2011-09-29","1","224.14",94,3,1,1,"311","Potential","At Risk","One-Time"
"16471","2011-03-10","1","223.95",297,1,2,1,"121","Developing","Churned","One-Time"
"16753","2011-10-12","1","223.92",81,3,2,1,"321","Potential","Active","One-Time"
"14929","2011-11-07","1","223.88",55,3,1,1,"311","Potential","Active","One-Time"
"13926","2011-11-16","1","223.85",46,4,1,1,"411","Potential","Active","One-Time"
"18101","2011-11-28","2","223.65",34,5,3,1,"531","Developing","Active","Occasional"
"15637","2011-10-18","1","223.36",75,3,1,1,"311","Potential","Active","One-Time"
"17534","2011-10-17","1","223.36",76,3,2,1,"321","Potential","Active","One-Time"
"13382","2011-03-04","1","222.99",303,1,1,1,"111","Lost","Churned","One-Time"
"15897","2011-05-29","2","222.05",217,1,3,1,"131","At Risk","Churned","Occasional"
"14598","2011-10-26","1","221.97",67,3,1,1,"311","Potential","Active","One-Time"
"14960","2011-12-01","2","221.27",31,5,3,1,"531","Developing","Active","Occasional"
"16392","2011-03-15","1","221.19",292,1,2,1,"121","Developing","Churned","One-Time"
"13419","2011-10-07","1","221.06",86,3,1,1,"311","Potential","Active","One-Time"
"15790","2011-11-29","1","220.85",33,5,2,1,"521","Potential","Active","One-Time"
"16482","2011-11-24","1","220.62",38,4,2,1,"421","Potential","Active","One-Time"
"18114","2011-02-22","1","220.10",313,1,2,1,"121","Developing","Churned","One-Time"
"13079","2011-12-05","5","220.10",27,5,4,1,"541","Loyal","Active","Occasional"
"13600","2011-01-31","1","219.52",335,1,1,1,"111","Lost","Churned","One-Time"
"15096","2011-10-28","1","219.39",65,3,1,1,"311","Potential","Active","One-Time"
"16895","2011-10-06","1","219.14",87,3,2,1,"321","Potential","Active","One-Time"
"12702","2011-11-20","1","219.00",42,4,1,1,"411","Potential","Active","One-Time"
"13669","2011-10-20","2","218.55",73,3,2,1,"321","Potential","Active","Occasional"
"17619","2011-01-31","1","218.52",335,1,2,1,"121","Developing","Churned","One-Time"
"13428","2011-11-29","1","218.47",33,5,1,1,"511","Potential","Active","One-Time"
"12574","2011-01-28","1","218.45",338,1,1,1,"111","Lost","Churned","One-Time"
"15724","2011-05-22","2","218.25",224,1,3,1,"131","At Risk","Churned","Occasional"
"14570","2011-03-04","2","218.06",303,1,3,1,"131","At Risk","Churned","Occasional"
"16634","2011-05-01","2","217.90",245,1,3,1,"131","At Risk","Churned","Occasional"
"13271","2011-11-02","1","217.38",60,3,1,1,"311","Potential","Active","One-Time"
"15554","2011-03-07","1","217.20",300,1,1,1,"111","Lost","Churned","One-Time"
"16080","2011-09-19","2","217.16",104,2,3,1,"231","At Risk","At Risk","Occasional"
"13739","2011-11-21","1","216.90",41,4,1,1,"411","Potential","Active","One-Time"
"13503","2011-09-29","1","216.85",94,2,1,1,"211","Developing","At Risk","One-Time"
"15460","2010-12-20","1","216.76",377,1,1,1,"111","Lost","Churned","One-Time"
"12897","2011-05-19","2","216.50",227,1,2,1,"121","Developing","Churned","Occasional"
"15604","2011-10-18","1","216.39",75,3,1,1,"311","Potential","Active","One-Time"
"17436","2011-12-08","2","216.30",24,5,3,1,"531","Developing","Active","Occasional"
"14104","2011-07-08","2","216.21",177,2,3,1,"231","At Risk","At Risk","Occasional"
"13858","2011-10-13","1","216.17",80,3,1,1,"311","Potential","Active","One-Time"
"16179","2011-10-10","1","215.83",83,3,2,1,"321","Potential","Active","One-Time"
"15052","2011-01-24","1","215.78",342,1,1,1,"111","Lost","Churned","One-Time"
"17580","2011-04-01","3","215.72",275,1,4,1,"141","At Risk","Churned","Occasional"
"14476","2011-03-27","1","215.70",280,1,1,1,"111","Lost","Churned","One-Time"
"16189","2011-11-24","2","215.48",38,4,3,1,"431","Developing","Active","Occasional"
"16190","2011-10-30","1","215.08",63,3,2,1,"321","Potential","Active","One-Time"
"16519","2011-11-14","2","215.08",48,4,3,1,"431","Developing","Active","Occasional"
"12831","2011-03-22","1","215.05",285,1,1,1,"111","Lost","Churned","One-Time"
"12588","2011-10-31","1","214.90",62,3,1,1,"311","Potential","Active","One-Time"
"16338","2011-07-05","1","214.80",180,2,2,1,"221","Developing","At Risk","One-Time"
"16411","2011-11-20","2","214.65",42,4,3,1,"431","Developing","Active","Occasional"
"16846","2011-10-20","1","214.32",73,3,2,1,"321","Potential","Active","One-Time"
"16647","2011-06-23","2","214.06",192,2,3,1,"231","At Risk","Churned","Occasional"
"14601","2011-11-29","1","213.96",33,5,1,1,"511","Potential","Active","One-Time"
"13621","2011-08-15","1","213.85",139,2,1,1,"211","Developing","At Risk","One-Time"
"17153","2011-11-15","1","213.78",47,4,2,1,"421","Potential","Active","One-Time"
"14241","2011-06-09","1","213.70",206,1,1,1,"111","Lost","Churned","One-Time"
"13411","2011-08-24","1","213.55",130,2,1,1,"211","Developing","At Risk","One-Time"
"16591","2011-10-02","1","213.50",91,3,2,1,"321","Potential","At Risk","One-Time"
"15540","2011-11-28","1","213.30",34,5,1,1,"511","Potential","Active","One-Time"
"14984","2011-11-20","2","213.27",42,4,3,1,"431","Developing","Active","Occasional"
"17928","2011-10-25","2","212.54",68,3,3,1,"331","Developing","Active","Occasional"
"16017","2011-10-23","1","211.88",70,3,2,1,"321","Potential","Active","One-Time"
"16356","2011-05-26","3","211.77",220,1,4,1,"141","At Risk","Churned","Occasional"
"15703","2011-03-20","1","211.50",287,1,1,1,"111","Lost","Churned","One-Time"
"12995","2011-09-15","1","211.32",108,2,1,1,"211","Developing","At Risk","One-Time"
"16415","2011-10-26","1","210.35",67,3,2,1,"321","Potential","Active","One-Time"
"13532","2011-11-06","1","210.31",56,3,1,1,"311","Potential","Active","One-Time"
"13828","2011-11-17","1","209.49",45,4,1,1,"411","Potential","Active","One-Time"
"17855","2010-12-02","1","208.97",395,1,2,1,"121","Developing","Churned","One-Time"
"15327","2011-10-18","1","208.75",75,3,1,1,"311","Potential","Active","One-Time"
"17514","2011-08-03","1","208.65",151,2,2,1,"221","Developing","At Risk","One-Time"
"16914","2011-11-03","1","208.46",59,3,2,1,"321","Potential","Active","One-Time"
"16457","2011-05-05","1","208.36",241,1,2,1,"121","Developing","Churned","One-Time"
"12547","2011-05-26","2","207.80",220,1,2,1,"121","Developing","Churned","Occasional"
"18191","2011-03-23","1","207.80",284,1,2,1,"121","Developing","Churned","One-Time"
"16866","2011-07-22","3","207.74",163,2,4,1,"241","At Risk","At Risk","Occasional"
"17923","2011-03-02","1","207.50",305,1,2,1,"121","Developing","Churned","One-Time"
"16752","2010-12-02","1","207.50",395,1,2,1,"121","Developing","Churned","One-Time"
"16323","2011-05-27","1","207.50",219,1,2,1,"121","Developing","Churned","One-Time"
"13099","2011-09-01","1","207.36",122,2,1,1,"211","Developing","At Risk","One-Time"
"15925","2011-05-29","1","207.15",217,1,2,1,"121","Developing","Churned","One-Time"
"15820","2011-01-24","1","206.98",342,1,2,1,"121","Developing","Churned","One-Time"
"18126","2011-10-10","1","206.83",83,3,2,1,"321","Potential","Active","One-Time"
"17166","2011-11-01","2","206.34",61,3,3,1,"331","Developing","Active","Occasional"
"14964","2011-04-06","1","206.21",270,1,1,1,"111","Lost","Churned","One-Time"
"13065","2010-12-01","1","205.86",396,1,1,1,"111","Lost","Churned","One-Time"
"17670","2011-04-26","1","205.70",250,1,2,1,"121","Developing","Churned","One-Time"
"17843","2011-02-09","1","205.48",326,1,2,1,"121","Developing","Churned","One-Time"
"15307","2011-09-05","1","205.30",118,2,1,1,"211","Developing","At Risk","One-Time"
"15758","2011-11-15","1","205.25",47,4,2,1,"421","Potential","Active","One-Time"
"13513","2011-08-05","1","205.10",149,2,1,1,"211","Developing","At Risk","One-Time"
"15319","2011-03-01","1","204.50",306,1,1,1,"111","Lost","Churned","One-Time"
"17206","2011-10-17","1","204.24",76,3,2,1,"321","Potential","Active","One-Time"
"13017","2011-12-02","1","204.00",30,5,1,1,"511","Potential","Active","One-Time"
"18273","2011-12-07","3","204.00",25,5,4,1,"541","Loyal","Active","Occasional"
"17187","2011-04-27","1","203.95",249,1,2,1,"121","Developing","Churned","One-Time"
"17394","2011-05-04","1","203.87",242,1,2,1,"121","Developing","Churned","One-Time"
"17889","2011-05-11","2","203.87",235,1,3,1,"131","At Risk","Churned","Occasional"
"17891","2011-06-30","1","203.86",185,2,2,1,"221","Developing","Churned","One-Time"
"17376","2011-09-30","2","203.20",93,3,3,1,"331","Developing","At Risk","Occasional"
"15723","2010-12-10","1","203.10",387,1,1,1,"111","Lost","Churned","One-Time"
"14381","2011-10-18","1","202.68",75,3,1,1,"311","Potential","Active","One-Time"
"18169","2011-10-10","1","202.65",83,3,2,1,"321","Potential","Active","One-Time"
"14385","2011-11-30","3","202.11",32,5,3,1,"531","Developing","Active","Occasional"
"15347","2010-12-08","1","201.60",389,1,1,1,"111","Lost","Churned","One-Time"
"13295","2010-12-15","1","201.20",382,1,1,1,"111","Lost","Churned","One-Time"
"13284","2011-01-13","1","201.19",353,1,1,1,"111","Lost","Churned","One-Time"
"16965","2011-04-27","1","201.19",249,1,2,1,"121","Developing","Churned","One-Time"
"13859","2011-01-17","1","201.16",349,1,1,1,"111","Lost","Churned","One-Time"
"17988","2011-11-28","7","201.12",34,5,5,1,"551","Champion","Active","Loyal"
"17693","2011-07-25","1","200.47",160,2,2,1,"221","Developing","At Risk","One-Time"
"13262","2011-03-21","1","200.29",286,1,1,1,"111","Lost","Churned","One-Time"
"15437","2011-03-22","1","200.16",285,1,1,1,"111","Lost","Churned","One-Time"
"13980","2011-10-10","1","200.14",83,3,1,1,"311","Potential","Active","One-Time"
"14782","2011-01-24","1","200.10",342,1,1,1,"111","Lost","Churned","One-Time"
"13723","2011-05-06","1","199.85",240,1,1,1,"111","Lost","Churned","One-Time"
"15593","2011-09-30","1","199.80",93,3,1,1,"311","Potential","At Risk","One-Time"
"13322","2011-11-22","1","199.48",40,4,1,1,"411","Potential","Active","One-Time"
"17383","2011-12-05","1","199.29",27,5,2,1,"521","Potential","Active","One-Time"
"16832","2011-06-08","3","199.15",207,1,4,1,"141","At Risk","Churned","Occasional"
"17987","2011-06-07","1","198.57",208,1,2,1,"121","Developing","Churned","One-Time"
"16178","2011-07-24","1","197.90",161,2,2,1,"221","Developing","At Risk","One-Time"
"12450","2011-07-06","2","197.88",179,2,2,1,"221","Developing","At Risk","Occasional"
"12581","2011-10-31","1","197.71",62,3,1,1,"311","Potential","Active","One-Time"
"14185","2011-01-12","1","197.65",354,1,1,1,"111","Lost","Churned","One-Time"
"14789","2011-11-11","1","197.64",51,4,1,1,"411","Potential","Active","One-Time"
"17301","2011-11-18","1","197.63",44,4,2,1,"421","Potential","Active","One-Time"
"16829","2011-07-06","1","197.22",179,2,2,1,"221","Developing","At Risk","One-Time"
"14830","2011-10-17","1","197.13",76,3,1,1,"311","Potential","Active","One-Time"
"15234","2011-03-08","1","197.00",299,1,1,1,"111","Lost","Churned","One-Time"
"12586","2011-11-22","1","196.94",40,4,1,1,"411","Potential","Active","One-Time"
"13436","2011-12-08","1","196.89",24,5,1,1,"511","Potential","Active","One-Time"
"15746","2011-07-28","1","196.88",157,2,1,1,"211","Developing","At Risk","One-Time"
"13978","2011-11-25","2","196.79",37,4,3,1,"431","Developing","Active","Occasional"
"17660","2011-07-21","1","196.00",164,2,2,1,"221","Developing","At Risk","One-Time"
"16112","2011-07-19","4","195.74",166,2,4,1,"241","At Risk","At Risk","Occasional"
"13792","2011-10-04","2","195.55",89,3,2,1,"321","Potential","Active","Occasional"
"17010","2011-11-21","1","195.36",41,4,2,1,"421","Potential","Active","One-Time"
"14666","2011-11-15","1","195.25",47,4,1,1,"411","Potential","Active","One-Time"
"15612","2011-11-03","2","195.15",59,3,3,1,"331","Developing","Active","Occasional"
"14100","2011-07-25","1","194.90",160,2,1,1,"211","Developing","At Risk","One-Time"
"16887","2011-11-04","1","194.88",58,3,2,1,"321","Potential","Active","One-Time"
"14087","2011-12-07","1","194.42",25,5,1,1,"511","Potential","Active","One-Time"
"17475","2011-09-21","1","194.37",102,2,2,1,"221","Developing","At Risk","One-Time"
"15683","2011-08-14","1","193.75",140,2,1,1,"211","Developing","At Risk","One-Time"
"17343","2010-12-19","1","193.64",378,1,2,1,"121","Developing","Churned","One-Time"
"15198","2011-09-08","2","193.64",115,2,3,1,"231","At Risk","At Risk","Occasional"
"16847","2011-10-27","1","193.44",66,3,2,1,"321","Potential","Active","One-Time"
"17608","2011-11-06","2","193.42",56,3,3,1,"331","Developing","Active","Occasional"
"14806","2011-09-25","1","193.39",98,2,1,1,"211","Developing","At Risk","One-Time"
"14801","2011-10-09","1","193.14",84,3,1,1,"311","Potential","Active","One-Time"
"13568","2011-06-19","1","192.85",196,2,1,1,"211","Developing","Churned","One-Time"
"12522","2011-10-31","2","192.72",62,3,2,1,"321","Potential","Active","Occasional"
"14768","2011-11-22","2","192.60",40,4,3,1,"431","Developing","Active","Occasional"
"12791","2010-12-01","1","192.60",396,1,1,1,"111","Lost","Churned","One-Time"
"15909","2011-06-19","1","191.94",196,2,2,1,"221","Developing","Churned","One-Time"
"17904","2011-11-18","1","191.67",44,4,2,1,"421","Potential","Active","One-Time"
"14966","2011-11-25","1","191.32",37,4,1,1,"411","Potential","Active","One-Time"
"15692","2011-11-11","1","191.04",51,4,1,1,"411","Potential","Active","One-Time"
"17233","2011-11-04","1","190.88",58,3,2,1,"321","Potential","Active","One-Time"
"13033","2010-12-17","1","190.55",380,1,1,1,"111","Lost","Churned","One-Time"
"15412","2011-06-21","1","190.53",194,2,1,1,"211","Developing","Churned","One-Time"
"13972","2011-09-30","2","190.25",93,3,3,1,"331","Developing","At Risk","Occasional"
"17885","2011-11-27","1","190.19",35,5,2,1,"521","Potential","Active","One-Time"
"12361","2011-02-25","1","189.90",310,1,1,1,"111","Lost","Churned","One-Time"
"13826","2011-06-16","1","189.50",199,2,1,1,"211","Developing","Churned","One-Time"
"13663","2011-06-13","1","189.47",202,1,1,1,"111","Lost","Churned","One-Time"
"18045","2011-10-25","1","189.40",68,3,2,1,"321","Potential","Active","One-Time"
"16448","2011-05-25","1","188.89",221,1,2,1,"121","Developing","Churned","One-Time"
"14697","2011-05-05","2","188.61",241,1,3,1,"131","At Risk","Churned","Occasional"
"12893","2011-11-09","1","188.14",53,4,1,1,"411","Potential","Active","One-Time"
"17781","2011-07-03","2","188.02",182,2,3,1,"231","At Risk","Churned","Occasional"
"14722","2011-07-15","1","187.92",170,2,1,1,"211","Developing","At Risk","One-Time"
"17279","2011-10-13","1","187.83",80,3,2,1,"321","Potential","Active","One-Time"
"18013","2011-07-07","2","187.29",178,2,3,1,"231","At Risk","At Risk","Occasional"
"17440","2011-07-06","3","186.42",179,2,4,1,"241","At Risk","At Risk","Occasional"
"13672","2011-02-11","2","186.39",324,1,2,1,"121","Developing","Churned","Occasional"
"14551","2011-11-21","2","186.23",41,4,3,1,"431","Developing","Active","Occasional"
"15567","2011-11-21","1","186.01",41,4,1,1,"411","Potential","Active","One-Time"
"12641","2011-08-16","1","185.90",138,2,1,1,"211","Developing","At Risk","One-Time"
"17574","2011-04-11","1","185.65",265,1,2,1,"121","Developing","Churned","One-Time"
"14199","2011-05-05","1","185.40",241,1,1,1,"111","Lost","Churned","One-Time"
"16097","2011-04-13","1","185.05",263,1,2,1,"121","Developing","Churned","One-Time"
"13482","2011-04-21","1","184.64",255,1,1,1,"111","Lost","Churned","One-Time"
"17680","2011-11-16","1","184.40",46,4,2,1,"421","Potential","Active","One-Time"
"16433","2011-11-11","1","184.26",51,4,2,1,"421","Potential","Active","One-Time"
"15124","2011-11-17","2","184.19",45,4,3,1,"431","Developing","Active","Occasional"
"14326","2011-04-11","1","183.85",265,1,1,1,"111","Lost","Churned","One-Time"
"16680","2011-10-27","1","183.70",66,3,2,1,"321","Potential","Active","One-Time"
"14059","2011-03-18","1","183.60",289,1,1,1,"111","Lost","Churned","One-Time"
"13460","2011-11-10","2","183.44",52,4,2,1,"421","Potential","Active","Occasional"
"13059","2011-04-04","1","183.40",272,1,1,1,"111","Lost","Churned","One-Time"
"17772","2011-11-29","2","182.77",33,5,3,1,"531","Developing","Active","Occasional"
"14082","2010-12-10","1","182.25",387,1,1,1,"111","Lost","Churned","One-Time"
"18119","2010-12-07","1","181.12",390,1,2,1,"121","Developing","Churned","One-Time"
"15886","2011-10-10","1","181.09",83,3,2,1,"321","Potential","Active","One-Time"
"16594","2011-09-25","1","181.09",98,2,2,1,"221","Developing","At Risk","One-Time"
"15945","2010-12-09","1","181.00",388,1,2,1,"121","Developing","Churned","One-Time"
"15292","2011-05-22","1","180.94",224,1,1,1,"111","Lost","Churned","One-Time"
"16835","2011-08-03","2","180.85",151,2,3,1,"231","At Risk","At Risk","Occasional"
"18280","2011-03-07","1","180.60",300,1,2,1,"121","Developing","Churned","One-Time"
"13710","2011-11-08","1","180.48",54,4,1,1,"411","Potential","Active","One-Time"
"15041","2011-06-22","1","180.35",193,2,1,1,"211","Developing","Churned","One-Time"
"13598","2011-10-23","1","180.17",70,3,1,1,"311","Potential","Active","One-Time"
"12622","2011-04-21","1","180.10",255,1,1,1,"111","Lost","Churned","One-Time"
"18147","2011-10-25","2","179.34",68,3,3,1,"331","Developing","Active","Occasional"
"15895","2011-07-13","1","179.17",172,2,2,1,"221","Developing","At Risk","One-Time"
"15454","2010-12-12","1","179.10",385,1,1,1,"111","Lost","Churned","One-Time"
"14705","2011-05-25","1","179.00",221,1,1,1,"111","Lost","Churned","One-Time"
"16990","2011-05-05","1","179.00",241,1,2,1,"121","Developing","Churned","One-Time"
"16620","2011-12-06","2","178.96",26,5,3,1,"531","Developing","Active","Occasional"
"15139","2011-04-14","2","178.96",262,1,3,1,"131","At Risk","Churned","Occasional"
"15262","2011-01-20","1","178.95",346,1,1,1,"111","Lost","Churned","One-Time"
"13778","2011-08-28","1","178.70",126,2,1,1,"211","Developing","At Risk","One-Time"
"17879","2011-06-19","1","178.52",196,2,2,1,"221","Developing","Churned","One-Time"
"17253","2011-11-21","1","178.26",41,4,2,1,"421","Potential","Active","One-Time"
"17356","2011-02-01","1","178.22",334,1,2,1,"121","Developing","Churned","One-Time"
"18282","2011-12-02","2","178.05",30,5,3,1,"531","Developing","Active","Occasional"
"16403","2011-01-31","1","177.50",335,1,2,1,"121","Developing","Churned","One-Time"
"13618","2011-06-19","1","177.34",196,2,1,1,"211","Developing","Churned","One-Time"
"12618","2011-11-18","1","177.31",44,4,1,1,"411","Potential","Active","One-Time"
"13072","2011-03-18","1","177.15",289,1,1,1,"111","Lost","Churned","One-Time"
"12923","2011-10-06","1","176.97",87,3,1,1,"311","Potential","Active","One-Time"
"17947","2011-11-02","1","176.68",60,3,2,1,"321","Potential","Active","One-Time"
"14287","2011-12-01","3","176.63",31,5,3,1,"531","Developing","Active","Occasional"
"12509","2011-02-28","1","176.50",307,1,1,1,"111","Lost","Churned","One-Time"
"18274","2011-11-09","1","175.92",53,4,2,1,"421","Potential","Active","One-Time"
"17582","2011-04-17","1","175.27",259,1,2,1,"121","Developing","Churned","One-Time"
"16144","2011-04-07","1","175.20",269,1,2,1,"121","Developing","Churned","One-Time"
"17331","2011-08-08","1","175.20",146,2,2,1,"221","Developing","At Risk","One-Time"
"18010","2011-03-28","1","174.80",279,1,2,1,"121","Developing","Churned","One-Time"
"14355","2010-12-09","1","174.40",388,1,1,1,"111","Lost","Churned","One-Time"
"13560","2011-12-02","1","174.37",30,5,1,1,"511","Potential","Active","One-Time"
"14518","2011-10-06","1","174.37",87,3,1,1,"311","Potential","Active","One-Time"
"15335","2011-10-17","1","173.97",76,3,1,1,"311","Potential","Active","One-Time"
"18278","2011-09-27","1","173.90",96,2,2,1,"221","Developing","At Risk","One-Time"
"16861","2011-10-11","2","173.76",82,3,3,1,"331","Developing","Active","Occasional"
"14798","2011-10-18","3","173.74",75,3,3,1,"331","Developing","Active","Occasional"
"16565","2010-12-10","1","173.70",387,1,2,1,"121","Developing","Churned","One-Time"
"12441","2010-12-08","1","173.55",389,1,1,1,"111","Lost","Churned","One-Time"
"15565","2011-10-20","2","173.16",73,3,3,1,"331","Developing","Active","Occasional"
"15670","2011-02-16","1","173.05",319,1,1,1,"111","Lost","Churned","One-Time"
"14693","2011-03-20","1","172.90",287,1,1,1,"111","Lost","Churned","One-Time"
"18048","2011-05-20","2","172.29",226,1,3,1,"131","At Risk","Churned","Occasional"
"13690","2011-10-11","1","172.25",82,3,1,1,"311","Potential","Active","One-Time"
"13922","2010-12-23","1","172.25",374,1,1,1,"111","Lost","Churned","One-Time"
"12442","2011-12-06","1","172.06",26,5,1,1,"511","Potential","Active","One-Time"
"14536","2011-03-25","1","171.80",282,1,1,1,"111","Lost","Churned","One-Time"
"16773","2011-10-13","1","171.59",80,3,2,1,"321","Potential","Active","One-Time"
"17245","2011-05-19","1","171.45",227,1,2,1,"121","Developing","Churned","One-Time"
"15432","2011-11-16","1","171.19",46,4,1,1,"411","Potential","Active","One-Time"
"17542","2011-03-15","1","170.75",292,1,2,1,"121","Developing","Churned","One-Time"
"14860","2011-11-20","1","170.32",42,4,1,1,"411","Potential","Active","One-Time"
"18058","2011-11-30","1","170.16",32,5,2,1,"521","Potential","Active","One-Time"
"15016","2011-06-20","1","170.04",195,2,1,1,"211","Developing","Churned","One-Time"
"16921","2011-10-09","1","169.79",84,3,2,1,"321","Potential","Active","One-Time"
"13962","2011-11-18","2","169.55",44,4,3,1,"431","Developing","Active","Occasional"
"14218","2011-10-28","1","169.48",65,3,1,1,"311","Potential","Active","One-Time"
"18004","2010-12-12","1","169.47",385,1,2,1,"121","Developing","Churned","One-Time"
"12367","2011-12-05","1","168.90",27,5,1,1,"511","Potential","Active","One-Time"
"14578","2011-12-06","1","168.63",26,5,1,1,"511","Potential","Active","One-Time"
"18269","2010-12-08","1","168.60",389,1,2,1,"121","Developing","Churned","One-Time"
"17367","2011-04-15","1","168.40",261,1,2,1,"121","Developing","Churned","One-Time"
"18099","2011-08-04","1","168.31",150,2,2,1,"221","Developing","At Risk","One-Time"
"15888","2011-09-20","1","168.31",103,2,2,1,"221","Developing","At Risk","One-Time"
"16282","2011-01-04","1","168.30",362,1,2,1,"121","Developing","Churned","One-Time"
"17737","2011-11-30","2","168.24",32,5,3,1,"531","Developing","Active","Occasional"
"15986","2011-11-09","1","168.12",53,4,2,1,"421","Potential","Active","One-Time"
"15374","2011-08-03","1","168.00",151,2,1,1,"211","Developing","At Risk","One-Time"
"12551","2010-12-17","1","168.00",380,1,1,1,"111","Lost","Churned","One-Time"
"18088","2011-10-09","1","167.67",84,3,2,1,"321","Potential","Active","One-Time"
"17561","2011-11-20","1","167.62",42,4,2,1,"421","Potential","Active","One-Time"
"16952","2011-08-22","2","167.61",132,2,3,1,"231","At Risk","At Risk","Occasional"
"15920","2011-07-08","4","167.50",177,2,4,1,"241","At Risk","At Risk","Occasional"
"16405","2011-02-10","2","167.25",325,1,3,1,"131","At Risk","Churned","Occasional"
"18014","2011-11-11","1","166.42",51,4,2,1,"421","Potential","Active","One-Time"
"14295","2011-10-30","1","166.20",63,3,1,1,"311","Potential","Active","One-Time"
"17650","2011-11-18","1","166.08",44,4,2,1,"421","Potential","Active","One-Time"
"12817","2011-03-03","1","166.04",304,1,1,1,"111","Lost","Churned","One-Time"
"14485","2011-11-01","1","165.75",61,3,1,1,"311","Potential","Active","One-Time"
"14552","2011-07-11","1","165.07",174,2,1,1,"211","Developing","At Risk","One-Time"
"18042","2011-10-17","1","165.05",76,3,2,1,"321","Potential","Active","One-Time"
"15316","2011-01-17","1","165.00",349,1,1,1,"111","Lost","Churned","One-Time"
"13470","2011-09-01","2","165.00",122,2,2,1,"221","Developing","At Risk","Occasional"
"15904","2011-12-01","1","164.68",31,5,2,1,"521","Potential","Active","One-Time"
"17535","2011-03-04","1","164.40",303,1,2,1,"121","Developing","Churned","One-Time"
"13603","2011-11-13","1","164.34",49,4,1,1,"411","Potential","Active","One-Time"
"12920","2011-11-22","1","164.23",40,4,1,1,"411","Potential","Active","One-Time"
"18200","2011-08-25","1","163.80",129,2,2,1,"221","Developing","At Risk","One-Time"
"14354","2011-12-04","2","163.62",28,5,3,1,"531","Developing","Active","Occasional"
"17110","2011-06-27","1","163.30",188,2,2,1,"221","Developing","Churned","One-Time"
"13223","2011-05-23","2","163.20",223,1,2,1,"121","Developing","Churned","Occasional"
"16406","2011-11-21","1","163.07",41,4,2,1,"421","Potential","Active","One-Time"
"15167","2011-01-23","1","163.00",343,1,1,1,"111","Lost","Churned","One-Time"
"16517","2011-03-07","1","162.70",300,1,2,1,"121","Developing","Churned","One-Time"
"15733","2011-03-02","1","162.30",305,1,1,1,"111","Lost","Churned","One-Time"
"15325","2011-08-28","1","162.29",126,2,1,1,"211","Developing","At Risk","One-Time"
"16932","2011-10-17","1","161.94",76,3,2,1,"321","Potential","Active","One-Time"
"17600","2011-11-22","1","161.67",40,4,2,1,"421","Potential","Active","One-Time"
"15458","2011-11-14","1","161.64",48,4,1,1,"411","Potential","Active","One-Time"
"16113","2011-06-09","1","161.38",206,1,2,1,"121","Developing","Churned","One-Time"
"14362","2011-11-17","1","161.20",45,4,1,1,"411","Potential","Active","One-Time"
"14204","2011-12-07","1","161.03",25,5,1,1,"511","Potential","Active","One-Time"
"14089","2011-10-14","1","161.00",79,3,1,1,"311","Potential","Active","One-Time"
"14237","2010-12-01","1","161.00",396,1,1,1,"111","Lost","Churned","One-Time"
"13229","2011-04-28","1","160.95",248,1,1,1,"111","Lost","Churned","One-Time"
"15852","2011-06-06","2","160.71",209,1,3,1,"131","At Risk","Churned","Occasional"
"17344","2011-10-24","1","160.57",69,3,2,1,"321","Potential","Active","One-Time"
"12573","2011-04-26","1","160.54",250,1,1,1,"111","Lost","Churned","One-Time"
"18203","2011-07-05","1","160.42",180,2,2,1,"221","Developing","At Risk","One-Time"
"18146","2011-07-22","2","160.35",163,2,3,1,"231","At Risk","At Risk","Occasional"
"14714","2011-11-15","1","160.19",47,4,1,1,"411","Potential","Active","One-Time"
"12966","2011-11-30","1","160.18",32,5,1,1,"511","Potential","Active","One-Time"
"13420","2011-07-13","2","159.85",172,2,2,1,"221","Developing","At Risk","Occasional"
"16213","2011-09-22","1","159.00",101,2,2,1,"221","Developing","At Risk","One-Time"
"18224","2011-03-21","1","158.95",286,1,2,1,"121","Developing","Churned","One-Time"
"13937","2011-06-23","1","158.85",192,2,1,1,"211","Developing","Churned","One-Time"
"17165","2011-02-28","1","158.68",307,1,2,1,"121","Developing","Churned","One-Time"
"15160","2010-12-17","1","158.16",380,1,1,1,"111","Lost","Churned","One-Time"
"15348","2011-09-28","1","158.04",95,2,1,1,"211","Developing","At Risk","One-Time"
"15988","2011-11-20","1","158.03",42,4,2,1,"421","Potential","Active","One-Time"
"17556","2011-05-18","1","157.90",228,1,2,1,"121","Developing","Churned","One-Time"
"14799","2011-10-19","1","157.70",74,3,1,1,"311","Potential","Active","One-Time"
"14148","2011-04-20","1","157.20",256,1,1,1,"111","Lost","Churned","One-Time"
"17128","2011-01-09","1","157.09",357,1,2,1,"121","Developing","Churned","One-Time"
"14585","2011-10-20","1","157.05",73,3,1,1,"311","Potential","Active","One-Time"
"17118","2011-01-26","1","157.02",340,1,2,1,"121","Developing","Churned","One-Time"
"15007","2011-07-03","1","156.91",182,2,1,1,"211","Developing","Churned","One-Time"
"14406","2011-08-12","1","156.75",142,2,1,1,"211","Developing","At Risk","One-Time"
"15438","2011-07-31","1","156.58",154,2,1,1,"211","Developing","At Risk","One-Time"
"15263","2011-08-25","1","156.51",129,2,1,1,"211","Developing","At Risk","One-Time"
"13898","2011-01-18","1","155.93",348,1,1,1,"111","Lost","Churned","One-Time"
"17871","2011-05-19","1","155.90",227,1,2,1,"121","Developing","Churned","One-Time"
"17899","2011-07-03","1","155.80",182,2,2,1,"221","Developing","Churned","One-Time"
"14813","2010-12-05","2","155.43",392,1,3,1,"131","At Risk","Churned","Occasional"
"17832","2011-10-21","1","155.37",72,3,2,1,"321","Potential","Active","One-Time"
"12738","2010-12-02","1","155.35",395,1,1,1,"111","Lost","Churned","One-Time"
"16720","2011-11-13","1","155.24",49,4,2,1,"421","Potential","Active","One-Time"
"15447","2011-01-13","1","155.17",353,1,1,1,"111","Lost","Churned","One-Time"
"13809","2011-02-07","1","155.05",328,1,1,1,"111","Lost","Churned","One-Time"
"14368","2011-01-24","1","155.00",342,1,1,1,"111","Lost","Churned","One-Time"
"14046","2011-02-28","1","154.99",307,1,1,1,"111","Lost","Churned","One-Time"
"17698","2011-03-24","1","154.95",283,1,2,1,"121","Developing","Churned","One-Time"
"15740","2011-10-21","1","154.88",72,3,1,1,"311","Potential","Active","One-Time"
"17026","2011-06-07","2","154.83",208,1,3,1,"131","At Risk","Churned","Occasional"
"15226","2011-02-02","1","154.41",333,1,1,1,"111","Lost","Churned","One-Time"
"17517","2011-02-04","1","153.94",331,1,2,1,"121","Developing","Churned","One-Time"
"17286","2011-11-18","1","153.92",44,4,2,1,"421","Potential","Active","One-Time"
"16351","2011-01-11","1","153.90",355,1,2,1,"121","Developing","Churned","One-Time"
"12602","2011-10-12","1","153.12",81,3,1,1,"311","Potential","Active","One-Time"
"17714","2011-01-23","1","153.00",343,1,2,1,"121","Developing","Churned","One-Time"
"16248","2011-10-09","1","152.94",84,3,2,1,"321","Potential","Active","One-Time"
"17984","2011-07-17","1","152.68",168,2,2,1,"221","Developing","At Risk","One-Time"
"18138","2011-02-17","1","152.65",318,1,2,1,"121","Developing","Churned","One-Time"
"14066","2011-03-18","1","152.55",289,1,1,1,"111","Lost","Churned","One-Time"
"17707","2011-06-07","2","152.40",208,1,3,1,"131","At Risk","Churned","Occasional"
"13514","2011-09-27","1","152.20",96,2,1,1,"211","Developing","At Risk","One-Time"
"14039","2011-11-06","1","152.20",56,3,1,1,"311","Potential","Active","One-Time"
"17898","2011-09-15","2","152.06",108,2,3,1,"231","At Risk","At Risk","Occasional"
"16617","2011-04-18","1","151.85",258,1,2,1,"121","Developing","Churned","One-Time"
"16412","2011-10-17","1","151.83",76,3,2,1,"321","Potential","Active","One-Time"
"14208","2011-09-06","1","151.74",117,2,1,1,"211","Developing","At Risk","One-Time"
"13462","2011-04-01","1","151.50",275,1,1,1,"111","Lost","Churned","One-Time"
"16461","2011-06-15","1","151.42",200,2,2,1,"221","Developing","Churned","One-Time"
"13697","2011-11-01","1","151.30",61,3,1,1,"311","Potential","Active","One-Time"
"16337","2011-11-03","1","151.05",59,3,2,1,"321","Potential","Active","One-Time"
"14073","2011-11-07","1","151.04",55,3,1,1,"311","Potential","Active","One-Time"
"15717","2011-04-19","1","150.30",257,1,1,1,"111","Lost","Churned","One-Time"
"17234","2011-06-10","1","149.89",205,1,2,1,"121","Developing","Churned","One-Time"
"15869","2011-03-07","2","149.64",300,1,3,1,"131","At Risk","Churned","Occasional"
"17946","2011-04-20","2","149.58",256,1,3,1,"131","At Risk","Churned","Occasional"
"18262","2011-07-22","1","149.48",163,2,2,1,"221","Developing","At Risk","One-Time"
"15748","2011-10-30","1","149.31",63,3,1,1,"311","Potential","Active","One-Time"
"15435","2011-11-17","1","149.29",45,4,1,1,"411","Potential","Active","One-Time"
"13003","2011-08-26","3","149.05",128,2,3,1,"231","At Risk","At Risk","Occasional"
"17549","2011-11-16","2","148.86",46,4,3,1,"431","Developing","Active","Occasional"
"15526","2011-11-06","2","148.44",56,3,3,1,"331","Developing","Active","Occasional"
"17859","2011-02-08","1","148.21",327,1,2,1,"121","Developing","Churned","One-Time"
"14968","2011-11-09","1","147.59",53,4,1,1,"411","Potential","Active","One-Time"
"14098","2011-11-03","1","147.35",59,3,1,1,"311","Potential","Active","One-Time"
"14037","2011-06-16","2","147.20",199,2,3,1,"231","At Risk","Churned","Occasional"
"12864","2011-07-24","1","147.12",161,2,1,1,"211","Developing","At Risk","One-Time"
"15503","2010-12-12","1","147.09",385,1,1,1,"111","Lost","Churned","One-Time"
"17030","2011-10-07","1","146.87",86,3,2,1,"321","Potential","Active","One-Time"
"14238","2011-01-17","1","146.85",349,1,1,1,"111","Lost","Churned","One-Time"
"16893","2010-12-08","1","145.93",389,1,2,1,"121","Developing","Churned","One-Time"
"12565","2011-02-24","1","145.92",311,1,1,1,"111","Lost","Churned","One-Time"
"17935","2011-07-24","2","145.79",161,2,3,1,"231","At Risk","At Risk","Occasional"
"13866","2011-09-26","1","145.67",97,2,1,1,"211","Developing","At Risk","One-Time"
"15937","2011-10-06","1","145.35",87,3,2,1,"321","Potential","Active","One-Time"
"16598","2011-02-27","1","145.05",308,1,2,1,"121","Developing","Churned","One-Time"
"17524","2010-12-13","1","145.00",384,1,2,1,"121","Developing","Churned","One-Time"
"16852","2011-11-29","2","144.91",33,5,3,1,"531","Developing","Active","Occasional"
"12974","2011-05-26","1","144.80",220,1,1,1,"111","Lost","Churned","One-Time"
"14109","2011-09-28","1","144.20",95,2,1,1,"211","Developing","At Risk","One-Time"
"17186","2011-10-24","2","144.00",69,3,3,1,"331","Developing","Active","Occasional"
"12587","2011-12-02","1","144.00",30,5,1,1,"511","Potential","Active","One-Time"
"17578","2011-05-05","1","143.46",241,1,2,1,"121","Developing","Churned","One-Time"
"15705","2011-05-22","1","143.10",224,1,1,1,"111","Lost","Churned","One-Time"
"16287","2011-06-23","1","142.50",192,2,2,1,"221","Developing","Churned","One-Time"
"13299","2011-03-16","1","142.50",291,1,1,1,"111","Lost","Churned","One-Time"
"13584","2011-02-06","1","142.40",329,1,1,1,"111","Lost","Churned","One-Time"
"14386","2011-02-16","1","142.40",319,1,1,1,"111","Lost","Churned","One-Time"
"13561","2011-05-08","1","141.86",238,1,1,1,"111","Lost","Churned","One-Time"
"14041","2011-03-18","1","141.41",289,1,1,1,"111","Lost","Churned","One-Time"
"15388","2011-03-14","1","140.54",293,1,1,1,"111","Lost","Churned","One-Time"
"13483","2011-10-05","1","140.34",88,3,1,1,"311","Potential","Active","One-Time"
"14494","2011-11-14","1","139.56",48,4,1,1,"411","Potential","Active","One-Time"
"17718","2011-04-21","1","139.35",255,1,2,1,"121","Developing","Churned","One-Time"
"16483","2011-05-31","1","139.35",215,1,2,1,"121","Developing","Churned","One-Time"
"14772","2011-08-19","1","139.26",135,2,1,1,"211","Developing","At Risk","One-Time"
"18209","2011-11-11","1","139.10",51,4,2,1,"421","Potential","Active","One-Time"
"15135","2011-04-14","1","139.05",262,1,1,1,"111","Lost","Churned","One-Time"
"13273","2011-08-18","1","138.98",136,2,1,1,"211","Developing","At Risk","One-Time"
"12902","2011-03-20","1","138.68",287,1,1,1,"111","Lost","Churned","One-Time"
"14581","2011-11-23","1","138.60",39,4,1,1,"411","Potential","Active","One-Time"
"17122","2011-08-12","1","138.32",142,2,2,1,"221","Developing","At Risk","One-Time"
"13716","2011-03-15","1","138.28",292,1,1,1,"111","Lost","Churned","One-Time"
"15663","2011-08-25","1","138.14",129,2,1,1,"211","Developing","At Risk","One-Time"
"12512","2011-10-04","2","138.03",89,3,2,1,"321","Potential","Active","Occasional"
"16050","2011-06-19","1","137.90",196,2,2,1,"221","Developing","Churned","One-Time"
"13279","2011-09-22","1","137.75",101,2,1,1,"211","Developing","At Risk","One-Time"
"17709","2011-06-23","1","137.45",192,2,2,1,"221","Developing","Churned","One-Time"
"15836","2011-10-20","1","137.37",73,3,2,1,"321","Potential","Active","One-Time"
"14483","2011-03-03","1","137.10",304,1,1,1,"111","Lost","Churned","One-Time"
"17468","2011-11-29","2","137.00",33,5,3,1,"531","Developing","Active","Occasional"
"15691","2011-04-01","1","136.80",275,1,1,1,"111","Lost","Churned","One-Time"
"14247","2011-03-06","1","136.77",301,1,1,1,"111","Lost","Churned","One-Time"
"17972","2011-04-12","1","136.04",264,1,2,1,"121","Developing","Churned","One-Time"
"16462","2011-09-27","3","136.00",96,2,4,1,"241","At Risk","At Risk","Occasional"
"12968","2011-08-19","1","135.95",135,2,1,1,"211","Developing","At Risk","One-Time"
"15042","2011-05-24","1","135.93",222,1,1,1,"111","Lost","Churned","One-Time"
"14889","2011-01-07","1","135.90",359,1,1,1,"111","Lost","Churned","One-Time"
"15419","2011-11-15","1","135.86",47,4,1,1,"411","Potential","Active","One-Time"
"16114","2011-06-22","1","135.75",193,2,2,1,"221","Developing","Churned","One-Time"
"15174","2011-01-21","1","135.75",345,1,1,1,"111","Lost","Churned","One-Time"
"16665","2010-12-12","1","135.40",385,1,2,1,"121","Developing","Churned","One-Time"
"15276","2011-10-04","1","135.31",89,3,1,1,"311","Potential","Active","One-Time"
"12851","2011-09-04","1","135.18",119,2,1,1,"211","Developing","At Risk","One-Time"
"13364","2011-09-29","1","134.96",94,2,1,1,"211","Developing","At Risk","One-Time"
"16055","2011-05-03","1","134.80",243,1,2,1,"121","Developing","Churned","One-Time"
"14340","2011-05-05","1","134.70",241,1,1,1,"111","Lost","Churned","One-Time"
"15562","2010-12-23","1","134.55",374,1,1,1,"111","Lost","Churned","One-Time"
"14174","2011-11-06","1","134.46",56,3,1,1,"311","Potential","Active","One-Time"
"12837","2011-06-19","1","134.10",196,2,1,1,"211","Developing","Churned","One-Time"
"14280","2011-05-27","1","134.04",219,1,1,1,"111","Lost","Churned","One-Time"
"16424","2011-06-01","1","133.56",214,1,2,1,"121","Developing","Churned","One-Time"
"14349","2011-11-29","1","133.50",33,5,1,1,"511","Potential","Active","One-Time"
"12445","2011-11-17","1","133.40",45,4,1,1,"411","Potential","Active","One-Time"
"17881","2011-02-08","1","133.35",327,1,2,1,"121","Developing","Churned","One-Time"
"15709","2011-03-01","1","133.25",306,1,1,1,"111","Lost","Churned","One-Time"
"17647","2011-10-05","1","133.06",88,3,2,1,"321","Potential","Active","One-Time"
"17785","2011-10-17","1","131.94",76,3,2,1,"321","Potential","Active","One-Time"
"14438","2011-02-06","1","131.90",329,1,1,1,"111","Lost","Churned","One-Time"
"17297","2011-11-22","1","131.78",40,4,2,1,"421","Potential","Active","One-Time"
"17455","2011-05-20","1","131.70",226,1,2,1,"121","Developing","Churned","One-Time"
"14795","2011-06-26","1","131.45",189,2,1,1,"211","Developing","Churned","One-Time"
"15844","2011-10-24","1","130.74",69,3,2,1,"321","Potential","Active","One-Time"
"16679","2010-12-08","1","129.75",389,1,2,1,"121","Developing","Churned","One-Time"
"16611","2011-06-06","1","129.49",209,1,2,1,"121","Developing","Churned","One-Time"
"16623","2011-04-08","1","129.45",268,1,2,1,"121","Developing","Churned","One-Time"
"16828","2011-09-07","2","128.50",116,2,3,1,"231","At Risk","At Risk","Occasional"
"15543","2011-02-24","1","127.86",311,1,1,1,"111","Lost","Churned","One-Time"
"17359","2011-11-28","1","127.86",34,5,2,1,"521","Potential","Active","One-Time"
"13781","2011-04-03","1","127.84",273,1,1,1,"111","Lost","Churned","One-Time"
"15578","2011-06-30","1","127.10",185,2,1,1,"211","Developing","Churned","One-Time"
"15923","2010-12-02","1","127.08",395,1,2,1,"121","Developing","Churned","One-Time"
"14962","2011-03-14","1","126.70",293,1,1,1,"111","Lost","Churned","One-Time"
"16414","2011-11-18","2","126.25",44,4,3,1,"431","Developing","Active","Occasional"
"15463","2011-11-10","1","126.14",52,4,1,1,"411","Potential","Active","One-Time"
"16988","2011-12-04","1","126.12",28,5,2,1,"521","Potential","Active","One-Time"
"12814","2011-08-30","1","125.92",124,2,1,1,"211","Developing","At Risk","One-Time"
"13522","2011-11-09","1","125.80",53,4,1,1,"411","Potential","Active","One-Time"
"14861","2011-10-18","1","125.79",75,3,1,1,"311","Potential","Active","One-Time"
"14890","2011-03-31","1","125.65",276,1,1,1,"111","Lost","Churned","One-Time"
"15017","2011-11-06","1","125.58",56,3,1,1,"311","Potential","Active","One-Time"
"12531","2011-11-25","1","125.22",37,4,1,1,"411","Potential","Active","One-Time"
"17148","2011-10-19","1","124.88",74,3,2,1,"321","Potential","Active","One-Time"
"16849","2011-06-06","1","124.57",209,1,2,1,"121","Developing","Churned","One-Time"
"16569","2011-12-06","1","124.20",26,5,2,1,"521","Potential","Active","One-Time"
"14495","2011-10-20","2","123.80",73,3,3,1,"331","Developing","Active","Occasional"
"16658","2010-12-06","1","123.24",391,1,2,1,"121","Developing","Churned","One-Time"
"15917","2011-04-06","1","123.10",270,1,2,1,"121","Developing","Churned","One-Time"
"17967","2010-12-03","1","123.07",394,1,2,1,"121","Developing","Churned","One-Time"
"13519","2011-09-22","1","122.75",101,2,1,1,"211","Developing","At Risk","One-Time"
"13876","2011-10-07","1","122.70",86,3,1,1,"311","Potential","Active","One-Time"
"14413","2010-12-12","1","122.70",385,1,1,1,"111","Lost","Churned","One-Time"
"13638","2011-11-24","1","122.64",38,4,1,1,"411","Potential","Active","One-Time"
"14165","2011-03-09","1","122.54",298,1,1,1,"111","Lost","Churned","One-Time"
"14076","2011-08-02","1","122.47",152,2,1,1,"211","Developing","At Risk","One-Time"
"16073","2011-02-15","1","122.40",320,1,2,1,"121","Developing","Churned","One-Time"
"18018","2011-08-23","2","122.14",131,2,3,1,"231","At Risk","At Risk","Occasional"
"13244","2011-09-08","1","121.74",115,2,1,1,"211","Developing","At Risk","One-Time"
"13182","2011-10-25","1","121.18",68,3,1,1,"311","Potential","Active","One-Time"
"15049","2011-03-11","1","121.17",296,1,1,1,"111","Lost","Churned","One-Time"
"15512","2011-07-07","2","121.00",178,2,3,1,"231","At Risk","At Risk","Occasional"
"13002","2011-01-25","1","120.95",341,1,1,1,"111","Lost","Churned","One-Time"
"17446","2011-06-16","2","120.90",199,2,3,1,"231","At Risk","Churned","Occasional"
"18015","2011-12-05","1","120.03",27,5,2,1,"521","Potential","Active","One-Time"
"14314","2011-08-25","1","120.00",129,2,1,1,"211","Developing","At Risk","One-Time"
"14259","2011-07-21","1","120.00",164,2,1,1,"211","Developing","At Risk","One-Time"
"14453","2011-06-02","1","119.93",213,1,1,1,"111","Lost","Churned","One-Time"
"16542","2011-10-17","1","119.62",76,3,2,1,"321","Potential","Active","One-Time"
"15266","2011-01-05","1","119.30",361,1,1,1,"111","Lost","Churned","One-Time"
"16666","2011-11-20","1","118.98",42,4,2,1,"421","Potential","Active","One-Time"
"15843","2011-02-09","1","118.95",326,1,2,1,"121","Developing","Churned","One-Time"
"17079","2011-09-22","1","118.80",101,2,2,1,"221","Developing","At Risk","One-Time"
"14155","2011-03-18","1","118.75",289,1,1,1,"111","Lost","Churned","One-Time"
"13581","2011-02-03","1","118.00",332,1,1,1,"111","Lost","Churned","One-Time"
"13193","2011-10-09","1","117.88",84,3,1,1,"311","Potential","Active","One-Time"
"12929","2011-02-01","1","117.85",334,1,1,1,"111","Lost","Churned","One-Time"
"17654","2011-03-07","1","117.55",300,1,2,1,"121","Developing","Churned","One-Time"
"16959","2011-09-13","1","117.35",110,2,2,1,"221","Developing","At Risk","One-Time"
"13877","2011-09-14","1","117.24",109,2,1,1,"211","Developing","At Risk","One-Time"
"17117","2011-02-24","1","116.20",311,1,2,1,"121","Developing","Churned","One-Time"
"17601","2011-04-14","1","116.01",262,1,2,1,"121","Developing","Churned","One-Time"
"13170","2011-11-13","1","116.01",49,4,1,1,"411","Potential","Active","One-Time"
"14143","2011-07-29","1","115.80",156,2,1,1,"211","Developing","At Risk","One-Time"
"15350","2010-12-01","1","115.65",396,1,1,1,"111","Lost","Churned","One-Time"
"13067","2011-09-18","1","115.46",105,2,1,1,"211","Developing","At Risk","One-Time"
"18027","2011-09-02","1","115.31",121,2,2,1,"221","Developing","At Risk","One-Time"
"14972","2011-08-03","1","114.77",151,2,1,1,"211","Developing","At Risk","One-Time"
"13188","2011-11-28","1","114.60",34,5,1,1,"511","Potential","Active","One-Time"
"14632","2011-03-22","1","114.56",285,1,1,1,"111","Lost","Churned","One-Time"
"16247","2011-06-22","1","114.56",193,2,2,1,"221","Developing","Churned","One-Time"
"14974","2011-11-02","1","114.39",60,3,1,1,"311","Potential","Active","One-Time"
"17852","2011-11-28","2","114.34",34,5,3,1,"531","Developing","Active","Occasional"
"17219","2011-11-08","1","114.23",54,4,2,1,"421","Potential","Active","One-Time"
"14652","2011-09-23","1","114.18",100,2,1,1,"211","Developing","At Risk","One-Time"
"12938","2011-11-14","1","114.14",48,4,1,1,"411","Potential","Active","One-Time"
"14582","2011-10-30","1","114.11",63,3,1,1,"311","Potential","Active","One-Time"
"12651","2011-01-09","1","114.00",357,1,1,1,"111","Lost","Churned","One-Time"
"14457","2011-02-02","1","113.64",333,1,1,1,"111","Lost","Churned","One-Time"
"17217","2011-04-19","1","113.50",257,1,2,1,"121","Developing","Churned","One-Time"
"15445","2011-03-20","1","113.50",287,1,1,1,"111","Lost","Churned","One-Time"
"18105","2011-11-02","1","113.48",60,3,2,1,"321","Potential","Active","One-Time"
"16913","2011-02-22","1","113.44",313,1,2,1,"121","Developing","Churned","One-Time"
"15280","2011-06-20","1","113.12",195,2,1,1,"211","Developing","Churned","One-Time"
"14689","2011-05-15","1","112.80",231,1,1,1,"111","Lost","Churned","One-Time"
"16697","2011-04-12","1","112.75",264,1,2,1,"121","Developing","Churned","One-Time"
"13161","2011-01-30","1","112.75",336,1,1,1,"111","Lost","Churned","One-Time"
"13807","2010-12-07","1","112.60",390,1,1,1,"111","Lost","Churned","One-Time"
"18129","2011-04-10","1","112.55",266,1,2,1,"121","Developing","Churned","One-Time"
"15610","2011-10-19","1","112.46",74,3,1,1,"311","Potential","Active","One-Time"
"17038","2011-11-09","1","112.40",53,4,2,1,"421","Potential","Active","One-Time"
"14271","2011-04-28","1","112.32",248,1,1,1,"111","Lost","Churned","One-Time"
"17893","2011-04-28","1","112.25",248,1,2,1,"121","Developing","Churned","One-Time"
"17900","2011-06-02","2","112.20",213,1,3,1,"131","At Risk","Churned","Occasional"
"12756","2011-09-14","1","112.08",109,2,1,1,"211","Developing","At Risk","One-Time"
"17274","2011-11-04","1","111.98",58,3,2,1,"321","Potential","Active","One-Time"
"17957","2011-10-04","1","111.68",89,3,2,1,"321","Potential","Active","One-Time"
"17887","2011-08-02","1","111.35",152,2,2,1,"221","Developing","At Risk","One-Time"
"18120","2011-05-09","1","111.15",237,1,2,1,"121","Developing","Churned","One-Time"
"13508","2011-04-10","1","110.97",266,1,1,1,"111","Lost","Churned","One-Time"
"13144","2011-01-11","1","110.95",355,1,1,1,"111","Lost","Churned","One-Time"
"15537","2011-06-29","1","110.92",186,2,1,1,"211","Developing","Churned","One-Time"
"15853","2011-10-19","1","110.80",74,3,2,1,"321","Potential","Active","One-Time"
"17349","2011-06-13","1","110.75",202,1,2,1,"121","Developing","Churned","One-Time"
"16963","2011-06-05","1","110.55",210,1,2,1,"121","Developing","Churned","One-Time"
"14641","2011-11-18","1","110.46",44,4,1,1,"411","Potential","Active","One-Time"
"12734","2010-12-22","1","110.40",375,1,1,1,"111","Lost","Churned","One-Time"
"16792","2011-03-02","2","110.38",305,1,3,1,"131","At Risk","Churned","Occasional"
"17901","2011-11-10","1","110.38",52,4,2,1,"421","Potential","Active","One-Time"
"18277","2011-10-12","1","110.38",81,3,2,1,"321","Potential","Active","One-Time"
"17746","2011-04-13","1","110.25",263,1,2,1,"121","Developing","Churned","One-Time"
"17836","2011-10-23","1","110.21",70,3,2,1,"321","Potential","Active","One-Time"
"16339","2011-02-28","1","109.95",307,1,2,1,"121","Developing","Churned","One-Time"
"13133","2011-03-11","2","109.80",296,1,2,1,"121","Developing","Churned","Occasional"
"16363","2011-10-17","1","109.36",76,3,2,1,"321","Potential","Active","One-Time"
"14699","2011-05-09","1","109.13",237,1,1,1,"111","Lost","Churned","One-Time"
"14345","2011-11-01","1","108.98",61,3,1,1,"311","Potential","Active","One-Time"
"17639","2011-03-08","1","108.50",299,1,2,1,"121","Developing","Churned","One-Time"
"16106","2011-10-05","1","108.38",88,3,2,1,"321","Potential","Active","One-Time"
"13226","2011-03-11","1","108.21",296,1,1,1,"111","Lost","Churned","One-Time"
"12956","2011-02-06","1","108.07",329,1,1,1,"111","Lost","Churned","One-Time"
"14661","2011-11-13","1","107.95",49,4,1,1,"411","Potential","Active","One-Time"
"16784","2011-11-20","1","107.60",42,4,2,1,"421","Potential","Active","One-Time"
"15395","2011-01-18","1","107.45",348,1,1,1,"111","Lost","Churned","One-Time"
"16757","2011-01-25","1","106.83",341,1,2,1,"121","Developing","Churned","One-Time"
"15168","2011-11-14","1","106.56",48,4,1,1,"411","Potential","Active","One-Time"
"15070","2010-12-02","1","106.20",395,1,1,1,"111","Lost","Churned","One-Time"
"17791","2011-11-10","1","106.10",52,4,2,1,"421","Potential","Active","One-Time"
"16581","2011-06-10","1","105.84",205,1,2,1,"121","Developing","Churned","One-Time"
"15775","2011-04-08","1","104.90",268,1,2,1,"121","Developing","Churned","One-Time"
"14027","2011-10-10","1","104.82",83,3,1,1,"311","Potential","Active","One-Time"
"15607","2011-01-07","1","104.76",359,1,1,1,"111","Lost","Churned","One-Time"
"15958","2011-09-26","1","104.35",97,2,2,1,"221","Developing","At Risk","One-Time"
"18174","2011-12-02","1","104.00",30,5,2,1,"521","Potential","Active","One-Time"
"17548","2011-04-20","1","103.30",256,1,2,1,"121","Developing","Churned","One-Time"
"18255","2011-09-11","1","103.30",112,2,2,1,"221","Developing","At Risk","One-Time"
"14542","2011-06-07","1","103.25",208,1,1,1,"111","Lost","Churned","One-Time"
"17962","2011-07-20","1","102.83",165,2,2,1,"221","Developing","At Risk","One-Time"
"18011","2010-12-01","1","102.79",396,1,2,1,"121","Developing","Churned","One-Time"
"14836","2011-11-29","3","102.45",33,5,3,1,"531","Developing","Active","Occasional"
"14981","2011-04-07","1","102.12",269,1,1,1,"111","Lost","Churned","One-Time"
"13948","2010-12-14","1","102.00",383,1,1,1,"111","Lost","Churned","One-Time"
"15212","2011-04-12","1","101.80",264,1,1,1,"111","Lost","Churned","One-Time"
"18068","2011-02-23","1","101.70",312,1,2,1,"121","Developing","Churned","One-Time"
"16516","2011-11-09","1","101.70",53,4,2,1,"421","Potential","Active","One-Time"
"17643","2010-12-01","1","101.55",396,1,2,1,"121","Developing","Churned","One-Time"
"16006","2011-05-12","1","101.40",234,1,2,1,"121","Developing","Churned","One-Time"
"18086","2011-03-10","1","101.34",297,1,2,1,"121","Developing","Churned","One-Time"
"13101","2011-04-19","1","101.19",257,1,1,1,"111","Lost","Churned","One-Time"
"16344","2011-07-04","1","101.10",181,2,2,1,"221","Developing","Churned","One-Time"
"16498","2011-07-01","2","100.97",184,2,3,1,"231","At Risk","Churned","Occasional"
"14946","2011-11-25","1","100.90",37,4,1,1,"411","Potential","Active","One-Time"
"17427","2011-09-29","1","100.80",94,3,2,1,"321","Potential","At Risk","One-Time"
"14371","2011-02-17","1","100.50",318,1,1,1,"111","Lost","Churned","One-Time"
"13703","2011-01-25","1","99.50",341,1,1,1,"111","Lost","Churned","One-Time"
"17939","2011-07-03","1","99.14",182,2,2,1,"221","Developing","Churned","One-Time"
"15256","2011-07-14","1","98.45",171,2,1,1,"211","Developing","At Risk","One-Time"
"17538","2011-11-14","1","98.42",48,4,2,1,"421","Potential","Active","One-Time"
"17895","2011-10-26","1","98.00",67,3,2,1,"321","Potential","Active","One-Time"
"18033","2011-10-05","1","97.97",88,3,2,1,"321","Potential","Active","One-Time"
"15422","2011-01-20","2","97.70",346,1,3,1,"131","At Risk","Churned","Occasional"
"12984","2011-11-21","1","97.50",41,4,1,1,"411","Potential","Active","One-Time"
"17325","2011-03-04","1","96.80",303,1,2,1,"121","Developing","Churned","One-Time"
"15216","2011-09-13","1","96.60",110,2,1,1,"211","Developing","At Risk","One-Time"
"14642","2011-10-12","1","96.12",81,3,1,1,"311","Potential","Active","One-Time"
"17024","2011-10-25","3","95.85",68,3,4,1,"341","Developing","Active","Occasional"
"18249","2011-11-22","1","95.34",40,4,2,1,"421","Potential","Active","One-Time"
"12548","2011-06-26","1","95.20",189,2,1,1,"211","Developing","Churned","One-Time"
"16387","2011-01-21","1","94.36",345,1,2,1,"121","Developing","Churned","One-Time"
"13651","2011-11-04","2","94.20",58,3,2,1,"321","Potential","Active","Occasional"
"15397","2011-02-23","1","94.00",312,1,1,1,"111","Lost","Churned","One-Time"
"15428","2011-11-24","1","93.78",38,4,1,1,"411","Potential","Active","One-Time"
"18227","2011-05-06","1","93.75",240,1,2,1,"121","Developing","Churned","One-Time"
"13283","2011-10-11","2","93.66",82,3,2,1,"321","Potential","Active","Occasional"
"17991","2011-04-28","2","93.35",248,1,3,1,"131","At Risk","Churned","Occasional"
"12821","2011-05-09","1","92.72",237,1,1,1,"111","Lost","Churned","One-Time"
"14054","2011-10-05","1","92.46",88,3,1,1,"311","Potential","Active","One-Time"
"12789","2011-10-05","1","91.85",88,3,1,1,"311","Potential","Active","One-Time"
"13551","2011-01-24","1","91.80",342,1,1,1,"111","Lost","Churned","One-Time"
"13160","2011-11-17","1","91.80",45,4,1,1,"411","Potential","Active","One-Time"
"12659","2011-11-10","1","91.68",52,4,1,1,"411","Potential","Active","One-Time"
"15488","2011-09-08","1","91.32",115,2,1,1,"211","Developing","At Risk","One-Time"
"14353","2011-05-08","1","90.60",238,1,1,1,"111","Lost","Churned","One-Time"
"13947","2011-10-05","1","90.60",88,3,1,1,"311","Potential","Active","One-Time"
"18084","2011-11-23","1","90.48",39,4,2,1,"421","Potential","Active","One-Time"
"16506","2011-11-20","2","90.30",42,4,3,1,"431","Developing","Active","Occasional"
"15552","2011-05-06","1","90.12",240,1,1,1,"111","Lost","Churned","One-Time"
"16597","2011-12-05","1","90.04",27,5,2,1,"521","Potential","Active","One-Time"
"14117","2011-07-19","1","90.00",166,2,1,1,"211","Developing","At Risk","One-Time"
"14219","2011-12-05","1","89.94",27,5,1,1,"511","Potential","Active","One-Time"
"14760","2011-02-15","1","89.20",320,1,1,1,"111","Lost","Churned","One-Time"
"12686","2010-12-03","1","89.14",394,1,1,1,"111","Lost","Churned","One-Time"
"14436","2011-09-02","1","89.06",121,2,1,1,"211","Developing","At Risk","One-Time"
"12353","2011-05-19","1","89.00",227,1,1,1,"111","Lost","Churned","One-Time"
"15083","2011-03-28","1","88.20",279,1,1,1,"111","Lost","Churned","One-Time"
"15180","2010-12-07","1","87.50",390,1,1,1,"111","Lost","Churned","One-Time"
"13296","2011-07-25","1","87.40",160,2,1,1,"211","Developing","At Risk","One-Time"
"15541","2011-08-17","1","85.13",137,2,1,1,"211","Developing","At Risk","One-Time"
"15729","2011-05-11","1","85.00",235,1,1,1,"111","Lost","Churned","One-Time"
"13841","2011-04-01","1","85.00",275,1,1,1,"111","Lost","Churned","One-Time"
"13666","2011-10-10","3","84.65",83,3,3,1,"331","Developing","Active","Occasional"
"12401","2011-02-09","1","84.30",326,1,1,1,"111","Lost","Churned","One-Time"
"17309","2011-09-05","1","82.75",118,2,2,1,"221","Developing","At Risk","One-Time"
"13006","2011-10-14","1","81.57",79,3,1,1,"311","Potential","Active","One-Time"
"17620","2011-10-11","1","81.44",82,3,2,1,"321","Potential","Active","One-Time"
"18281","2011-06-12","1","80.82",203,1,2,1,"121","Developing","Churned","One-Time"
"16789","2011-12-01","1","80.80",31,5,2,1,"521","Potential","Active","One-Time"
"13967","2011-07-17","1","80.70",168,2,1,1,"211","Developing","At Risk","One-Time"
"17752","2010-12-15","1","80.64",382,1,2,1,"121","Developing","Churned","One-Time"
"13747","2010-12-01","1","79.60",396,1,1,1,"111","Lost","Churned","One-Time"
"15753","2011-02-08","1","79.20",327,1,1,1,"111","Lost","Churned","One-Time"
"16078","2011-03-01","1","79.20",306,1,2,1,"121","Developing","Churned","One-Time"
"17942","2011-12-02","1","77.50",30,5,2,1,"521","Potential","Active","One-Time"
"14785","2011-11-29","2","77.40",33,5,3,1,"531","Developing","Active","Occasional"
"13132","2011-03-23","1","77.30",284,1,1,1,"111","Lost","Churned","One-Time"
"13992","2011-11-09","1","76.80",53,4,1,1,"411","Potential","Active","One-Time"
"14373","2010-12-16","1","76.55",381,1,1,1,"111","Lost","Churned","One-Time"
"17536","2011-06-15","1","76.50",200,2,2,1,"221","Developing","Churned","One-Time"
"13106","2011-07-29","1","76.50",156,2,1,1,"211","Developing","At Risk","One-Time"
"16148","2011-02-16","1","76.32",319,1,2,1,"121","Developing","Churned","One-Time"
"15668","2011-05-06","1","76.32",240,1,1,1,"111","Lost","Churned","One-Time"
"18113","2010-12-06","1","76.32",391,1,2,1,"121","Developing","Churned","One-Time"
"14090","2011-01-19","1","76.32",347,1,1,1,"111","Lost","Churned","One-Time"
"17995","2011-03-03","1","76.10",304,1,2,1,"121","Developing","Churned","One-Time"
"17628","2011-09-19","1","75.75",104,2,2,1,"221","Developing","At Risk","One-Time"
"16610","2011-05-04","1","75.66",242,1,2,1,"121","Developing","Churned","One-Time"
"13403","2011-11-22","1","75.00",40,4,1,1,"411","Potential","Active","One-Time"
"16468","2011-09-26","1","74.90",97,2,2,1,"221","Developing","At Risk","One-Time"
"18050","2010-12-15","1","74.40",382,1,2,1,"121","Developing","Churned","One-Time"
"13095","2011-09-30","1","74.40",93,3,1,1,"311","Potential","At Risk","One-Time"
"17960","2011-06-21","1","73.78",194,2,2,1,"221","Developing","Churned","One-Time"
"12506","2011-04-21","1","73.50",255,1,1,1,"111","Lost","Churned","One-Time"
"18032","2011-01-09","1","73.50",357,1,2,1,"121","Developing","Churned","One-Time"
"16171","2011-10-11","1","73.20",82,3,2,1,"321","Potential","Active","One-Time"
"17906","2011-04-06","1","72.90",270,1,2,1,"121","Developing","Churned","One-Time"
"13686","2011-06-10","1","72.00",205,1,1,1,"111","Lost","Churned","One-Time"
"13938","2011-11-04","1","71.66",58,3,1,1,"311","Potential","Active","One-Time"
"17747","2011-08-19","1","71.40",135,2,2,1,"221","Developing","At Risk","One-Time"
"13185","2011-03-17","1","71.40",290,1,1,1,"111","Lost","Churned","One-Time"
"17022","2011-11-08","1","71.00",54,4,2,1,"421","Potential","Active","One-Time"
"18037","2011-07-08","6","70.02",177,2,5,1,"251","At Risk","At Risk","Loyal"
"15863","2011-11-14","2","68.84",48,4,3,1,"431","Developing","Active","Occasional"
"14393","2011-05-05","1","67.95",241,1,1,1,"111","Lost","Churned","One-Time"
"13684","2011-02-27","1","67.23",308,1,1,1,"111","Lost","Churned","One-Time"
"17382","2011-10-05","1","65.40",88,3,2,1,"321","Potential","Active","One-Time"
"13130","2011-09-06","1","64.00",117,2,1,1,"211","Developing","At Risk","One-Time"
"13302","2011-07-07","1","63.75",178,2,1,1,"211","Developing","At Risk","One-Time"
"17263","2011-05-15","1","63.44",231,1,2,1,"121","Developing","Churned","One-Time"
"12665","2011-01-19","1","63.00",347,1,1,1,"111","Lost","Churned","One-Time"
"14437","2010-12-09","1","63.00",388,1,1,1,"111","Lost","Churned","One-Time"
"14840","2011-03-17","1","62.85",290,1,1,1,"111","Lost","Churned","One-Time"
"13218","2011-08-04","1","62.64",150,2,1,1,"211","Developing","At Risk","One-Time"
"15516","2011-10-26","3","62.43",67,3,3,1,"331","Developing","Active","Occasional"
"13194","2011-07-27","1","60.70",158,2,1,1,"211","Developing","At Risk","One-Time"
"17174","2011-05-06","1","59.90",240,1,2,1,"121","Developing","Churned","One-Time"
"13391","2011-05-20","1","59.80",226,1,1,1,"111","Lost","Churned","One-Time"
"13682","2011-06-05","1","59.50",210,1,1,1,"111","Lost","Churned","One-Time"
"14957","2011-03-31","1","58.49",276,1,1,1,"111","Lost","Churned","One-Time"
"13080","2011-06-13","1","58.08",202,1,1,1,"111","Lost","Churned","One-Time"
"17775","2011-03-30","1","56.40",277,1,2,1,"121","Developing","Churned","One-Time"
"15899","2010-12-06","1","56.25",391,1,2,1,"121","Developing","Churned","One-Time"
"13366","2011-10-20","1","56.16",73,3,1,1,"311","Potential","Active","One-Time"
"16349","2011-02-22","1","53.50",313,1,2,1,"121","Developing","Churned","One-Time"
"15504","2011-09-19","1","52.83",104,2,1,1,"211","Developing","At Risk","One-Time"
"13832","2011-11-20","1","52.20",42,4,1,1,"411","Potential","Active","One-Time"
"14865","2011-12-02","2","52.20",30,5,3,1,"531","Developing","Active","Occasional"
"15313","2011-08-21","1","52.00",133,2,1,1,"211","Developing","At Risk","One-Time"
"14682","2011-06-05","2","52.00",210,1,3,1,"131","At Risk","Churned","Occasional"
"17844","2011-08-25","1","51.56",129,2,2,1,"221","Developing","At Risk","One-Time"
"14351","2011-06-28","1","51.00",187,2,1,1,"211","Developing","Churned","One-Time"
"13011","2010-12-02","1","50.55",395,1,1,1,"111","Lost","Churned","One-Time"
"18184","2011-11-24","1","49.80",38,4,2,1,"421","Potential","Active","One-Time"
"14821","2010-12-08","1","48.80",389,1,1,1,"111","Lost","Churned","One-Time"
"15603","2011-09-22","1","48.48",101,2,1,1,"211","Developing","At Risk","One-Time"
"16257","2011-06-16","1","46.95",199,2,2,1,"221","Developing","Churned","One-Time"
"14080","2011-11-07","1","45.60",55,3,1,1,"311","Potential","Active","One-Time"
"15423","2011-11-01","1","43.50",61,3,1,1,"311","Potential","Active","One-Time"
"14300","2011-11-21","1","43.20",41,4,1,1,"411","Potential","Active","One-Time"
"15992","2011-12-06","1","41.99",26,5,2,1,"521","Potential","Active","One-Time"
"15178","2011-03-24","1","40.50",283,1,1,1,"111","Lost","Churned","One-Time"
"14589","2010-12-03","1","39.75",394,1,1,1,"111","Lost","Churned","One-Time"
"12977","2011-07-06","1","39.24",179,2,1,1,"211","Developing","At Risk","One-Time"
"16659","2011-06-03","1","39.12",212,1,2,1,"121","Developing","Churned","One-Time"
"18019","2011-10-19","1","38.45",74,3,2,1,"321","Potential","Active","One-Time"
"12855","2010-12-02","1","38.10",395,1,1,1,"111","Lost","Churned","One-Time"
"16162","2011-04-01","1","37.40",275,1,2,1,"121","Developing","Churned","One-Time"
"17816","2011-11-03","4","36.56",59,3,4,1,"341","Developing","Active","Occasional"
"15940","2011-02-01","1","35.80",334,1,2,1,"121","Developing","Churned","One-Time"
"17831","2011-11-06","1","35.40",56,3,2,1,"321","Potential","Active","One-Time"
"14576","2010-12-02","1","35.40",395,1,1,1,"111","Lost","Churned","One-Time"
"16856","2011-11-25","1","35.40",37,4,2,1,"421","Potential","Active","One-Time"
"15744","2011-09-23","1","34.80",100,2,1,1,"211","Developing","At Risk","One-Time"
"16765","2011-02-18","1","34.00",317,1,2,1,"121","Developing","Churned","One-Time"
"17408","2011-06-29","1","32.65",186,2,2,1,"221","Developing","Churned","One-Time"
"13120","2011-04-15","1","30.60",261,1,1,1,"111","Lost","Churned","One-Time"
"15657","2011-11-17","1","30.00",45,4,1,1,"411","Potential","Active","One-Time"
"17102","2011-03-23","1","25.50",284,1,2,1,"121","Developing","Churned","One-Time"
"18268","2011-07-28","1","25.50",157,2,2,1,"221","Developing","At Risk","One-Time"
"16953","2011-11-09","1","20.80",53,4,2,1,"421","Potential","Active","One-Time"
"17986","2011-10-14","1","20.80",79,3,2,1,"321","Potential","Active","One-Time"
"16093","2011-08-25","1","17.00",129,2,2,1,"221","Developing","At Risk","One-Time"
"13307","2011-08-11","1","15.00",143,2,1,1,"211","Developing","At Risk","One-Time"
"17763","2011-03-21","1","15.00",286,1,2,1,"121","Developing","Churned","One-Time"
"15823","2010-12-02","1","15.00",395,1,2,1,"121","Developing","Churned","One-Time"
"16878","2011-09-16","1","13.30",107,2,2,1,"221","Developing","At Risk","One-Time"
"17956","2011-04-04","1","12.75",272,1,2,1,"121","Developing","Churned","One-Time"
"16454","2011-10-26","2","6.90",67,3,3,1,"331","Developing","Active","Occasional"
"14792","2011-10-07","1","6.20",86,3,1,1,"311","Potential","Active","One-Time"
"16738","2011-02-15","1","3.75",320,1,2,1,"121","Developing","Churned","One-Time"
